열차종별,열차번호,상하,순서,역명,도착시각,출발시각,정차사유,운행선,운행요일
화물,3001,하행,1,오봉,04:26:00,04:26:00,시발,남부화물기,일화수목금토
화물,3001,하행,2,의왕,04:35:00,04:35:00,통과,남부화물기,일화수목금토
화물,3001,하행,3,수원,04:44:30,04:44:30,통과,경부선,일화수목금토
화물,3001,하행,4,병점,04:49:30,04:49:30,통과,경부선,일화수목금토
화물,3001,하행,5,오산,04:55:30,04:55:30,통과,경부선,일화수목금토
화물,3001,하행,6,송탄,05:00:30,05:00:30,통과,경부선,일화수목금토
화물,3001,하행,7,서정리,05:02:00,05:02:00,통과,경부선,일화수목금토
화물,3001,하행,8,평택,05:07:00,05:07:00,통과,경부선,일화수목금토
화물,3001,하행,9,성환,05:12:30,05:12:30,통과,경부선,일화수목금토
화물,3001,하행,10,직산,05:15:30,05:15:30,통과,경부선,일화수목금토
화물,3001,하행,11,두정,05:18:00,05:18:00,통과,경부선,일화수목금토
화물,3001,하행,12,천안,05:20:00,05:20:00,통과,경부선,일화수목금토
화물,3001,하행,13,소정리,05:27:30,05:27:30,통과,경부선,일화수목금토
화물,3001,하행,14,전의,05:32:30,05:32:30,통과,경부선,일화수목금토
화물,3001,하행,15,전동,05:37:30,05:37:30,통과,경부선,일화수목금토
화물,3001,하행,16,서창,05:40:00,05:40:00,통과,경부선,일화수목금토
화물,3001,하행,17,조치원,05:42:00,05:42:00,통과,경부선,일화수목금토
화물,3001,하행,18,내판,05:46:00,05:46:00,통과,경부선,일화수목금토
화물,3001,하행,19,부강,05:49:30,05:49:30,통과,경부선,일화수목금토
화물,3001,하행,20,매포,05:52:30,05:52:30,통과,경부선,일화수목금토
화물,3001,하행,21,신탄진,05:57:30,05:57:30,통과,경부선,일화수목금토
화물,3001,하행,22,회덕,06:01:30,06:01:30,통과,경부선,일화수목금토
화물,3001,하행,23,대전조,06:04:30,06:04:30,통과,경부선,일화수목금토
화물,3001,하행,24,대전,06:10:00,06:13:00,승무원교대,경부선,일화수목금토
화물,3001,하행,25,세천,06:24:00,06:24:00,통과,경부선,일화수목금토
화물,3001,하행,26,옥천,06:30:00,06:30:00,통과,경부선,일화수목금토
화물,3001,하행,27,이원,06:35:30,06:35:30,통과,경부선,일화수목금토
화물,3001,하행,28,지탄,06:39:30,06:39:30,통과,경부선,일화수목금토
화물,3001,하행,29,심천,06:42:30,06:42:30,통과,경부선,일화수목금토
화물,3001,하행,30,각계,06:45:00,06:45:00,통과,경부선,일화수목금토
화물,3001,하행,31,영동,06:50:00,06:50:00,통과,경부선,일화수목금토
화물,3001,하행,32,황간,07:02:00,07:02:00,통과,경부선,일화수목금토
화물,3001,하행,33,추풍령,07:08:30,07:08:30,통과,경부선,일화수목금토
화물,3001,하행,34,신암,07:13:00,07:13:00,통과,경부선,일화수목금토
화물,3001,하행,35,직지사,07:17:30,07:17:30,통과,경부선,일화수목금토
화물,3001,하행,36,김천,07:23:00,07:23:00,통과,경부선,일화수목금토
화물,3001,하행,37,대신,07:30:00,07:30:00,통과,경부선,일화수목금토
화물,3001,하행,38,아포,07:34:30,07:34:30,통과,경부선,일화수목금토
화물,3001,하행,39,구미,07:40:00,07:40:00,통과,경부선,일화수목금토
화물,3001,하행,40,사곡,07:43:30,07:43:30,통과,경부선,일화수목금토
화물,3001,하행,41,약목,07:49:30,07:49:30,통과,경부선,일화수목금토
화물,3001,하행,42,왜관,07:55:00,07:55:00,통과,경부선,일화수목금토
화물,3001,하행,43,연화,08:00:00,08:00:00,통과,경부선,일화수목금토
화물,3001,하행,44,신동,08:03:30,08:03:30,통과,경부선,일화수목금토
화물,3001,하행,45,지천,08:09:30,08:09:30,통과,경부선,일화수목금토
화물,3001,하행,46,서대구,08:14:00,08:14:00,통과,경부선,일화수목금토
화물,3001,하행,47,대구,08:18:00,08:18:00,통과,경부선,일화수목금토
화물,3001,하행,48,동대구,08:22:30,08:25:30,승무원교대,경부선,일화수목금토
화물,3001,하행,49,고모,08:31:30,08:31:30,통과,경부선,일화수목금토
화물,3001,하행,50,가천,08:33:00,08:33:00,통과,경부선,일화수목금토
화물,3001,하행,51,경산,08:36:30,08:36:30,통과,경부선,일화수목금토
화물,3001,하행,52,삼성,08:44:30,08:49:30,대피,경부선,일화수목금토
화물,3001,하행,53,남성현,08:58:30,08:58:30,통과,경부선,일화수목금토
화물,3001,하행,54,청도,09:05:30,09:05:30,통과,경부선,일화수목금토
화물,3001,하행,55,신거,09:09:00,09:09:00,통과,경부선,일화수목금토
화물,3001,하행,56,상동,09:12:30,09:12:30,통과,경부선,일화수목금토
화물,3001,하행,57,밀양,09:19:00,09:19:00,통과,경부선,일화수목금토
화물,3001,하행,58,미전,09:27:00,09:27:00,통과,경부선,일화수목금토
화물,3001,하행,59,낙동강,09:29:30,09:29:30,통과,미전선,일화수목금토
화물,3001,하행,60,한림정,09:36:30,09:36:30,통과,경전선,일화수목금토
화물,3001,하행,61,진영,09:40:30,09:40:30,통과,경전선,일화수목금토
화물,3001,하행,62,진례,09:43:30,09:43:30,통과,경전선,일화수목금토
화물,3001,하행,63,장유,09:51:30,09:51:30,통과,부산신항선,일화수목금토
화물,3001,하행,64,부산항,10:03:00,10:03:00,종착,부산신항선,일화수목금토
근거리,J3001,상행,1,북철송,10:57:00,10:57:00,시발,신항북선,일화수목금토
근거리,J3001,상행,2,부산항,11:07:00,11:07:00,종착,신항북선,일화수목금토
근거리,R3001,하행,1,부산항,10:37:00,10:37:00,시발,신항북선,일화수목금토
근거리,R3001,하행,2,북철송,10:47:00,10:47:00,종착,신항북선,일화수목금토
화물,3002,상행,1,부산항,05:11:00,05:11:00,시발,부산신항선,일화수목금토
화물,3002,상행,2,장유,05:23:00,05:23:00,통과,부산신항선,일화수목금토
화물,3002,상행,3,진례,05:30:00,05:30:00,통과,부산신항선,일화수목금토
화물,3002,상행,4,진영,05:33:00,05:33:00,통과,경전선,일화수목금토
화물,3002,상행,5,한림정,05:36:30,05:36:30,통과,경전선,일화수목금토
화물,3002,상행,6,낙동강,05:42:30,05:42:30,통과,경전선,일화수목금토
화물,3002,상행,7,미전,05:44:30,05:44:30,통과,미전선,일화수목금토
화물,3002,상행,8,밀양,05:51:30,05:51:30,통과,경부선,일화수목금토
화물,3002,상행,9,상동,05:58:30,05:58:30,통과,경부선,일화수목금토
화물,3002,상행,10,신거,06:02:00,06:02:00,통과,경부선,일화수목금토
화물,3002,상행,11,청도,06:06:00,06:06:00,통과,경부선,일화수목금토
화물,3002,상행,12,남성현,06:12:30,06:12:30,통과,경부선,일화수목금토
화물,3002,상행,13,삼성,06:18:00,06:18:00,통과,경부선,일화수목금토
화물,3002,상행,14,경산,06:23:00,06:23:00,통과,경부선,일화수목금토
화물,3002,상행,15,가천,06:27:00,06:27:00,통과,경부선,일화수목금토
화물,3002,상행,16,고모,06:28:30,06:28:30,통과,경부선,일화수목금토
화물,3002,상행,17,동대구,06:33:30,06:52:30,승무원교대,경부선,일화수목금토
화물,3002,상행,18,대구,06:58:00,06:58:00,통과,경부선,일화수목금토
화물,3002,상행,19,서대구,07:02:00,07:02:00,통과,경부선,일화수목금토
화물,3002,상행,20,지천,07:06:30,07:06:30,통과,경부선,일화수목금토
화물,3002,상행,21,신동,07:12:00,07:12:00,통과,경부선,일화수목금토
화물,3002,상행,22,연화,07:15:30,07:15:30,통과,경부선,일화수목금토
화물,3002,상행,23,왜관,07:20:30,07:20:30,통과,경부선,일화수목금토
화물,3002,상행,24,약목,07:26:30,07:26:30,통과,경부선,일화수목금토
화물,3002,상행,25,사곡,07:33:30,07:33:30,통과,경부선,일화수목금토
화물,3002,상행,26,구미,07:37:00,07:37:00,통과,경부선,일화수목금토
화물,3002,상행,27,아포,07:43:00,07:43:00,통과,경부선,일화수목금토
화물,3002,상행,28,대신,07:47:30,07:47:30,통과,경부선,일화수목금토
화물,3002,상행,29,김천,07:56:00,07:56:00,통과,경부선,일화수목금토
화물,3002,상행,30,직지사,08:02:00,08:02:00,통과,경부선,일화수목금토
화물,3002,상행,31,신암,08:06:00,08:06:00,통과,경부선,일화수목금토
화물,3002,상행,32,추풍령,08:10:30,08:10:30,통과,경부선,일화수목금토
화물,3002,상행,33,황간,08:16:30,08:16:30,통과,경부선,일화수목금토
화물,3002,상행,34,영동,08:27:00,08:27:00,통과,경부선,일화수목금토
화물,3002,상행,35,각계,08:32:00,08:32:00,통과,경부선,일화수목금토
화물,3002,상행,36,심천,08:35:00,08:35:00,통과,경부선,일화수목금토
화물,3002,상행,37,지탄,08:38:30,08:38:30,통과,경부선,일화수목금토
화물,3002,상행,38,이원,08:42:30,08:42:30,통과,경부선,일화수목금토
화물,3002,상행,39,옥천,08:48:30,08:48:30,통과,경부선,일화수목금토
화물,3002,상행,40,세천,08:55:00,08:55:00,통과,경부선,일화수목금토
화물,3002,상행,41,대전,09:01:30,09:04:30,승무원교대,경부선,일화수목금토
화물,3002,상행,42,대전조,09:09:30,09:09:30,통과,경부선,일화수목금토
화물,3002,상행,43,회덕,09:12:30,09:12:30,통과,경부선,일화수목금토
화물,3002,상행,44,신탄진,09:16:30,09:16:30,통과,경부선,일화수목금토
화물,3002,상행,45,매포,09:22:30,09:22:30,통과,경부선,일화수목금토
화물,3002,상행,46,부강,09:26:30,09:26:30,통과,경부선,일화수목금토
화물,3002,상행,47,내판,09:30:00,09:30:00,통과,경부선,일화수목금토
화물,3002,상행,48,조치원,09:34:00,09:34:00,통과,경부선,일화수목금토
화물,3002,상행,49,서창,09:38:30,09:49:30,대피,경부선,일화수목금토
화물,3002,상행,50,전동,09:54:00,09:54:00,통과,경부선,일화수목금토
화물,3002,상행,51,전의,09:59:30,09:59:30,통과,경부선,일화수목금토
화물,3002,상행,52,소정리,10:05:00,10:05:00,통과,경부선,일화수목금토
화물,3002,상행,53,천안,10:13:00,10:13:00,통과,경부선,일화수목금토
화물,3002,상행,54,두정,10:15:30,10:15:30,통과,경부선,일화수목금토
화물,3002,상행,55,직산,10:18:30,10:18:30,통과,경부선,일화수목금토
화물,3002,상행,56,성환,10:22:30,10:22:30,통과,경부선,일화수목금토
화물,3002,상행,57,평택,10:29:30,10:29:30,통과,경부선,일화수목금토
화물,3002,상행,58,서정리,10:35:30,10:35:30,통과,경부선,일화수목금토
화물,3002,상행,59,송탄,10:37:30,10:37:30,통과,경부선,일화수목금토
화물,3002,상행,60,오산,10:43:00,10:43:00,통과,경부선,일화수목금토
화물,3002,상행,61,병점,10:48:30,10:48:30,통과,경부선,일화수목금토
화물,3002,상행,62,수원,10:53:30,10:53:30,통과,경부선,일화수목금토
화물,3002,상행,63,의왕,11:02:00,11:02:00,통과,경부선,일화수목금토
화물,3002,상행,64,오봉,11:11:00,11:11:00,종착,남부화물기,일화수목금토
화물,3003,하행,1,오봉,15:57:00,15:57:00,시발,남부화물기,화목토
화물,3003,하행,2,의왕,16:06:00,16:06:00,통과,남부화물기,화목토
화물,3003,하행,3,수원,16:15:30,16:15:30,통과,경부선,화목토
화물,3003,하행,4,병점,16:20:30,16:20:30,통과,경부선,화목토
화물,3003,하행,5,오산,16:26:00,16:26:00,통과,경부선,화목토
화물,3003,하행,6,송탄,16:31:30,16:31:30,통과,경부선,화목토
화물,3003,하행,7,서정리,16:33:00,16:33:00,통과,경부선,화목토
화물,3003,하행,8,평택,16:39:00,16:39:00,통과,경부선,화목토
화물,3003,하행,9,성환,16:45:30,16:45:30,통과,경부선,화목토
화물,3003,하행,10,직산,16:49:30,16:49:30,통과,경부선,화목토
화물,3003,하행,11,두정,16:54:00,16:58:00,대피,경부선,화목토
화물,3003,하행,12,천안,17:02:30,17:02:30,통과,경부선,화목토
화물,3003,하행,13,소정리,17:12:30,17:16:30,대피,경부선,화목토
화물,3003,하행,14,전의,17:24:30,17:24:30,통과,경부선,화목토
화물,3003,하행,15,전동,17:30:30,17:30:30,통과,경부선,화목토
화물,3003,하행,16,서창,17:33:30,17:33:30,통과,경부선,화목토
화물,3003,하행,17,조치원,17:36:00,17:36:00,통과,경부선,화목토
화물,3003,하행,18,내판,17:40:30,17:40:30,통과,경부선,화목토
화물,3003,하행,19,부강,17:44:30,17:44:30,통과,경부선,화목토
화물,3003,하행,20,매포,17:48:00,17:48:00,통과,경부선,화목토
화물,3003,하행,21,신탄진,17:54:00,17:54:00,통과,경부선,화목토
화물,3003,하행,22,회덕,17:59:00,17:59:00,통과,경부선,화목토
화물,3003,하행,23,대전조,18:02:30,18:02:30,통과,경부선,화목토
화물,3003,하행,24,대전,18:08:00,18:18:00,승무원교대,경부선,화목토
화물,3003,하행,25,세천,18:29:00,18:29:00,통과,경부선,화목토
화물,3003,하행,26,옥천,18:38:00,18:43:00,대피,경부선,화목토
화물,3003,하행,27,이원,18:53:00,18:53:00,통과,경부선,화목토
화물,3003,하행,28,지탄,18:58:00,18:58:00,통과,경부선,화목토
화물,3003,하행,29,심천,19:02:00,19:02:00,통과,경부선,화목토
화물,3003,하행,30,각계,19:05:00,19:05:00,통과,경부선,화목토
화물,3003,하행,31,영동,19:11:00,19:11:00,통과,경부선,화목토
화물,3003,하행,32,황간,19:24:00,19:24:00,통과,경부선,화목토
화물,3003,하행,33,추풍령,19:33:00,19:39:00,대피,경부선,화목토
화물,3003,하행,34,신암,19:45:30,19:45:30,통과,경부선,화목토
화물,3003,하행,35,직지사,19:50:00,19:50:00,통과,경부선,화목토
화물,3003,하행,36,김천,19:56:00,19:56:00,통과,경부선,화목토
화물,3003,하행,37,대신,20:04:00,20:04:00,통과,경부선,화목토
화물,3003,하행,38,아포,20:09:00,20:09:00,통과,경부선,화목토
화물,3003,하행,39,구미,20:15:00,20:15:00,통과,경부선,화목토
화물,3003,하행,40,사곡,20:19:00,20:19:00,통과,경부선,화목토
화물,3003,하행,41,약목,20:26:00,20:26:00,통과,경부선,화목토
화물,3003,하행,42,왜관,20:31:00,20:31:00,통과,경부선,화목토
화물,3003,하행,43,연화,20:36:00,20:36:00,통과,경부선,화목토
화물,3003,하행,44,신동,20:39:00,20:39:00,통과,경부선,화목토
화물,3003,하행,45,지천,20:45:00,20:45:00,통과,경부선,화목토
화물,3003,하행,46,서대구,20:49:30,20:49:30,통과,경부선,화목토
화물,3003,하행,47,대구,20:53:00,20:53:00,통과,경부선,화목토
화물,3003,하행,48,동대구,20:57:30,21:00:30,승무원교대,경부선,화목토
화물,3003,하행,49,고모,21:06:30,21:06:30,통과,경부선,화목토
화물,3003,하행,50,가천,21:08:00,21:08:00,통과,경부선,화목토
화물,3003,하행,51,경산,21:12:00,21:12:00,통과,경부선,화목토
화물,3003,하행,52,삼성,21:18:00,21:18:00,통과,경부선,화목토
화물,3003,하행,53,남성현,21:27:00,21:32:00,대피,경부선,화목토
화물,3003,하행,54,청도,21:42:00,21:42:00,통과,경부선,화목토
화물,3003,하행,55,신거,21:47:00,21:47:00,통과,경부선,화목토
화물,3003,하행,56,상동,21:51:00,21:51:00,통과,경부선,화목토
화물,3003,하행,57,밀양,21:59:00,21:59:00,통과,경부선,화목토
화물,3003,하행,58,미전,22:08:00,22:08:00,통과,경부선,화목토
화물,3003,하행,59,낙동강,22:10:30,22:10:30,통과,미전선,화목토
화물,3003,하행,60,한림정,22:17:30,22:17:30,통과,경전선,화목토
화물,3003,하행,61,진영,22:21:30,22:21:30,통과,경전선,화목토
화물,3003,하행,62,진례,22:24:30,22:24:30,통과,경전선,화목토
화물,3003,하행,63,장유,22:32:30,22:32:30,통과,부산신항선,화목토
화물,3003,하행,64,부산항,22:44:00,22:44:00,종착,부산신항선,화목토
근거리,R3003,하행,1,부산항,22:45:00,22:45:00,시발,신항북선,화목토
근거리,R3003,하행,2,북철송,22:55:00,22:55:00,종착,신항북선,화목토
화물,3004,상행,1,부산항,04:37:00,04:37:00,시발,부산신항선,월수금
화물,3004,상행,2,장유,04:49:00,04:49:00,통과,부산신항선,월수금
화물,3004,상행,3,진례,04:59:00,04:59:00,통과,부산신항선,월수금
화물,3004,상행,4,진영,05:02:00,05:02:00,통과,경전선,월수금
화물,3004,상행,5,한림정,05:06:00,05:06:00,통과,경전선,월수금
화물,3004,상행,6,낙동강,05:13:00,05:13:00,통과,경전선,월수금
화물,3004,상행,7,미전,05:14:30,05:14:30,통과,미전선,월수금
화물,3004,상행,8,밀양,05:23:30,05:23:30,통과,경부선,월수금
화물,3004,상행,9,상동,05:31:30,05:31:30,통과,경부선,월수금
화물,3004,상행,10,신거,05:35:30,05:35:30,통과,경부선,월수금
화물,3004,상행,11,청도,05:40:30,05:40:30,통과,경부선,월수금
화물,3004,상행,12,남성현,05:48:30,05:48:30,통과,경부선,월수금
화물,3004,상행,13,삼성,05:57:30,06:03:30,대피,경부선,월수금
화물,3004,상행,14,경산,06:11:30,06:11:30,통과,경부선,월수금
화물,3004,상행,15,가천,06:16:30,06:16:30,통과,경부선,월수금
화물,3004,상행,16,고모,06:18:00,06:18:00,통과,경부선,월수금
화물,3004,상행,17,동대구,06:24:00,06:26:00,승무원교대,경부선,월수금
화물,3004,상행,18,대구,06:31:00,06:31:00,통과,경부선,월수금
화물,3004,상행,19,서대구,06:34:30,06:34:30,통과,경부선,월수금
화물,3004,상행,20,지천,06:38:30,06:38:30,통과,경부선,월수금
화물,3004,상행,21,신동,06:45:00,06:45:00,통과,경부선,월수금
화물,3004,상행,22,연화,06:48:30,06:48:30,통과,경부선,월수금
화물,3004,상행,23,왜관,06:53:30,06:53:30,통과,경부선,월수금
화물,3004,상행,24,약목,06:58:30,06:58:30,통과,경부선,월수금
화물,3004,상행,25,사곡,07:05:30,07:05:30,통과,경부선,월수금
화물,3004,상행,26,구미,07:09:30,07:09:30,통과,경부선,월수금
화물,3004,상행,27,아포,07:15:30,07:15:30,통과,경부선,월수금
화물,3004,상행,28,대신,07:20:30,07:20:30,통과,경부선,월수금
화물,3004,상행,29,김천,07:28:30,07:28:30,통과,경부선,월수금
화물,3004,상행,30,직지사,07:35:30,07:35:30,통과,경부선,월수금
화물,3004,상행,31,신암,07:42:30,07:42:30,통과,경부선,월수금
화물,3004,상행,32,추풍령,07:49:30,07:49:30,통과,경부선,월수금
화물,3004,상행,33,황간,07:56:30,07:56:30,통과,경부선,월수금
화물,3004,상행,34,영동,08:06:30,08:06:30,통과,경부선,월수금
화물,3004,상행,35,각계,08:12:30,08:12:30,통과,경부선,월수금
화물,3004,상행,36,심천,08:15:30,08:15:30,통과,경부선,월수금
화물,3004,상행,37,지탄,08:19:30,08:19:30,통과,경부선,월수금
화물,3004,상행,38,이원,08:24:30,08:24:30,통과,경부선,월수금
화물,3004,상행,39,옥천,08:31:30,08:31:30,통과,경부선,월수금
화물,3004,상행,40,세천,08:41:30,08:45:30,대피,경부선,월수금
화물,3004,상행,41,대전,08:53:30,08:57:30,승무원교대,경부선,월수금
화물,3004,상행,42,대전조,09:03:00,09:03:00,통과,경부선,월수금
화물,3004,상행,43,회덕,09:06:30,09:06:30,통과,경부선,월수금
화물,3004,상행,44,신탄진,09:11:30,09:11:30,통과,경부선,월수금
화물,3004,상행,45,매포,09:17:30,09:17:30,통과,경부선,월수금
화물,3004,상행,46,부강,09:21:00,09:21:00,통과,경부선,월수금
화물,3004,상행,47,내판,09:25:00,09:25:00,통과,경부선,월수금
화물,3004,상행,48,조치원,09:29:30,09:29:30,통과,경부선,월수금
화물,3004,상행,49,서창,09:32:00,09:32:00,통과,경부선,월수금
화물,3004,상행,50,전동,09:35:00,09:35:00,통과,경부선,월수금
화물,3004,상행,51,전의,09:41:00,09:41:00,통과,경부선,월수금
화물,3004,상행,52,소정리,09:49:00,10:06:00,대피,경부선,월수금
화물,3004,상행,53,천안,10:17:00,10:17:00,통과,경부선,월수금
화물,3004,상행,54,두정,10:20:00,10:20:00,통과,경부선,월수금
화물,3004,상행,55,직산,10:23:00,10:23:00,통과,경부선,월수금
화물,3004,상행,56,성환,10:27:30,10:27:30,통과,경부선,월수금
화물,3004,상행,57,평택,10:34:30,10:34:30,통과,경부선,월수금
화물,3004,상행,58,서정리,10:43:00,10:47:00,대피,경부선,월수금
화물,3004,상행,59,송탄,10:51:00,10:51:00,통과,경부선,월수금
화물,3004,상행,60,오산,10:59:00,11:03:00,대피,경부선,월수금
화물,3004,상행,61,병점,11:11:00,11:11:00,통과,경부선,월수금
화물,3004,상행,62,수원,11:16:30,11:16:30,통과,경부선,월수금
화물,3004,상행,63,의왕,11:26:00,11:26:00,통과,경부선,월수금
화물,3004,상행,64,오봉,11:34:00,11:34:00,종착,남부화물기,월수금
근거리,Y3004,상행,1,북철송,04:21:00,04:21:00,시발,신항북선,월수금
근거리,Y3004,상행,2,부산항,04:31:00,04:31:00,종착,신항북선,월수금
화물,3005,하행,1,오봉,17:53:00,17:53:00,시발,남부화물기,매일
화물,3005,하행,2,의왕,18:02:00,18:02:00,통과,남부화물기,매일
화물,3005,하행,3,수원,18:11:00,18:11:00,통과,경부선,매일
화물,3005,하행,4,병점,18:16:00,18:16:00,통과,경부선,매일
화물,3005,하행,5,오산,18:21:30,18:21:30,통과,경부선,매일
화물,3005,하행,6,송탄,18:27:00,18:27:00,통과,경부선,매일
화물,3005,하행,7,서정리,18:29:00,18:29:00,통과,경부선,매일
화물,3005,하행,8,평택,18:35:00,18:35:00,통과,경부선,매일
화물,3005,하행,9,성환,18:42:00,18:42:00,통과,경부선,매일
화물,3005,하행,10,직산,18:46:00,18:46:00,통과,경부선,매일
화물,3005,하행,11,두정,18:49:00,18:49:00,통과,경부선,매일
화물,3005,하행,12,천안,18:51:30,18:51:30,통과,경부선,매일
화물,3005,하행,13,소정리,18:59:30,18:59:30,통과,경부선,매일
화물,3005,하행,14,전의,19:05:00,19:05:00,통과,경부선,매일
화물,3005,하행,15,전동,19:10:30,19:10:30,통과,경부선,매일
화물,3005,하행,16,서창,19:13:00,19:13:00,통과,경부선,매일
화물,3005,하행,17,조치원,19:15:30,19:15:30,통과,경부선,매일
화물,3005,하행,18,내판,19:19:30,19:19:30,통과,경부선,매일
화물,3005,하행,19,부강,19:23:00,19:23:00,통과,경부선,매일
화물,3005,하행,20,매포,19:27:00,19:27:00,통과,경부선,매일
화물,3005,하행,21,신탄진,19:33:00,19:33:00,통과,경부선,매일
화물,3005,하행,22,회덕,19:37:00,19:37:00,통과,경부선,매일
화물,3005,하행,23,대전조,19:40:00,19:40:00,통과,경부선,매일
화물,3005,하행,24,대전,19:45:00,19:51:00,승무원교대,경부선,매일
화물,3005,하행,25,세천,19:59:00,19:59:00,통과,경부선,매일
화물,3005,하행,26,옥천,20:05:30,20:05:30,통과,경부선,매일
화물,3005,하행,27,이원,20:11:30,20:11:30,통과,경부선,매일
화물,3005,하행,28,지탄,20:15:30,20:15:30,통과,경부선,매일
화물,3005,하행,29,심천,20:19:00,20:19:00,통과,경부선,매일
화물,3005,하행,30,각계,20:22:00,20:22:00,통과,경부선,매일
화물,3005,하행,31,영동,20:27:00,20:27:00,통과,경부선,매일
화물,3005,하행,32,황간,20:37:30,20:37:30,통과,경부선,매일
화물,3005,하행,33,추풍령,20:43:30,20:43:30,통과,경부선,매일
화물,3005,하행,34,신암,20:48:00,20:48:00,통과,경부선,매일
화물,3005,하행,35,직지사,20:52:00,20:52:00,통과,경부선,매일
화물,3005,하행,36,김천,20:57:30,20:57:30,통과,경부선,매일
화물,3005,하행,37,대신,21:04:30,21:04:30,통과,경부선,매일
화물,3005,하행,38,아포,21:08:30,21:08:30,통과,경부선,매일
화물,3005,하행,39,구미,21:14:00,21:14:00,통과,경부선,매일
화물,3005,하행,40,사곡,21:17:30,21:17:30,통과,경부선,매일
화물,3005,하행,41,약목,21:23:30,21:23:30,통과,경부선,매일
화물,3005,하행,42,왜관,21:28:30,21:28:30,통과,경부선,매일
화물,3005,하행,43,연화,21:33:00,21:33:00,통과,경부선,매일
화물,3005,하행,44,신동,21:36:00,21:36:00,통과,경부선,매일
화물,3005,하행,45,지천,21:41:30,21:41:30,통과,경부선,매일
화물,3005,하행,46,서대구,21:45:30,21:45:30,통과,경부선,매일
화물,3005,하행,47,대구,21:48:30,21:48:30,통과,경부선,매일
화물,3005,하행,48,동대구,21:53:00,21:56:00,승무원교대,경부선,매일
화물,3005,하행,49,고모,22:02:00,22:02:00,통과,경부선,매일
화물,3005,하행,50,가천,22:03:30,22:03:30,통과,경부선,매일
화물,3005,하행,51,경산,22:07:30,22:07:30,통과,경부선,매일
화물,3005,하행,52,삼성,22:12:30,22:12:30,통과,경부선,매일
화물,3005,하행,53,남성현,22:18:00,22:18:00,통과,경부선,매일
화물,3005,하행,54,청도,22:24:30,22:24:30,통과,경부선,매일
화물,3005,하행,55,신거,22:28:30,22:28:30,통과,경부선,매일
화물,3005,하행,56,상동,22:32:00,22:32:00,통과,경부선,매일
화물,3005,하행,57,밀양,22:39:00,22:39:00,통과,경부선,매일
화물,3005,하행,58,미전,22:47:00,22:47:00,통과,경부선,매일
화물,3005,하행,59,낙동강,22:50:00,22:50:00,통과,미전선,매일
화물,3005,하행,60,한림정,22:57:00,22:57:00,통과,경전선,매일
화물,3005,하행,61,진영,23:00:30,23:00:30,통과,경전선,매일
화물,3005,하행,62,진례,23:03:30,23:03:30,통과,경전선,매일
화물,3005,하행,63,장유,23:10:30,23:10:30,통과,부산신항선,매일
화물,3005,하행,64,부산항,23:22:00,23:22:00,종착,부산신항선,매일
화물,3006,상행,1,부산항,16:24:00,16:24:00,시발,부산신항선,매일
화물,3006,상행,2,장유,16:36:00,16:36:00,통과,부산신항선,매일
화물,3006,상행,3,진례,16:43:00,16:43:00,통과,부산신항선,매일
화물,3006,상행,4,진영,16:46:00,16:46:00,통과,경전선,매일
화물,3006,상행,5,한림정,16:49:30,16:49:30,통과,경전선,매일
화물,3006,상행,6,낙동강,16:55:30,16:55:30,통과,경전선,매일
화물,3006,상행,7,미전,16:57:30,16:57:30,통과,미전선,매일
화물,3006,상행,8,밀양,17:04:30,17:04:30,통과,경부선,매일
화물,3006,상행,9,상동,17:10:30,17:10:30,통과,경부선,매일
화물,3006,상행,10,신거,17:13:30,17:13:30,통과,경부선,매일
화물,3006,상행,11,청도,17:17:00,17:17:00,통과,경부선,매일
화물,3006,상행,12,남성현,17:22:30,17:22:30,통과,경부선,매일
화물,3006,상행,13,삼성,17:27:00,17:27:00,통과,경부선,매일
화물,3006,상행,14,경산,17:31:30,17:31:30,통과,경부선,매일
화물,3006,상행,15,가천,17:35:00,17:35:00,통과,경부선,매일
화물,3006,상행,16,고모,17:36:00,17:36:00,통과,경부선,매일
화물,3006,상행,17,동대구,17:41:00,17:44:00,승무원교대,경부선,매일
화물,3006,상행,18,대구,17:49:30,17:49:30,통과,경부선,매일
화물,3006,상행,19,서대구,17:52:00,17:52:00,통과,경부선,매일
화물,3006,상행,20,지천,17:55:30,17:55:30,통과,경부선,매일
화물,3006,상행,21,신동,18:00:00,18:00:00,통과,경부선,매일
화물,3006,상행,22,연화,18:02:30,18:02:30,통과,경부선,매일
화물,3006,상행,23,왜관,18:06:30,18:06:30,통과,경부선,매일
화물,3006,상행,24,약목,18:10:30,18:10:30,통과,경부선,매일
화물,3006,상행,25,사곡,18:16:00,18:16:00,통과,경부선,매일
화물,3006,상행,26,구미,18:19:30,18:19:30,통과,경부선,매일
화물,3006,상행,27,아포,18:24:00,18:24:00,통과,경부선,매일
화물,3006,상행,28,대신,18:27:30,18:27:30,통과,경부선,매일
화물,3006,상행,29,김천,18:33:30,18:33:30,통과,경부선,매일
화물,3006,상행,30,직지사,18:38:30,18:38:30,통과,경부선,매일
화물,3006,상행,31,신암,18:43:30,18:43:30,통과,경부선,매일
화물,3006,상행,32,추풍령,18:47:30,18:47:30,통과,경부선,매일
화물,3006,상행,33,황간,18:53:00,18:53:00,통과,경부선,매일
화물,3006,상행,34,영동,19:02:00,19:02:00,통과,경부선,매일
화물,3006,상행,35,각계,19:06:30,19:06:30,통과,경부선,매일
화물,3006,상행,36,심천,19:09:00,19:09:00,통과,경부선,매일
화물,3006,상행,37,지탄,19:12:00,19:12:00,통과,경부선,매일
화물,3006,상행,38,이원,19:15:30,19:15:30,통과,경부선,매일
화물,3006,상행,39,옥천,19:20:30,19:20:30,통과,경부선,매일
화물,3006,상행,40,세천,19:26:00,19:26:00,통과,경부선,매일
화물,3006,상행,41,대전,19:32:00,19:41:00,승무원교대,경부선,매일
화물,3006,상행,42,대전조,19:46:00,19:46:00,통과,경부선,매일
화물,3006,상행,43,회덕,19:49:00,19:49:00,통과,경부선,매일
화물,3006,상행,44,신탄진,19:53:00,19:53:00,통과,경부선,매일
화물,3006,상행,45,매포,19:59:00,19:59:00,통과,경부선,매일
화물,3006,상행,46,부강,20:03:00,20:03:00,통과,경부선,매일
화물,3006,상행,47,내판,20:06:30,20:06:30,통과,경부선,매일
화물,3006,상행,48,조치원,20:10:30,20:10:30,통과,경부선,매일
화물,3006,상행,49,서창,20:13:00,20:13:00,통과,경부선,매일
화물,3006,상행,50,전동,20:15:30,20:15:30,통과,경부선,매일
화물,3006,상행,51,전의,20:21:00,20:21:00,통과,경부선,매일
화물,3006,상행,52,소정리,20:26:30,20:26:30,통과,경부선,매일
화물,3006,상행,53,천안,20:34:30,20:34:30,통과,경부선,매일
화물,3006,상행,54,두정,20:37:00,20:37:00,통과,경부선,매일
화물,3006,상행,55,직산,20:40:00,20:40:00,통과,경부선,매일
화물,3006,상행,56,성환,20:44:00,20:44:00,통과,경부선,매일
화물,3006,상행,57,평택,20:51:00,20:51:00,통과,경부선,매일
화물,3006,상행,58,서정리,20:58:30,21:02:30,대피,경부선,매일
화물,3006,상행,59,송탄,21:05:30,21:05:30,통과,경부선,매일
화물,3006,상행,60,오산,21:10:30,21:10:30,통과,경부선,매일
화물,3006,상행,61,병점,21:15:30,21:15:30,통과,경부선,매일
화물,3006,상행,62,수원,21:19:30,21:19:30,통과,경부선,매일
화물,3006,상행,63,의왕,21:27:30,21:27:30,통과,경부선,매일
화물,3006,상행,64,오봉,21:34:00,21:34:00,종착,남부화물기,매일
화물,3007,하행,1,오봉,18:48:00,18:48:00,시발,남부화물기,월화수목금토
화물,3007,하행,2,의왕,18:57:00,18:57:00,통과,남부화물기,월화수목금토
화물,3007,하행,3,수원,19:06:00,19:06:00,통과,경부선,월화수목금토
화물,3007,하행,4,병점,19:10:30,19:10:30,통과,경부선,월화수목금토
화물,3007,하행,5,오산,19:15:30,19:15:30,통과,경부선,월화수목금토
화물,3007,하행,6,송탄,19:20:30,19:20:30,통과,경부선,월화수목금토
화물,3007,하행,7,서정리,19:22:00,19:22:00,통과,경부선,월화수목금토
화물,3007,하행,8,평택,19:27:30,19:27:30,통과,경부선,월화수목금토
화물,3007,하행,9,성환,19:33:00,19:33:00,통과,경부선,월화수목금토
화물,3007,하행,10,직산,19:36:30,19:36:30,통과,경부선,월화수목금토
화물,3007,하행,11,두정,19:39:00,19:39:00,통과,경부선,월화수목금토
화물,3007,하행,12,천안,19:41:00,19:41:00,통과,경부선,월화수목금토
화물,3007,하행,13,소정리,19:47:30,19:47:30,통과,경부선,월화수목금토
화물,3007,하행,14,전의,19:52:00,19:52:00,통과,경부선,월화수목금토
화물,3007,하행,15,전동,19:57:00,19:57:00,통과,경부선,월화수목금토
화물,3007,하행,16,서창,19:59:30,19:59:30,통과,경부선,월화수목금토
화물,3007,하행,17,조치원,20:01:30,20:01:30,통과,경부선,월화수목금토
화물,3007,하행,18,내판,20:05:00,20:05:00,통과,경부선,월화수목금토
화물,3007,하행,19,부강,20:08:30,20:08:30,통과,경부선,월화수목금토
화물,3007,하행,20,매포,20:11:30,20:11:30,통과,경부선,월화수목금토
화물,3007,하행,21,신탄진,20:17:00,20:17:00,통과,경부선,월화수목금토
화물,3007,하행,22,회덕,20:20:30,20:20:30,통과,경부선,월화수목금토
화물,3007,하행,23,대전조,20:23:00,20:23:00,통과,경부선,월화수목금토
화물,3007,하행,24,대전,20:28:00,20:31:00,승무원교대,경부선,월화수목금토
화물,3007,하행,25,세천,20:39:00,20:39:00,통과,경부선,월화수목금토
화물,3007,하행,26,옥천,20:44:30,20:44:30,통과,경부선,월화수목금토
화물,3007,하행,27,이원,20:50:00,20:50:00,통과,경부선,월화수목금토
화물,3007,하행,28,지탄,20:54:00,20:54:00,통과,경부선,월화수목금토
화물,3007,하행,29,심천,20:57:30,20:57:30,통과,경부선,월화수목금토
화물,3007,하행,30,각계,21:00:30,21:00:30,통과,경부선,월화수목금토
화물,3007,하행,31,영동,21:05:30,21:05:30,통과,경부선,월화수목금토
화물,3007,하행,32,황간,21:15:00,21:15:00,통과,경부선,월화수목금토
화물,3007,하행,33,추풍령,21:21:00,21:21:00,통과,경부선,월화수목금토
화물,3007,하행,34,신암,21:25:30,21:25:30,통과,경부선,월화수목금토
화물,3007,하행,35,직지사,21:29:30,21:29:30,통과,경부선,월화수목금토
화물,3007,하행,36,김천,21:34:30,21:34:30,통과,경부선,월화수목금토
화물,3007,하행,37,대신,21:40:30,21:40:30,통과,경부선,월화수목금토
화물,3007,하행,38,아포,21:44:00,21:44:00,통과,경부선,월화수목금토
화물,3007,하행,39,구미,21:48:30,21:48:30,통과,경부선,월화수목금토
화물,3007,하행,40,사곡,21:52:30,21:52:30,통과,경부선,월화수목금토
화물,3007,하행,41,약목,21:57:30,21:57:30,통과,경부선,월화수목금토
화물,3007,하행,42,왜관,22:01:30,22:01:30,통과,경부선,월화수목금토
화물,3007,하행,43,연화,22:05:30,22:05:30,통과,경부선,월화수목금토
화물,3007,하행,44,신동,22:08:00,22:08:00,통과,경부선,월화수목금토
화물,3007,하행,45,지천,22:13:00,22:13:00,통과,경부선,월화수목금토
화물,3007,하행,46,서대구,22:16:30,22:16:30,통과,경부선,월화수목금토
화물,3007,하행,47,대구,22:19:30,22:19:30,통과,경부선,월화수목금토
화물,3007,하행,48,동대구,22:24:00,22:26:00,승무원교대,경부선,월화수목금토
화물,3007,하행,49,고모,22:32:00,22:32:00,통과,경부선,월화수목금토
화물,3007,하행,50,가천,22:33:00,22:33:00,통과,경부선,월화수목금토
화물,3007,하행,51,경산,22:36:30,22:36:30,통과,경부선,월화수목금토
화물,3007,하행,52,삼성,22:41:00,22:41:00,통과,경부선,월화수목금토
화물,3007,하행,53,남성현,22:47:30,22:52:00,운전취급,경부선,월화수목금토
화물,3007,하행,54,청도,22:59:00,22:59:00,통과,경부선,월화수목금토
화물,3007,하행,55,신거,23:02:30,23:02:30,통과,경부선,월화수목금토
화물,3007,하행,56,상동,23:05:30,23:05:30,통과,경부선,월화수목금토
화물,3007,하행,57,밀양,23:11:30,23:11:30,통과,경부선,월화수목금토
화물,3007,하행,58,미전,23:19:30,23:19:30,통과,경부선,월화수목금토
화물,3007,하행,59,낙동강,23:21:30,23:21:30,통과,미전선,월화수목금토
화물,3007,하행,60,한림정,23:27:30,23:27:30,통과,경전선,월화수목금토
화물,3007,하행,61,진영,23:31:00,23:31:00,통과,경전선,월화수목금토
화물,3007,하행,62,진례,23:34:00,23:34:00,통과,경전선,월화수목금토
화물,3007,하행,63,장유,23:41:00,23:41:00,통과,부산신항선,월화수목금토
화물,3007,하행,64,부산항,23:53:00,23:53:00,종착,부산신항선,월화수목금토
화물,3008,상행,1,부산항,18:52:00,18:52:00,시발,부산신항선,월화수목금토
화물,3008,상행,2,장유,19:04:00,19:04:00,통과,부산신항선,월화수목금토
화물,3008,상행,3,진례,19:14:00,19:14:00,통과,부산신항선,월화수목금토
화물,3008,상행,4,진영,19:17:00,19:17:00,통과,경전선,월화수목금토
화물,3008,상행,5,한림정,19:21:00,19:21:00,통과,경전선,월화수목금토
화물,3008,상행,6,낙동강,19:28:00,19:28:00,통과,경전선,월화수목금토
화물,3008,상행,7,미전,19:29:30,19:29:30,통과,미전선,월화수목금토
화물,3008,상행,8,밀양,19:37:00,19:37:00,통과,경부선,월화수목금토
화물,3008,상행,9,상동,19:43:30,19:43:30,통과,경부선,월화수목금토
화물,3008,상행,10,신거,19:47:00,19:47:00,통과,경부선,월화수목금토
화물,3008,상행,11,청도,19:50:30,19:50:30,통과,경부선,월화수목금토
화물,3008,상행,12,남성현,19:58:30,19:58:30,통과,경부선,월화수목금토
화물,3008,상행,13,삼성,20:05:30,20:05:30,통과,경부선,월화수목금토
화물,3008,상행,14,경산,20:10:30,20:10:30,통과,경부선,월화수목금토
화물,3008,상행,15,가천,20:15:00,20:15:00,통과,경부선,월화수목금토
화물,3008,상행,16,고모,20:16:00,20:16:00,통과,경부선,월화수목금토
화물,3008,상행,17,동대구,20:22:00,20:27:00,승무원교대,경부선,월화수목금토
화물,3008,상행,18,대구,20:32:00,20:32:00,통과,경부선,월화수목금토
화물,3008,상행,19,서대구,20:35:30,20:35:30,통과,경부선,월화수목금토
화물,3008,상행,20,지천,20:39:30,20:39:30,통과,경부선,월화수목금토
화물,3008,상행,21,신동,20:44:30,20:44:30,통과,경부선,월화수목금토
화물,3008,상행,22,연화,20:47:00,20:47:00,통과,경부선,월화수목금토
화물,3008,상행,23,왜관,20:51:00,20:51:00,통과,경부선,월화수목금토
화물,3008,상행,24,약목,20:57:00,21:03:00,대피,경부선,월화수목금토
화물,3008,상행,25,사곡,21:10:00,21:10:00,통과,경부선,월화수목금토
화물,3008,상행,26,구미,21:13:00,21:13:00,통과,경부선,월화수목금토
화물,3008,상행,27,아포,21:18:00,21:18:00,통과,경부선,월화수목금토
화물,3008,상행,28,대신,21:22:00,21:22:00,통과,경부선,월화수목금토
화물,3008,상행,29,김천,21:28:30,21:28:30,통과,경부선,월화수목금토
화물,3008,상행,30,직지사,21:34:30,21:34:30,통과,경부선,월화수목금토
화물,3008,상행,31,신암,21:41:30,21:41:30,통과,경부선,월화수목금토
화물,3008,상행,32,추풍령,21:48:30,21:48:30,통과,경부선,월화수목금토
화물,3008,상행,33,황간,21:55:30,21:55:30,통과,경부선,월화수목금토
화물,3008,상행,34,영동,22:05:30,22:05:30,통과,경부선,월화수목금토
화물,3008,상행,35,각계,22:10:30,22:10:30,통과,경부선,월화수목금토
화물,3008,상행,36,심천,22:13:30,22:13:30,통과,경부선,월화수목금토
화물,3008,상행,37,지탄,22:17:30,22:17:30,통과,경부선,월화수목금토
화물,3008,상행,38,이원,22:22:30,22:22:30,통과,경부선,월화수목금토
화물,3008,상행,39,옥천,22:29:30,22:29:30,통과,경부선,월화수목금토
화물,3008,상행,40,세천,22:37:30,22:37:30,통과,경부선,월화수목금토
화물,3008,상행,41,대전,22:45:30,22:50:30,승무원교대,경부선,월화수목금토
화물,3008,상행,42,대전조,22:56:00,22:56:00,통과,경부선,월화수목금토
화물,3008,상행,43,회덕,22:59:30,22:59:30,통과,경부선,월화수목금토
화물,3008,상행,44,신탄진,23:04:30,23:04:30,통과,경부선,월화수목금토
화물,3008,상행,45,매포,23:10:30,23:10:30,통과,경부선,월화수목금토
화물,3008,상행,46,부강,23:14:00,23:14:00,통과,경부선,월화수목금토
화물,3008,상행,47,내판,23:18:00,23:18:00,통과,경부선,월화수목금토
화물,3008,상행,48,조치원,23:22:30,23:22:30,통과,경부선,월화수목금토
화물,3008,상행,49,서창,23:25:00,23:25:00,통과,경부선,월화수목금토
화물,3008,상행,50,전동,23:28:00,23:28:00,통과,경부선,월화수목금토
화물,3008,상행,51,전의,23:34:00,23:34:00,통과,경부선,월화수목금토
화물,3008,상행,52,소정리,23:40:00,23:40:00,통과,경부선,월화수목금토
화물,3008,상행,53,천안,23:49:00,23:49:00,통과,경부선,월화수목금토
화물,3008,상행,54,두정,23:52:00,23:52:00,통과,경부선,월화수목금토
화물,3008,상행,55,직산,23:55:00,23:55:00,통과,경부선,월화수목금토
화물,3008,상행,56,성환,23:59:30,23:59:30,통과,경부선,월화수목금토
화물,3008,상행,57,평택,00:06:30,00:06:30,통과,경부선,월화수목금토
화물,3008,상행,58,서정리,00:13:00,00:13:00,통과,경부선,월화수목금토
화물,3008,상행,59,송탄,00:15:00,00:15:00,통과,경부선,월화수목금토
화물,3008,상행,60,오산,00:21:00,00:21:00,통과,경부선,월화수목금토
화물,3008,상행,61,병점,00:27:00,00:27:00,통과,경부선,월화수목금토
화물,3008,상행,62,수원,00:32:30,00:32:30,통과,경부선,월화수목금토
화물,3008,상행,63,의왕,00:40:30,00:40:30,통과,경부선,월화수목금토
화물,3008,상행,64,오봉,00:48:00,00:48:00,종착,남부화물기,월화수목금토
근거리,Y3008,상행,1,남철송,18:39:00,18:39:00,시발,신항남선,월화수목금토
근거리,Y3008,상행,2,부산항,18:51:00,18:51:00,종착,신항남선,월화수목금토
화물,3009,하행,1,오봉,20:42:00,20:42:00,시발,남부화물기,월화수목금토
화물,3009,하행,2,의왕,20:51:00,20:51:00,통과,남부화물기,월화수목금토
화물,3009,하행,3,수원,21:00:30,21:00:30,통과,경부선,월화수목금토
화물,3009,하행,4,병점,21:06:00,21:06:00,통과,경부선,월화수목금토
화물,3009,하행,5,오산,21:12:00,21:12:00,통과,경부선,월화수목금토
화물,3009,하행,6,송탄,21:18:00,21:18:00,통과,경부선,월화수목금토
화물,3009,하행,7,서정리,21:20:00,21:20:00,통과,경부선,월화수목금토
화물,3009,하행,8,평택,21:26:30,21:26:30,통과,경부선,월화수목금토
화물,3009,하행,9,성환,21:33:30,21:33:30,통과,경부선,월화수목금토
화물,3009,하행,10,직산,21:38:00,21:38:00,통과,경부선,월화수목금토
화물,3009,하행,11,두정,21:41:00,21:41:00,통과,경부선,월화수목금토
화물,3009,하행,12,천안,21:44:00,21:44:00,통과,경부선,월화수목금토
화물,3009,하행,13,소정리,21:53:00,21:53:00,통과,경부선,월화수목금토
화물,3009,하행,14,전의,21:59:00,21:59:00,통과,경부선,월화수목금토
화물,3009,하행,15,전동,22:05:00,22:05:00,통과,경부선,월화수목금토
화물,3009,하행,16,서창,22:08:00,22:08:00,통과,경부선,월화수목금토
화물,3009,하행,17,조치원,22:10:30,22:10:30,통과,경부선,월화수목금토
화물,3009,하행,18,내판,22:15:00,22:15:00,통과,경부선,월화수목금토
화물,3009,하행,19,부강,22:19:00,22:19:00,통과,경부선,월화수목금토
화물,3009,하행,20,매포,22:22:30,22:22:30,통과,경부선,월화수목금토
화물,3009,하행,21,신탄진,22:28:30,22:28:30,통과,경부선,월화수목금토
화물,3009,하행,22,회덕,22:33:30,22:33:30,통과,경부선,월화수목금토
화물,3009,하행,23,대전조,22:37:00,22:37:00,통과,경부선,월화수목금토
화물,3009,하행,24,대전,22:42:30,22:49:30,승무원교대,경부선,월화수목금토
화물,3009,하행,25,세천,23:00:30,23:00:30,통과,경부선,월화수목금토
화물,3009,하행,26,옥천,23:08:30,23:08:30,통과,경부선,월화수목금토
화물,3009,하행,27,이원,23:15:30,23:15:30,통과,경부선,월화수목금토
화물,3009,하행,28,지탄,23:20:30,23:20:30,통과,경부선,월화수목금토
화물,3009,하행,29,심천,23:24:30,23:24:30,통과,경부선,월화수목금토
화물,3009,하행,30,각계,23:27:30,23:27:30,통과,경부선,월화수목금토
화물,3009,하행,31,영동,23:33:30,23:33:30,통과,경부선,월화수목금토
화물,3009,하행,32,황간,23:46:30,23:46:30,통과,경부선,월화수목금토
화물,3009,하행,33,추풍령,23:53:30,23:53:30,통과,경부선,월화수목금토
화물,3009,하행,34,신암,23:58:00,23:58:00,통과,경부선,월화수목금토
화물,3009,하행,35,직지사,00:02:30,00:02:30,통과,경부선,월화수목금토
화물,3009,하행,36,김천,00:08:30,00:08:30,통과,경부선,월화수목금토
화물,3009,하행,37,대신,00:16:30,00:16:30,통과,경부선,월화수목금토
화물,3009,하행,38,아포,00:21:30,00:21:30,통과,경부선,월화수목금토
화물,3009,하행,39,구미,00:27:30,00:27:30,통과,경부선,월화수목금토
화물,3009,하행,40,사곡,00:31:30,00:31:30,통과,경부선,월화수목금토
화물,3009,하행,41,약목,00:38:30,00:38:30,통과,경부선,월화수목금토
화물,3009,하행,42,왜관,00:43:30,00:43:30,통과,경부선,월화수목금토
화물,3009,하행,43,연화,00:48:30,00:48:30,통과,경부선,월화수목금토
화물,3009,하행,44,신동,00:51:30,00:51:30,통과,경부선,월화수목금토
화물,3009,하행,45,지천,00:57:30,00:57:30,통과,경부선,월화수목금토
화물,3009,하행,46,서대구,01:02:00,01:02:00,통과,경부선,월화수목금토
화물,3009,하행,47,대구,01:05:30,01:05:30,통과,경부선,월화수목금토
화물,3009,하행,48,동대구,01:10:00,05:44:00,승무원교대,경부선,월화수목금토
화물,3009,하행,49,고모,05:50:00,05:50:00,통과,경부선,월화수목금토
화물,3009,하행,50,가천,05:51:30,05:51:30,통과,경부선,월화수목금토
화물,3009,하행,51,경산,05:55:30,05:55:30,통과,경부선,월화수목금토
화물,3009,하행,52,삼성,06:01:30,06:01:30,통과,경부선,월화수목금토
화물,3009,하행,53,남성현,06:08:30,06:08:30,통과,경부선,월화수목금토
화물,3009,하행,54,청도,06:16:30,06:16:30,통과,경부선,월화수목금토
화물,3009,하행,55,신거,06:21:30,06:21:30,통과,경부선,월화수목금토
화물,3009,하행,56,상동,06:25:30,06:25:30,통과,경부선,월화수목금토
화물,3009,하행,57,밀양,06:33:30,06:33:30,통과,경부선,월화수목금토
화물,3009,하행,58,미전,06:42:30,06:42:30,통과,경부선,월화수목금토
화물,3009,하행,59,낙동강,06:45:00,06:45:00,통과,미전선,월화수목금토
화물,3009,하행,60,한림정,06:52:00,06:52:00,통과,경전선,월화수목금토
화물,3009,하행,61,진영,06:56:00,06:56:00,통과,경전선,월화수목금토
화물,3009,하행,62,진례,06:59:00,06:59:00,통과,경전선,월화수목금토
화물,3009,하행,63,장유,07:07:00,07:07:00,통과,부산신항선,월화수목금토
화물,3009,하행,64,부산항,07:19:00,07:19:00,종착,부산신항선,월화수목금토
근거리,J3009,하행,1,남철송,07:57:00,07:57:00,시발,신항남선,일화수목금토
근거리,J3009,하행,2,부산항,08:09:00,08:09:00,종착,신항남선,일화수목금토
근거리,R3009,하행,1,부산항,07:24:00,07:24:00,시발,신항남선,일화수목금토
근거리,R3009,하행,2,남철송,07:36:00,07:36:00,종착,신항남선,일화수목금토
화물,3010,상행,1,부산항,20:19:00,20:19:00,시발,부산신항선,월화수목금토
화물,3010,상행,2,장유,20:31:00,20:31:00,통과,부산신항선,월화수목금토
화물,3010,상행,3,진례,20:41:00,20:41:00,통과,부산신항선,월화수목금토
화물,3010,상행,4,진영,20:44:00,20:44:00,통과,경전선,월화수목금토
화물,3010,상행,5,한림정,20:49:30,20:54:30,대피,경전선,월화수목금토
화물,3010,상행,6,낙동강,21:03:00,21:03:00,통과,경전선,월화수목금토
화물,3010,상행,7,미전,21:04:30,21:04:30,통과,미전선,월화수목금토
화물,3010,상행,8,밀양,21:12:00,21:12:00,통과,경부선,월화수목금토
화물,3010,상행,9,상동,21:20:00,21:25:00,대피,경부선,월화수목금토
화물,3010,상행,10,신거,21:30:00,21:30:00,통과,경부선,월화수목금토
화물,3010,상행,11,청도,21:33:30,21:33:30,통과,경부선,월화수목금토
화물,3010,상행,12,남성현,21:41:30,21:41:30,통과,경부선,월화수목금토
화물,3010,상행,13,삼성,21:47:30,21:47:30,통과,경부선,월화수목금토
화물,3010,상행,14,경산,21:52:30,21:52:30,통과,경부선,월화수목금토
화물,3010,상행,15,가천,21:56:00,21:56:00,통과,경부선,월화수목금토
화물,3010,상행,16,고모,21:57:00,21:57:00,통과,경부선,월화수목금토
화물,3010,상행,17,동대구,22:03:00,22:06:00,승무원교대,경부선,월화수목금토
화물,3010,상행,18,대구,22:11:00,22:11:00,통과,경부선,월화수목금토
화물,3010,상행,19,서대구,22:14:30,22:14:30,통과,경부선,월화수목금토
화물,3010,상행,20,지천,22:18:30,22:18:30,통과,경부선,월화수목금토
화물,3010,상행,21,신동,22:24:00,22:24:00,통과,경부선,월화수목금토
화물,3010,상행,22,연화,22:27:00,22:27:00,통과,경부선,월화수목금토
화물,3010,상행,23,왜관,22:31:30,22:31:30,통과,경부선,월화수목금토
화물,3010,상행,24,약목,22:36:30,22:36:30,통과,경부선,월화수목금토
화물,3010,상행,25,사곡,22:42:30,22:42:30,통과,경부선,월화수목금토
화물,3010,상행,26,구미,22:46:00,22:46:00,통과,경부선,월화수목금토
화물,3010,상행,27,아포,22:51:00,22:51:00,통과,경부선,월화수목금토
화물,3010,상행,28,대신,22:55:00,22:55:00,통과,경부선,월화수목금토
화물,3010,상행,29,김천,23:01:30,23:01:30,통과,경부선,월화수목금토
화물,3010,상행,30,직지사,23:07:30,23:07:30,통과,경부선,월화수목금토
화물,3010,상행,31,신암,23:14:30,23:14:30,통과,경부선,월화수목금토
화물,3010,상행,32,추풍령,23:21:30,23:21:30,통과,경부선,월화수목금토
화물,3010,상행,33,황간,23:28:30,23:28:30,통과,경부선,월화수목금토
화물,3010,상행,34,영동,23:38:30,23:38:30,통과,경부선,월화수목금토
화물,3010,상행,35,각계,23:43:30,23:43:30,통과,경부선,월화수목금토
화물,3010,상행,36,심천,23:46:00,23:46:00,통과,경부선,월화수목금토
화물,3010,상행,37,지탄,23:49:00,23:49:00,통과,경부선,월화수목금토
화물,3010,상행,38,이원,23:53:00,23:53:00,통과,경부선,월화수목금토
화물,3010,상행,39,옥천,23:58:30,23:58:30,통과,경부선,월화수목금토
화물,3010,상행,40,세천,00:04:30,00:04:30,통과,경부선,월화수목금토
화물,3010,상행,41,대전,00:11:30,00:11:30,통과,경부선,월화수목금토
화물,3010,상행,42,대전조,00:18:30,05:03:00,운전취급,경부선,월화수목금토
화물,3010,상행,43,회덕,05:08:00,05:08:00,통과,경부선,월화수목금토
화물,3010,상행,44,신탄진,05:12:00,05:12:00,통과,경부선,월화수목금토
화물,3010,상행,45,매포,05:17:00,05:17:00,통과,경부선,월화수목금토
화물,3010,상행,46,부강,05:20:00,05:20:00,통과,경부선,월화수목금토
화물,3010,상행,47,내판,05:23:30,05:23:30,통과,경부선,월화수목금토
화물,3010,상행,48,조치원,05:27:30,05:27:30,통과,경부선,월화수목금토
화물,3010,상행,49,서창,05:29:30,05:29:30,통과,경부선,월화수목금토
화물,3010,상행,50,전동,05:32:00,05:32:00,통과,경부선,월화수목금토
화물,3010,상행,51,전의,05:37:00,05:37:00,통과,경부선,월화수목금토
화물,3010,상행,52,소정리,05:42:00,05:42:00,통과,경부선,월화수목금토
화물,3010,상행,53,천안,05:49:30,05:49:30,통과,경부선,월화수목금토
화물,3010,상행,54,두정,05:51:30,05:51:30,통과,경부선,월화수목금토
화물,3010,상행,55,직산,05:53:30,05:53:30,통과,경부선,월화수목금토
화물,3010,상행,56,성환,05:56:30,05:56:30,통과,경부선,월화수목금토
화물,3010,상행,57,평택,06:02:00,06:02:00,통과,경부선,월화수목금토
화물,3010,상행,58,서정리,06:07:00,06:07:00,통과,경부선,월화수목금토
화물,3010,상행,59,송탄,06:08:30,06:08:30,통과,경부선,월화수목금토
화물,3010,상행,60,오산,06:13:00,06:13:00,통과,경부선,월화수목금토
화물,3010,상행,61,병점,06:19:00,06:19:00,통과,경부선,월화수목금토
화물,3010,상행,62,수원,06:24:00,06:24:00,통과,경부선,월화수목금토
화물,3010,상행,63,의왕,06:32:00,06:32:00,통과,경부선,월화수목금토
화물,3010,상행,64,오봉,06:39:00,06:39:00,종착,남부화물기,월화수목금토
근거리,Y3010,상행,1,남철송,20:06:00,20:06:00,시발,신항남선,월화수목금토
근거리,Y3010,상행,2,부산항,20:18:00,20:18:00,종착,신항남선,월화수목금토
화물,3021,하행,1,오봉,07:38:00,07:38:00,시발,남부화물기,화수목금토
화물,3021,하행,2,의왕,07:47:00,07:47:00,통과,남부화물기,화수목금토
화물,3021,하행,3,수원,07:56:00,07:56:00,통과,경부선,화수목금토
화물,3021,하행,4,병점,08:01:00,08:01:00,통과,경부선,화수목금토
화물,3021,하행,5,오산,08:06:30,08:06:30,통과,경부선,화수목금토
화물,3021,하행,6,송탄,08:11:30,08:11:30,통과,경부선,화수목금토
화물,3021,하행,7,서정리,08:13:00,08:13:00,통과,경부선,화수목금토
화물,3021,하행,8,평택,08:19:00,08:19:00,통과,경부선,화수목금토
화물,3021,하행,9,성환,08:26:00,08:26:00,통과,경부선,화수목금토
화물,3021,하행,10,직산,08:30:00,08:30:00,통과,경부선,화수목금토
화물,3021,하행,11,두정,08:32:30,08:32:30,통과,경부선,화수목금토
화물,3021,하행,12,천안,08:34:30,08:34:30,통과,경부선,화수목금토
화물,3021,하행,13,소정리,08:42:30,08:42:30,통과,경부선,화수목금토
화물,3021,하행,14,전의,08:48:00,08:48:00,통과,경부선,화수목금토
화물,3021,하행,15,전동,08:53:30,08:53:30,통과,경부선,화수목금토
화물,3021,하행,16,서창,08:56:00,08:56:00,통과,경부선,화수목금토
화물,3021,하행,17,조치원,09:00:00,09:03:00,대피,경부선,화수목금토
화물,3021,하행,18,내판,09:08:30,09:08:30,통과,경부선,화수목금토
화물,3021,하행,19,부강,09:12:00,09:12:00,통과,경부선,화수목금토
화물,3021,하행,20,매포,09:16:00,09:16:00,통과,경부선,화수목금토
화물,3021,하행,21,신탄진,09:22:00,09:22:00,통과,경부선,화수목금토
화물,3021,하행,22,회덕,09:26:00,09:26:00,통과,경부선,화수목금토
화물,3021,하행,23,대전조,09:29:00,09:29:00,통과,경부선,화수목금토
화물,3021,하행,24,대전,09:34:00,09:41:00,승무원교대,경부선,화수목금토
화물,3021,하행,25,세천,09:49:00,09:49:00,통과,경부선,화수목금토
화물,3021,하행,26,옥천,09:55:30,09:55:30,통과,경부선,화수목금토
화물,3021,하행,27,이원,10:01:30,10:01:30,통과,경부선,화수목금토
화물,3021,하행,28,지탄,10:05:30,10:05:30,통과,경부선,화수목금토
화물,3021,하행,29,심천,10:09:00,10:09:00,통과,경부선,화수목금토
화물,3021,하행,30,각계,10:12:00,10:12:00,통과,경부선,화수목금토
화물,3021,하행,31,영동,10:17:00,10:17:00,통과,경부선,화수목금토
화물,3021,하행,32,황간,10:27:30,10:27:30,통과,경부선,화수목금토
화물,3021,하행,33,추풍령,10:33:30,10:33:30,통과,경부선,화수목금토
화물,3021,하행,34,신암,10:38:00,10:38:00,통과,경부선,화수목금토
화물,3021,하행,35,직지사,10:42:00,10:42:00,통과,경부선,화수목금토
화물,3021,하행,36,김천,10:47:30,10:47:30,통과,경부선,화수목금토
화물,3021,하행,37,대신,10:54:30,10:54:30,통과,경부선,화수목금토
화물,3021,하행,38,아포,10:58:30,10:58:30,통과,경부선,화수목금토
화물,3021,하행,39,구미,11:05:30,11:05:30,통과,경부선,화수목금토
화물,3021,하행,40,사곡,11:10:00,11:10:00,통과,경부선,화수목금토
화물,3021,하행,41,약목,11:16:00,11:16:00,통과,경부선,화수목금토
화물,3021,하행,42,왜관,11:21:00,11:21:00,통과,경부선,화수목금토
화물,3021,하행,43,연화,11:25:30,11:25:30,통과,경부선,화수목금토
화물,3021,하행,44,신동,11:28:30,11:28:30,통과,경부선,화수목금토
화물,3021,하행,45,지천,11:34:00,11:34:00,통과,경부선,화수목금토
화물,3021,하행,46,서대구,11:38:00,11:38:00,통과,경부선,화수목금토
화물,3021,하행,47,대구,11:41:00,11:41:00,통과,경부선,화수목금토
화물,3021,하행,48,동대구,11:45:30,11:48:30,승무원교대,경부선,화수목금토
화물,3021,하행,49,고모,11:54:30,11:54:30,통과,경부선,화수목금토
화물,3021,하행,50,가천,11:55:30,11:55:30,통과,경부선,화수목금토
화물,3021,하행,51,경산,11:59:30,11:59:30,통과,경부선,화수목금토
화물,3021,하행,52,삼성,12:04:00,12:04:00,통과,경부선,화수목금토
화물,3021,하행,53,남성현,12:09:30,12:09:30,통과,경부선,화수목금토
화물,3021,하행,54,청도,12:16:00,12:16:00,통과,경부선,화수목금토
화물,3021,하행,55,신거,12:20:00,12:20:00,통과,경부선,화수목금토
화물,3021,하행,56,상동,12:23:30,12:23:30,통과,경부선,화수목금토
화물,3021,하행,57,밀양,12:30:30,12:30:30,통과,경부선,화수목금토
화물,3021,하행,58,미전,12:38:30,12:38:30,통과,경부선,화수목금토
화물,3021,하행,59,삼랑진,12:40:00,12:40:00,통과,경부선,화수목금토
화물,3021,하행,60,원동,12:46:30,12:46:30,통과,경부선,화수목금토
화물,3021,하행,61,물금,12:53:00,12:53:00,통과,경부선,화수목금토
화물,3021,하행,62,화명,13:00:00,13:00:00,통과,경부선,화수목금토
화물,3021,하행,63,구포,13:02:30,13:02:30,통과,경부선,화수목금토
화물,3021,하행,64,사상,13:06:30,13:06:30,통과,경부선,화수목금토
화물,3021,하행,65,부산진,13:16:00,13:16:00,종착,경부선,화수목금토
화물,3022,상행,1,부산진,06:45:00,06:45:00,시발,경부선,화수목금토
화물,3022,상행,2,사상,06:54:30,06:54:30,통과,경부선,화수목금토
화물,3022,상행,3,구포,06:59:00,06:59:00,통과,경부선,화수목금토
화물,3022,상행,4,화명,07:01:30,07:01:30,통과,경부선,화수목금토
화물,3022,상행,5,물금,07:08:30,07:08:30,통과,경부선,화수목금토
화물,3022,상행,6,원동,07:15:00,07:15:00,통과,경부선,화수목금토
화물,3022,상행,7,삼랑진,07:21:30,07:21:30,통과,경부선,화수목금토
화물,3022,상행,8,미전,07:23:00,07:23:00,통과,경부선,화수목금토
화물,3022,상행,9,밀양,07:31:00,07:31:00,통과,경부선,화수목금토
화물,3022,상행,10,상동,07:39:00,07:39:00,통과,경부선,화수목금토
화물,3022,상행,11,신거,07:42:30,07:42:30,통과,경부선,화수목금토
화물,3022,상행,12,청도,07:46:30,07:46:30,통과,경부선,화수목금토
화물,3022,상행,13,남성현,07:53:00,07:53:00,통과,경부선,화수목금토
화물,3022,상행,14,삼성,07:59:00,07:59:00,통과,경부선,화수목금토
화물,3022,상행,15,경산,08:04:00,08:04:00,통과,경부선,화수목금토
화물,3022,상행,16,가천,08:08:00,08:08:00,통과,경부선,화수목금토
화물,3022,상행,17,고모,08:09:30,08:09:30,통과,경부선,화수목금토
화물,3022,상행,18,동대구,08:15:30,08:23:30,승무원교대,경부선,화수목금토
화물,3022,상행,19,대구,08:29:30,08:29:30,통과,경부선,화수목금토
화물,3022,상행,20,서대구,08:33:30,08:33:30,통과,경부선,화수목금토
화물,3022,상행,21,지천,08:38:00,08:38:00,통과,경부선,화수목금토
화물,3022,상행,22,신동,08:44:00,08:44:00,통과,경부선,화수목금토
화물,3022,상행,23,연화,08:47:30,08:47:30,통과,경부선,화수목금토
화물,3022,상행,24,왜관,08:52:30,08:52:30,통과,경부선,화수목금토
화물,3022,상행,25,약목,08:58:00,08:58:00,통과,경부선,화수목금토
화물,3022,상행,26,사곡,09:04:30,09:04:30,통과,경부선,화수목금토
화물,3022,상행,27,구미,09:08:30,09:08:30,통과,경부선,화수목금토
화물,3022,상행,28,아포,09:14:00,09:14:00,통과,경부선,화수목금토
화물,3022,상행,29,대신,09:18:00,09:18:00,통과,경부선,화수목금토
화물,3022,상행,30,김천,09:26:30,09:31:30,대피,경부선,화수목금토
화물,3022,상행,31,직지사,09:38:00,09:38:00,통과,경부선,화수목금토
화물,3022,상행,32,신암,09:43:00,09:43:00,통과,경부선,화수목금토
화물,3022,상행,33,추풍령,09:47:30,09:47:30,통과,경부선,화수목금토
화물,3022,상행,34,황간,09:54:00,09:54:00,통과,경부선,화수목금토
화물,3022,상행,35,영동,10:04:30,10:04:30,통과,경부선,화수목금토
화물,3022,상행,36,각계,10:09:30,10:09:30,통과,경부선,화수목금토
화물,3022,상행,37,심천,10:12:30,10:12:30,통과,경부선,화수목금토
화물,3022,상행,38,지탄,10:16:00,10:16:00,통과,경부선,화수목금토
화물,3022,상행,39,이원,10:20:00,10:20:00,통과,경부선,화수목금토
화물,3022,상행,40,옥천,10:26:00,10:26:00,통과,경부선,화수목금토
화물,3022,상행,41,세천,10:32:30,10:32:30,통과,경부선,화수목금토
화물,3022,상행,42,대전,10:39:30,10:54:30,승무원교대,경부선,화수목금토
화물,3022,상행,43,대전조,10:59:30,10:59:30,통과,경부선,화수목금토
화물,3022,상행,44,회덕,11:02:30,11:02:30,통과,경부선,화수목금토
화물,3022,상행,45,신탄진,11:08:30,11:13:30,대피,경부선,화수목금토
화물,3022,상행,46,매포,11:21:30,11:21:30,통과,경부선,화수목금토
화물,3022,상행,47,부강,11:25:30,11:25:30,통과,경부선,화수목금토
화물,3022,상행,48,내판,11:29:00,11:29:00,통과,경부선,화수목금토
화물,3022,상행,49,조치원,11:33:00,11:33:00,통과,경부선,화수목금토
화물,3022,상행,50,서창,11:35:30,11:35:30,통과,경부선,화수목금토
화물,3022,상행,51,전동,11:38:00,11:38:00,통과,경부선,화수목금토
화물,3022,상행,52,전의,11:43:30,11:43:30,통과,경부선,화수목금토
화물,3022,상행,53,소정리,11:49:00,11:49:00,통과,경부선,화수목금토
화물,3022,상행,54,천안,11:57:00,11:57:00,통과,경부선,화수목금토
화물,3022,상행,55,두정,11:59:30,11:59:30,통과,경부선,화수목금토
화물,3022,상행,56,직산,12:02:30,12:02:30,통과,경부선,화수목금토
화물,3022,상행,57,성환,12:07:30,12:17:30,대피,경부선,화수목금토
화물,3022,상행,58,평택,12:26:30,12:45:30,대피,경부선,화수목금토
화물,3022,상행,59,서정리,12:52:30,12:52:30,통과,경부선,화수목금토
화물,3022,상행,60,송탄,12:54:30,12:54:30,통과,경부선,화수목금토
화물,3022,상행,61,오산,13:01:30,13:07:30,대피,경부선,화수목금토
화물,3022,상행,62,병점,13:14:00,13:14:00,통과,경부선,화수목금토
화물,3022,상행,63,수원,13:19:00,13:19:00,통과,경부선,화수목금토
화물,3022,상행,64,의왕,13:26:00,13:26:00,통과,경부선,화수목금토
화물,3022,상행,65,오봉,13:35:00,13:35:00,종착,남부화물기,화수목금토
화물,3023,하행,1,오봉,12:20:00,12:20:00,시발,남부화물기,화수목금토
화물,3023,하행,2,의왕,12:29:00,12:29:00,통과,남부화물기,화수목금토
화물,3023,하행,3,수원,12:38:00,12:38:00,통과,경부선,화수목금토
화물,3023,하행,4,병점,12:42:30,12:42:30,통과,경부선,화수목금토
화물,3023,하행,5,오산,12:47:30,12:47:30,통과,경부선,화수목금토
화물,3023,하행,6,송탄,12:52:30,12:52:30,통과,경부선,화수목금토
화물,3023,하행,7,서정리,12:54:00,12:54:00,통과,경부선,화수목금토
화물,3023,하행,8,평택,12:59:30,12:59:30,통과,경부선,화수목금토
화물,3023,하행,9,성환,13:05:00,13:05:00,통과,경부선,화수목금토
화물,3023,하행,10,직산,13:08:30,13:08:30,통과,경부선,화수목금토
화물,3023,하행,11,두정,13:11:00,13:11:00,통과,경부선,화수목금토
화물,3023,하행,12,천안,13:13:00,13:13:00,통과,경부선,화수목금토
화물,3023,하행,13,소정리,13:19:30,13:19:30,통과,경부선,화수목금토
화물,3023,하행,14,전의,13:24:30,13:24:30,통과,경부선,화수목금토
화물,3023,하행,15,전동,13:29:30,13:29:30,통과,경부선,화수목금토
화물,3023,하행,16,서창,13:32:00,13:32:00,통과,경부선,화수목금토
화물,3023,하행,17,조치원,13:34:00,13:34:00,통과,경부선,화수목금토
화물,3023,하행,18,내판,13:37:00,13:37:00,통과,경부선,화수목금토
화물,3023,하행,19,부강,13:40:00,13:40:00,통과,경부선,화수목금토
화물,3023,하행,20,매포,13:43:00,13:43:00,통과,경부선,화수목금토
화물,3023,하행,21,신탄진,13:47:30,13:47:30,통과,경부선,화수목금토
화물,3023,하행,22,회덕,13:51:00,13:51:00,통과,경부선,화수목금토
화물,3023,하행,23,대전조,13:53:30,13:53:30,통과,경부선,화수목금토
화물,3023,하행,24,대전,13:58:30,14:03:30,승무원교대,경부선,화수목금토
화물,3023,하행,25,세천,14:11:30,14:11:30,통과,경부선,화수목금토
화물,3023,하행,26,옥천,14:17:00,14:17:00,통과,경부선,화수목금토
화물,3023,하행,27,이원,14:22:00,14:22:00,통과,경부선,화수목금토
화물,3023,하행,28,지탄,14:25:30,14:25:30,통과,경부선,화수목금토
화물,3023,하행,29,심천,14:28:30,14:28:30,통과,경부선,화수목금토
화물,3023,하행,30,각계,14:31:00,14:31:00,통과,경부선,화수목금토
화물,3023,하행,31,영동,14:35:30,14:35:30,통과,경부선,화수목금토
화물,3023,하행,32,황간,14:44:30,14:44:30,통과,경부선,화수목금토
화물,3023,하행,33,추풍령,14:50:00,14:50:00,통과,경부선,화수목금토
화물,3023,하행,34,신암,14:54:00,14:54:00,통과,경부선,화수목금토
화물,3023,하행,35,직지사,14:58:00,14:58:00,통과,경부선,화수목금토
화물,3023,하행,36,김천,15:03:00,15:03:00,통과,경부선,화수목금토
화물,3023,하행,37,대신,15:09:00,15:09:00,통과,경부선,화수목금토
화물,3023,하행,38,아포,15:12:30,15:12:30,통과,경부선,화수목금토
화물,3023,하행,39,구미,15:17:00,15:17:00,통과,경부선,화수목금토
화물,3023,하행,40,사곡,15:20:30,15:20:30,통과,경부선,화수목금토
화물,3023,하행,41,약목,15:26:00,15:26:00,통과,경부선,화수목금토
화물,3023,하행,42,왜관,15:30:30,15:30:30,통과,경부선,화수목금토
화물,3023,하행,43,연화,15:35:00,15:35:00,통과,경부선,화수목금토
화물,3023,하행,44,신동,15:38:00,15:38:00,통과,경부선,화수목금토
화물,3023,하행,45,지천,15:43:00,15:43:00,통과,경부선,화수목금토
화물,3023,하행,46,서대구,15:47:00,15:47:00,통과,경부선,화수목금토
화물,3023,하행,47,대구,15:50:00,15:50:00,통과,경부선,화수목금토
화물,3023,하행,48,동대구,15:54:30,15:57:30,승무원교대,경부선,화수목금토
화물,3023,하행,49,고모,16:03:30,16:03:30,통과,경부선,화수목금토
화물,3023,하행,50,가천,16:05:00,16:05:00,통과,경부선,화수목금토
화물,3023,하행,51,경산,16:08:30,16:08:30,통과,경부선,화수목금토
화물,3023,하행,52,삼성,16:13:00,16:13:00,통과,경부선,화수목금토
화물,3023,하행,53,남성현,16:17:30,16:17:30,통과,경부선,화수목금토
화물,3023,하행,54,청도,16:23:00,16:23:00,통과,경부선,화수목금토
화물,3023,하행,55,신거,16:26:30,16:26:30,통과,경부선,화수목금토
화물,3023,하행,56,상동,16:29:30,16:29:30,통과,경부선,화수목금토
화물,3023,하행,57,밀양,16:35:30,16:35:30,통과,경부선,화수목금토
화물,3023,하행,58,미전,16:42:30,16:42:30,통과,경부선,화수목금토
화물,3023,하행,59,삼랑진,16:43:30,16:43:30,통과,경부선,화수목금토
화물,3023,하행,60,원동,16:49:00,16:49:00,통과,경부선,화수목금토
화물,3023,하행,61,물금,16:54:30,16:54:30,통과,경부선,화수목금토
화물,3023,하행,62,화명,17:00:30,17:00:30,통과,경부선,화수목금토
화물,3023,하행,63,구포,17:02:30,17:02:30,통과,경부선,화수목금토
화물,3023,하행,64,사상,17:05:30,17:05:30,통과,경부선,화수목금토
화물,3023,하행,65,부산진,17:14:00,17:14:00,종착,경부선,화수목금토
화물,3025,하행,1,오봉,21:05:00,21:05:00,시발,남부화물기,월화수목금
화물,3025,하행,2,의왕,21:14:00,21:14:00,통과,남부화물기,월화수목금
화물,3025,하행,3,수원,21:23:30,21:23:30,통과,경부선,월화수목금
화물,3025,하행,4,병점,21:29:00,21:29:00,통과,경부선,월화수목금
화물,3025,하행,5,오산,21:35:00,21:35:00,통과,경부선,월화수목금
화물,3025,하행,6,송탄,21:41:00,21:41:00,통과,경부선,월화수목금
화물,3025,하행,7,서정리,21:43:00,21:43:00,통과,경부선,월화수목금
화물,3025,하행,8,평택,21:49:30,21:49:30,통과,경부선,월화수목금
화물,3025,하행,9,성환,21:56:30,21:56:30,통과,경부선,월화수목금
화물,3025,하행,10,직산,22:01:00,22:01:00,통과,경부선,월화수목금
화물,3025,하행,11,두정,22:04:00,22:04:00,통과,경부선,월화수목금
화물,3025,하행,12,천안,22:09:00,22:11:00,승무원교대,경부선,월화수목금
화물,3025,하행,13,소정리,22:21:00,22:21:00,통과,경부선,월화수목금
화물,3025,하행,14,전의,22:27:00,22:27:00,통과,경부선,월화수목금
화물,3025,하행,15,전동,22:33:00,22:33:00,통과,경부선,월화수목금
화물,3025,하행,16,서창,22:36:00,22:36:00,통과,경부선,월화수목금
화물,3025,하행,17,조치원,22:38:30,22:38:30,통과,경부선,월화수목금
화물,3025,하행,18,내판,22:43:00,22:43:00,통과,경부선,월화수목금
화물,3025,하행,19,부강,22:47:00,22:47:00,통과,경부선,월화수목금
화물,3025,하행,20,매포,22:50:30,22:50:30,통과,경부선,월화수목금
화물,3025,하행,21,신탄진,22:56:30,22:56:30,통과,경부선,월화수목금
화물,3025,하행,22,회덕,23:01:30,23:01:30,통과,경부선,월화수목금
화물,3025,하행,23,대전조,23:05:00,23:05:00,통과,경부선,월화수목금
화물,3025,하행,24,대전,23:10:00,23:10:00,통과,경부선,월화수목금
화물,3025,하행,25,세천,23:21:00,23:21:00,통과,경부선,월화수목금
화물,3025,하행,26,옥천,23:29:00,23:29:00,통과,경부선,월화수목금
화물,3025,하행,27,이원,23:36:00,23:36:00,통과,경부선,월화수목금
화물,3025,하행,28,지탄,23:41:00,23:41:00,통과,경부선,월화수목금
화물,3025,하행,29,심천,23:45:00,23:45:00,통과,경부선,월화수목금
화물,3025,하행,30,각계,23:48:00,23:48:00,통과,경부선,월화수목금
화물,3025,하행,31,영동,23:54:00,23:54:00,통과,경부선,월화수목금
화물,3025,하행,32,황간,00:07:00,00:07:00,통과,경부선,월화수목금
화물,3025,하행,33,추풍령,00:14:00,00:14:00,통과,경부선,월화수목금
화물,3025,하행,34,신암,00:18:30,00:18:30,통과,경부선,월화수목금
화물,3025,하행,35,직지사,00:23:00,00:23:00,통과,경부선,월화수목금
화물,3025,하행,36,김천,00:29:30,06:40:00,운전취급,경부선,월화수목금
화물,3025,하행,37,대신,06:50:00,06:50:00,통과,경부선,월화수목금
화물,3025,하행,38,아포,06:54:00,06:54:00,통과,경부선,월화수목금
화물,3025,하행,39,구미,06:59:30,06:59:30,통과,경부선,월화수목금
화물,3025,하행,40,사곡,07:03:30,07:03:30,통과,경부선,월화수목금
화물,3025,하행,41,약목,07:10:30,07:10:30,통과,경부선,월화수목금
화물,3025,하행,42,왜관,07:15:30,07:15:30,통과,경부선,월화수목금
화물,3025,하행,43,연화,07:20:30,07:20:30,통과,경부선,월화수목금
화물,3025,하행,44,신동,07:23:30,07:23:30,통과,경부선,월화수목금
화물,3025,하행,45,지천,07:29:30,07:29:30,통과,경부선,월화수목금
화물,3025,하행,46,서대구,07:33:30,07:33:30,통과,경부선,월화수목금
화물,3025,하행,47,대구,07:37:00,07:37:00,통과,경부선,월화수목금
화물,3025,하행,48,동대구,07:41:30,07:44:00,승무원교대,경부선,월화수목금
화물,3025,하행,49,고모,07:50:00,07:50:00,통과,경부선,월화수목금
화물,3025,하행,50,가천,07:51:30,07:51:30,통과,경부선,월화수목금
화물,3025,하행,51,경산,07:55:30,07:55:30,통과,경부선,월화수목금
화물,3025,하행,52,삼성,08:00:30,08:00:30,통과,경부선,월화수목금
화물,3025,하행,53,남성현,08:06:00,08:06:00,통과,경부선,월화수목금
화물,3025,하행,54,청도,08:12:30,08:12:30,통과,경부선,월화수목금
화물,3025,하행,55,신거,08:17:30,08:17:30,통과,경부선,월화수목금
화물,3025,하행,56,상동,08:21:30,08:21:30,통과,경부선,월화수목금
화물,3025,하행,57,밀양,08:29:30,08:29:30,통과,경부선,월화수목금
화물,3025,하행,58,미전,08:38:30,08:38:30,통과,경부선,월화수목금
화물,3025,하행,59,삼랑진,08:40:00,08:40:00,통과,경부선,월화수목금
화물,3025,하행,60,원동,08:47:00,08:47:00,통과,경부선,월화수목금
화물,3025,하행,61,물금,08:54:00,08:54:00,통과,경부선,월화수목금
화물,3025,하행,62,화명,09:01:00,09:01:00,통과,경부선,월화수목금
화물,3025,하행,63,구포,09:03:30,09:03:30,통과,경부선,월화수목금
화물,3025,하행,64,사상,09:07:30,09:07:30,통과,경부선,월화수목금
화물,3025,하행,65,부산진,09:17:00,09:17:00,종착,경부선,월화수목금
화물,3026,상행,1,부산진,16:06:00,16:06:00,시발,경부선,화수목금토
화물,3026,상행,2,사상,16:14:30,16:14:30,통과,경부선,화수목금토
화물,3026,상행,3,구포,16:17:30,16:17:30,통과,경부선,화수목금토
화물,3026,상행,4,화명,16:19:30,16:19:30,통과,경부선,화수목금토
화물,3026,상행,5,물금,16:25:30,16:25:30,통과,경부선,화수목금토
화물,3026,상행,6,원동,16:31:00,16:31:00,통과,경부선,화수목금토
화물,3026,상행,7,삼랑진,16:36:30,16:36:30,통과,경부선,화수목금토
화물,3026,상행,8,미전,16:37:30,16:37:30,통과,경부선,화수목금토
화물,3026,상행,9,밀양,16:44:30,16:44:30,통과,경부선,화수목금토
화물,3026,상행,10,상동,16:50:30,16:50:30,통과,경부선,화수목금토
화물,3026,상행,11,신거,16:53:30,16:53:30,통과,경부선,화수목금토
화물,3026,상행,12,청도,16:57:00,16:57:00,통과,경부선,화수목금토
화물,3026,상행,13,남성현,17:02:30,17:02:30,통과,경부선,화수목금토
화물,3026,상행,14,삼성,17:07:00,17:07:00,통과,경부선,화수목금토
화물,3026,상행,15,경산,17:11:30,17:11:30,통과,경부선,화수목금토
화물,3026,상행,16,가천,17:15:00,17:15:00,통과,경부선,화수목금토
화물,3026,상행,17,고모,17:16:00,17:16:00,통과,경부선,화수목금토
화물,3026,상행,18,동대구,17:21:00,17:24:00,승무원교대,경부선,화수목금토
화물,3026,상행,19,대구,17:29:30,17:29:30,통과,경부선,화수목금토
화물,3026,상행,20,서대구,17:33:00,17:33:00,통과,경부선,화수목금토
화물,3026,상행,21,지천,17:37:30,17:37:30,통과,경부선,화수목금토
화물,3026,상행,22,신동,17:43:00,17:43:00,통과,경부선,화수목금토
화물,3026,상행,23,연화,17:46:30,17:46:30,통과,경부선,화수목금토
화물,3026,상행,24,왜관,17:53:30,17:57:30,대피,경부선,화수목금토
화물,3026,상행,25,약목,18:04:30,18:04:30,통과,경부선,화수목금토
화물,3026,상행,26,사곡,18:10:00,18:10:00,통과,경부선,화수목금토
화물,3026,상행,27,구미,18:13:30,18:13:30,통과,경부선,화수목금토
화물,3026,상행,28,아포,18:18:00,18:18:00,통과,경부선,화수목금토
화물,3026,상행,29,대신,18:21:30,18:21:30,통과,경부선,화수목금토
화물,3026,상행,30,김천,18:27:30,18:27:30,통과,경부선,화수목금토
화물,3026,상행,31,직지사,18:32:30,18:32:30,통과,경부선,화수목금토
화물,3026,상행,32,신암,18:37:30,18:37:30,통과,경부선,화수목금토
화물,3026,상행,33,추풍령,18:41:30,18:41:30,통과,경부선,화수목금토
화물,3026,상행,34,황간,18:47:00,18:47:00,통과,경부선,화수목금토
화물,3026,상행,35,영동,18:56:00,18:56:00,통과,경부선,화수목금토
화물,3026,상행,36,각계,19:00:30,19:00:30,통과,경부선,화수목금토
화물,3026,상행,37,심천,19:03:00,19:03:00,통과,경부선,화수목금토
화물,3026,상행,38,지탄,19:06:00,19:06:00,통과,경부선,화수목금토
화물,3026,상행,39,이원,19:09:30,19:09:30,통과,경부선,화수목금토
화물,3026,상행,40,옥천,19:14:30,19:14:30,통과,경부선,화수목금토
화물,3026,상행,41,세천,19:20:00,19:20:00,통과,경부선,화수목금토
화물,3026,상행,42,대전,19:26:00,19:31:00,승무원교대,경부선,화수목금토
화물,3026,상행,43,대전조,19:36:00,19:36:00,통과,경부선,화수목금토
화물,3026,상행,44,회덕,19:38:30,19:38:30,통과,경부선,화수목금토
화물,3026,상행,45,신탄진,19:42:00,19:42:00,통과,경부선,화수목금토
화물,3026,상행,46,매포,19:46:30,19:46:30,통과,경부선,화수목금토
화물,3026,상행,47,부강,19:49:30,19:49:30,통과,경부선,화수목금토
화물,3026,상행,48,내판,19:52:30,19:52:30,통과,경부선,화수목금토
화물,3026,상행,49,조치원,19:56:00,19:56:00,통과,경부선,화수목금토
화물,3026,상행,50,서창,19:58:00,19:58:00,통과,경부선,화수목금토
화물,3026,상행,51,전동,20:00:30,20:00:30,통과,경부선,화수목금토
화물,3026,상행,52,전의,20:06:00,20:06:00,통과,경부선,화수목금토
화물,3026,상행,53,소정리,20:10:30,20:10:30,통과,경부선,화수목금토
화물,3026,상행,54,천안,20:17:30,20:17:30,통과,경부선,화수목금토
화물,3026,상행,55,두정,20:19:30,20:19:30,통과,경부선,화수목금토
화물,3026,상행,56,직산,20:22:00,20:22:00,통과,경부선,화수목금토
화물,3026,상행,57,성환,20:25:30,20:25:30,통과,경부선,화수목금토
화물,3026,상행,58,평택,20:31:00,20:31:00,통과,경부선,화수목금토
화물,3026,상행,59,서정리,20:36:30,20:36:30,통과,경부선,화수목금토
화물,3026,상행,60,송탄,20:38:00,20:38:00,통과,경부선,화수목금토
화물,3026,상행,61,오산,20:43:00,20:43:00,통과,경부선,화수목금토
화물,3026,상행,62,병점,20:48:00,20:48:00,통과,경부선,화수목금토
화물,3026,상행,63,수원,20:52:30,20:52:30,통과,경부선,화수목금토
화물,3026,상행,64,의왕,21:01:30,21:01:30,통과,경부선,화수목금토
화물,3026,상행,65,오봉,21:08:00,21:08:00,종착,남부화물기,화수목금토
화물,3027,하행,1,오봉,21:35:00,21:35:00,시발,남부화물기,월화수목금
화물,3027,하행,2,의왕,21:43:00,21:43:00,통과,남부화물기,월화수목금
화물,3027,하행,3,수원,21:52:00,21:52:00,통과,경부선,월화수목금
화물,3027,하행,4,병점,21:57:30,21:57:30,통과,경부선,월화수목금
화물,3027,하행,5,오산,22:05:30,22:10:30,대피,경부선,월화수목금
화물,3027,하행,6,송탄,22:18:30,22:18:30,통과,경부선,월화수목금
화물,3027,하행,7,서정리,22:20:30,22:20:30,통과,경부선,월화수목금
화물,3027,하행,8,평택,22:27:00,22:27:00,통과,경부선,월화수목금
화물,3027,하행,9,성환,22:33:30,22:33:30,통과,경부선,월화수목금
화물,3027,하행,10,직산,22:38:00,22:38:00,통과,경부선,월화수목금
화물,3027,하행,11,두정,22:41:00,22:41:00,통과,경부선,월화수목금
화물,3027,하행,12,천안,22:44:00,22:44:00,통과,경부선,월화수목금
화물,3027,하행,13,소정리,22:53:00,22:53:00,통과,경부선,월화수목금
화물,3027,하행,14,전의,22:59:00,22:59:00,통과,경부선,월화수목금
화물,3027,하행,15,전동,23:05:00,23:05:00,통과,경부선,월화수목금
화물,3027,하행,16,서창,23:08:00,23:08:00,통과,경부선,월화수목금
화물,3027,하행,17,조치원,23:10:30,23:10:30,통과,경부선,월화수목금
화물,3027,하행,18,내판,23:15:00,23:15:00,통과,경부선,월화수목금
화물,3027,하행,19,부강,23:19:00,23:19:00,통과,경부선,월화수목금
화물,3027,하행,20,매포,23:22:30,23:22:30,통과,경부선,월화수목금
화물,3027,하행,21,신탄진,23:28:30,23:28:30,통과,경부선,월화수목금
화물,3027,하행,22,회덕,23:33:30,23:33:30,통과,경부선,월화수목금
화물,3027,하행,23,대전조,23:39:00,05:34:00,운전취급,경부선,월화수목금
화물,3027,하행,24,대전,05:40:30,05:40:30,통과,경부선,월화수목금
화물,3027,하행,25,세천,05:50:30,05:50:30,통과,경부선,월화수목금
화물,3027,하행,26,옥천,05:58:30,05:58:30,통과,경부선,월화수목금
화물,3027,하행,27,이원,06:05:30,06:05:30,통과,경부선,월화수목금
화물,3027,하행,28,지탄,06:10:30,06:10:30,통과,경부선,월화수목금
화물,3027,하행,29,심천,06:14:30,06:14:30,통과,경부선,월화수목금
화물,3027,하행,30,각계,06:17:30,06:17:30,통과,경부선,월화수목금
화물,3027,하행,31,영동,06:23:30,06:23:30,통과,경부선,월화수목금
화물,3027,하행,32,황간,06:36:30,06:36:30,통과,경부선,월화수목금
화물,3027,하행,33,추풍령,06:43:30,06:43:30,통과,경부선,월화수목금
화물,3027,하행,34,신암,06:48:00,06:48:00,통과,경부선,월화수목금
화물,3027,하행,35,직지사,06:52:30,06:52:30,통과,경부선,월화수목금
화물,3027,하행,36,김천,06:58:30,06:58:30,통과,경부선,월화수목금
화물,3027,하행,37,대신,07:06:30,07:06:30,통과,경부선,월화수목금
화물,3027,하행,38,아포,07:11:30,07:11:30,통과,경부선,월화수목금
화물,3027,하행,39,구미,07:17:30,07:17:30,통과,경부선,월화수목금
화물,3027,하행,40,사곡,07:21:30,07:21:30,통과,경부선,월화수목금
화물,3027,하행,41,약목,07:28:30,07:28:30,통과,경부선,월화수목금
화물,3027,하행,42,왜관,07:33:30,07:33:30,통과,경부선,월화수목금
화물,3027,하행,43,연화,07:38:30,07:38:30,통과,경부선,월화수목금
화물,3027,하행,44,신동,07:41:30,07:41:30,통과,경부선,월화수목금
화물,3027,하행,45,지천,07:47:30,07:47:30,통과,경부선,월화수목금
화물,3027,하행,46,서대구,07:52:00,07:52:00,통과,경부선,월화수목금
화물,3027,하행,47,대구,07:55:30,07:55:30,통과,경부선,월화수목금
화물,3027,하행,48,동대구,08:00:00,08:12:00,승무원교대,경부선,월화수목금
화물,3027,하행,49,고모,08:18:00,08:18:00,통과,경부선,월화수목금
화물,3027,하행,50,가천,08:19:30,08:19:30,통과,경부선,월화수목금
화물,3027,하행,51,경산,08:23:00,08:23:00,통과,경부선,월화수목금
화물,3027,하행,52,삼성,08:29:00,08:29:00,통과,경부선,월화수목금
화물,3027,하행,53,남성현,08:36:00,08:36:00,통과,경부선,월화수목금
화물,3027,하행,54,청도,08:43:00,08:43:00,통과,경부선,월화수목금
화물,3027,하행,55,신거,08:46:30,08:46:30,통과,경부선,월화수목금
화물,3027,하행,56,상동,08:50:00,08:50:00,통과,경부선,월화수목금
화물,3027,하행,57,밀양,08:56:30,08:56:30,통과,경부선,월화수목금
화물,3027,하행,58,미전,09:04:30,09:04:30,통과,경부선,월화수목금
화물,3027,하행,59,삼랑진,09:06:00,09:06:00,통과,경부선,월화수목금
화물,3027,하행,60,원동,09:13:00,09:13:00,통과,경부선,월화수목금
화물,3027,하행,61,물금,09:20:00,09:20:00,통과,경부선,월화수목금
화물,3027,하행,62,화명,09:27:00,09:27:00,통과,경부선,월화수목금
화물,3027,하행,63,구포,09:29:30,09:29:30,통과,경부선,월화수목금
화물,3027,하행,64,사상,09:33:30,09:33:30,통과,경부선,월화수목금
화물,3027,하행,65,부산진,09:45:00,09:45:00,종착,경부선,월화수목금
화물,3028,상행,1,부산진,20:08:00,20:08:00,시발,경부선,월화수목금
화물,3028,상행,2,사상,20:19:30,20:19:30,통과,경부선,월화수목금
화물,3028,상행,3,구포,20:23:30,20:23:30,통과,경부선,월화수목금
화물,3028,상행,4,화명,20:26:00,20:26:00,통과,경부선,월화수목금
화물,3028,상행,5,물금,20:33:00,20:33:00,통과,경부선,월화수목금
화물,3028,상행,6,원동,20:40:00,20:40:00,통과,경부선,월화수목금
화물,3028,상행,7,삼랑진,20:47:00,20:47:00,통과,경부선,월화수목금
화물,3028,상행,8,미전,20:48:30,20:48:30,통과,경부선,월화수목금
화물,3028,상행,9,밀양,20:57:30,20:57:30,통과,경부선,월화수목금
화물,3028,상행,10,상동,21:05:30,21:05:30,통과,경부선,월화수목금
화물,3028,상행,11,신거,21:09:30,21:09:30,통과,경부선,월화수목금
화물,3028,상행,12,청도,21:16:00,21:20:00,대피,경부선,월화수목금
화물,3028,상행,13,남성현,21:30:30,21:44:30,대피,경부선,월화수목금
화물,3028,상행,14,삼성,21:52:30,21:52:30,통과,경부선,월화수목금
화물,3028,상행,15,경산,21:58:30,21:58:30,통과,경부선,월화수목금
화물,3028,상행,16,가천,22:02:30,22:02:30,통과,경부선,월화수목금
화물,3028,상행,17,고모,22:04:00,22:04:00,통과,경부선,월화수목금
화물,3028,상행,18,동대구,22:10:00,22:13:00,승무원교대,경부선,월화수목금
화물,3028,상행,19,대구,22:18:00,22:18:00,통과,경부선,월화수목금
화물,3028,상행,20,서대구,22:21:30,22:21:30,통과,경부선,월화수목금
화물,3028,상행,21,지천,22:25:30,22:25:30,통과,경부선,월화수목금
화물,3028,상행,22,신동,22:31:30,22:31:30,통과,경부선,월화수목금
화물,3028,상행,23,연화,22:34:30,22:34:30,통과,경부선,월화수목금
화물,3028,상행,24,왜관,22:39:30,22:39:30,통과,경부선,월화수목금
화물,3028,상행,25,약목,22:44:30,22:44:30,통과,경부선,월화수목금
화물,3028,상행,26,사곡,22:51:30,22:51:30,통과,경부선,월화수목금
화물,3028,상행,27,구미,22:55:30,22:55:30,통과,경부선,월화수목금
화물,3028,상행,28,아포,23:01:30,23:01:30,통과,경부선,월화수목금
화물,3028,상행,29,대신,23:06:30,23:06:30,통과,경부선,월화수목금
화물,3028,상행,30,김천,23:14:30,23:14:30,통과,경부선,월화수목금
화물,3028,상행,31,직지사,23:21:30,23:21:30,통과,경부선,월화수목금
화물,3028,상행,32,신암,23:28:30,23:28:30,통과,경부선,월화수목금
화물,3028,상행,33,추풍령,23:35:30,23:35:30,통과,경부선,월화수목금
화물,3028,상행,34,황간,23:42:30,23:42:30,통과,경부선,월화수목금
화물,3028,상행,35,영동,23:52:30,23:52:30,통과,경부선,월화수목금
화물,3028,상행,36,각계,23:58:30,23:58:30,통과,경부선,월화수목금
화물,3028,상행,37,심천,00:01:30,00:01:30,통과,경부선,월화수목금
화물,3028,상행,38,지탄,00:05:30,00:05:30,통과,경부선,월화수목금
화물,3028,상행,39,이원,00:10:30,00:10:30,통과,경부선,월화수목금
화물,3028,상행,40,옥천,00:17:30,00:17:30,통과,경부선,월화수목금
화물,3028,상행,41,세천,00:27:00,00:32:00,대피,경부선,월화수목금
화물,3028,상행,42,대전,00:41:00,05:03:30,승무원교대,경부선,월화수목금
화물,3028,상행,43,대전조,05:09:00,05:09:00,통과,경부선,월화수목금
화물,3028,상행,44,회덕,05:12:30,05:12:30,통과,경부선,월화수목금
화물,3028,상행,45,신탄진,05:17:30,05:17:30,통과,경부선,월화수목금
화물,3028,상행,46,매포,05:23:30,05:23:30,통과,경부선,월화수목금
화물,3028,상행,47,부강,05:27:00,05:27:00,통과,경부선,월화수목금
화물,3028,상행,48,내판,05:31:00,05:31:00,통과,경부선,월화수목금
화물,3028,상행,49,조치원,05:35:30,05:35:30,통과,경부선,월화수목금
화물,3028,상행,50,서창,05:38:00,05:38:00,통과,경부선,월화수목금
화물,3028,상행,51,전동,05:41:00,05:41:00,통과,경부선,월화수목금
화물,3028,상행,52,전의,05:47:00,05:47:00,통과,경부선,월화수목금
화물,3028,상행,53,소정리,05:53:00,05:53:00,통과,경부선,월화수목금
화물,3028,상행,54,천안,06:02:00,06:02:00,통과,경부선,월화수목금
화물,3028,상행,55,두정,06:05:00,06:05:00,통과,경부선,월화수목금
화물,3028,상행,56,직산,06:08:00,06:08:00,통과,경부선,월화수목금
화물,3028,상행,57,성환,06:12:30,06:12:30,통과,경부선,월화수목금
화물,3028,상행,58,평택,06:19:30,06:19:30,통과,경부선,월화수목금
화물,3028,상행,59,서정리,06:26:00,06:26:00,통과,경부선,월화수목금
화물,3028,상행,60,송탄,06:28:00,06:28:00,통과,경부선,월화수목금
화물,3028,상행,61,오산,06:34:00,06:34:00,통과,경부선,월화수목금
화물,3028,상행,62,병점,06:40:00,06:40:00,통과,경부선,월화수목금
화물,3028,상행,63,수원,06:45:30,06:45:30,통과,경부선,월화수목금
화물,3028,상행,64,의왕,06:53:30,06:53:30,통과,경부선,월화수목금
화물,3028,상행,65,오봉,07:01:00,07:01:00,종착,남부화물기,월화수목금
화물,3031,하행,1,영일만,08:04:00,08:04:00,시발,영일만항선,월화수목금
화물,3031,하행,2,포항,08:19:00,09:09:00,화물취급,영일만항선,월화수목금
화물,3031,하행,3,월포,09:23:00,09:23:00,통과,동해선,월화수목금
화물,3031,하행,4,장사,09:30:00,09:30:00,통과,동해선,월화수목금
화물,3031,하행,5,강구,09:37:00,09:37:00,통과,동해선,월화수목금
화물,3031,하행,6,영덕,09:45:30,09:50:30,교행,동해선,월화수목금
화물,3031,하행,7,영해,10:05:00,10:05:00,통과,동해선,월화수목금
화물,3031,하행,8,고래불,10:11:30,10:11:30,통과,동해선,월화수목금
화물,3031,하행,9,후포,10:19:30,10:19:30,통과,동해선,월화수목금
화물,3031,하행,10,평해,10:24:30,10:24:30,통과,동해선,월화수목금
화물,3031,하행,11,기성,10:31:30,10:31:30,통과,동해선,월화수목금
화물,3031,하행,12,매화,10:41:00,10:41:00,통과,동해선,월화수목금
화물,3031,하행,13,울진,10:53:00,11:04:00,교행,동해선,월화수목금
화물,3031,하행,14,죽변,11:12:30,11:12:30,통과,동해선,월화수목금
화물,3031,하행,15,흥부,11:18:30,11:18:30,통과,동해선,월화수목금
화물,3031,하행,16,옥원,11:27:30,11:27:30,통과,동해선,월화수목금
화물,3031,하행,17,임원,11:33:30,11:33:30,통과,동해선,월화수목금
화물,3031,하행,18,근덕,11:42:00,11:42:00,통과,동해선,월화수목금
화물,3031,하행,19,삼척,11:57:30,12:04:30,교행,동해선,월화수목금
화물,3031,하행,20,삼척해,12:14:00,12:14:00,통과,삼척선,월화수목금
화물,3031,하행,21,추암,12:16:00,12:16:00,통과,삼척선,월화수목금
화물,3031,하행,22,동해,12:27:00,12:47:00,승무원교대,삼척선,월화수목금
화물,3031,하행,23,묵호,12:55:00,12:55:00,통과,영동선,월화수목금
화물,3031,하행,24,망상,13:01:00,13:01:00,통과,영동선,월화수목금
화물,3031,하행,25,망상해,13:02:00,13:02:00,통과,영동선,월화수목금
화물,3031,하행,26,옥계,13:10:00,13:19:00,교행,영동선,월화수목금
화물,3031,하행,27,정동진,13:32:00,13:32:00,통과,영동선,월화수목금
화물,3031,하행,28,안인,13:41:00,13:41:00,종착,영동선,월화수목금
근거리,Y3031,하행,1,포항,07:00:00,07:00:00,시발,영일만항선,월화수목금
근거리,Y3031,하행,2,영일만,07:15:00,07:15:00,종착,영일만항선,월화수목금
화물,3032,상행,1,안인,09:40:00,09:40:00,시발,영동선,월화수목금
화물,3032,상행,2,정동진,09:50:00,09:50:00,통과,영동선,월화수목금
화물,3032,상행,3,옥계,10:01:00,10:21:00,교행,영동선,월화수목금
화물,3032,상행,4,망상해,10:27:00,10:27:00,통과,영동선,월화수목금
화물,3032,상행,5,망상,10:28:00,10:28:00,통과,영동선,월화수목금
화물,3032,상행,6,묵호,10:34:00,10:44:00,교행,영동선,월화수목금
화물,3032,상행,7,동해,10:52:00,11:02:00,승무원교대,영동선,월화수목금
화물,3032,상행,8,추암,11:12:00,11:12:00,통과,삼척선,월화수목금
화물,3032,상행,9,삼척해,11:14:00,11:14:00,통과,삼척선,월화수목금
화물,3032,상행,10,삼척,11:22:00,11:22:00,통과,삼척선,월화수목금
화물,3032,상행,11,근덕,11:37:00,11:42:00,교행,동해선,월화수목금
화물,3032,상행,12,임원,11:52:30,11:52:30,통과,동해선,월화수목금
화물,3032,상행,13,옥원,11:58:30,11:58:30,통과,동해선,월화수목금
화물,3032,상행,14,흥부,12:07:30,12:07:30,통과,동해선,월화수목금
화물,3032,상행,15,죽변,12:13:00,12:13:00,통과,동해선,월화수목금
화물,3032,상행,16,울진,12:20:30,12:48:30,대피,동해선,월화수목금
화물,3032,상행,17,매화,12:59:30,12:59:30,통과,동해선,월화수목금
화물,3032,상행,18,기성,13:08:30,13:08:30,통과,동해선,월화수목금
화물,3032,상행,19,평해,13:15:00,13:15:00,통과,동해선,월화수목금
화물,3032,상행,20,후포,13:19:30,13:19:30,통과,동해선,월화수목금
화물,3032,상행,21,고래불,13:27:30,13:27:30,통과,동해선,월화수목금
화물,3032,상행,22,영해,13:34:00,13:34:00,통과,동해선,월화수목금
화물,3032,상행,23,영덕,13:48:00,14:05:30,교행,동해선,월화수목금
화물,3032,상행,24,강구,14:13:30,14:13:30,통과,동해선,월화수목금
화물,3032,상행,25,장사,14:20:30,14:20:30,통과,동해선,월화수목금
화물,3032,상행,26,월포,14:27:30,14:27:30,통과,동해선,월화수목금
화물,3032,상행,27,포항,14:41:00,15:21:00,운전취급,동해선,월화수목금
화물,3032,상행,28,영일만,15:36:00,15:36:00,종착,영일만항선,월화수목금
근거리,R3032,상행,1,영일만,16:16:00,16:16:00,시발,영일만항선,월화수목금
근거리,Y3032,하행,1,동해,06:14:00,06:14:00,시발,영동선,월화수목금
근거리,R3032,상행,2,포항,16:31:00,16:31:00,종착,영일만항선,월화수목금
근거리,Y3032,하행,2,묵호,06:22:30,06:22:30,통과,영동선,월화수목금
근거리,Y3032,하행,3,망상,06:30:00,06:30:00,통과,영동선,월화수목금
근거리,Y3032,하행,4,망상해,06:32:00,06:32:00,통과,영동선,월화수목금
근거리,Y3032,하행,5,옥계,06:39:00,06:54:00,교행,영동선,월화수목금
근거리,Y3032,하행,6,정동진,07:05:30,07:08:30,운전취급,영동선,월화수목금
근거리,Y3032,하행,7,안인,07:19:00,07:19:00,종착,영동선,월화수목금
화물,3033,하행,1,포항,18:46:00,18:46:00,시발,영일만항선,월화수목금
화물,3033,하행,2,월포,19:00:00,19:00:00,통과,동해선,월화수목금
화물,3033,하행,3,장사,19:07:00,19:07:00,통과,동해선,월화수목금
화물,3033,하행,4,강구,19:14:00,19:14:00,통과,동해선,월화수목금
화물,3033,하행,5,영덕,19:20:00,19:20:00,통과,동해선,월화수목금
화물,3033,하행,6,영해,19:31:00,19:31:00,통과,동해선,월화수목금
화물,3033,하행,7,고래불,19:39:30,19:46:00,교행,동해선,월화수목금
화물,3033,하행,8,후포,19:55:00,19:55:00,통과,동해선,월화수목금
화물,3033,하행,9,평해,20:00:00,20:00:00,통과,동해선,월화수목금
화물,3033,하행,10,기성,20:07:00,20:07:00,통과,동해선,월화수목금
화물,3033,하행,11,매화,20:16:30,20:16:30,통과,동해선,월화수목금
화물,3033,하행,12,울진,20:28:00,20:42:30,교행,동해선,월화수목금
화물,3033,하행,13,죽변,20:50:30,20:50:30,통과,동해선,월화수목금
화물,3033,하행,14,흥부,20:56:30,20:56:30,통과,동해선,월화수목금
화물,3033,하행,15,옥원,21:07:30,21:11:30,교행,동해선,월화수목금
화물,3033,하행,16,임원,21:19:30,21:19:30,통과,동해선,월화수목금
화물,3033,하행,17,근덕,21:28:00,21:28:00,통과,동해선,월화수목금
화물,3033,하행,18,삼척,21:41:00,21:41:00,통과,동해선,월화수목금
화물,3033,하행,19,삼척해,21:49:00,21:49:00,통과,삼척선,월화수목금
화물,3033,하행,20,추암,21:51:00,21:51:00,통과,삼척선,월화수목금
화물,3033,하행,21,동해,22:02:00,22:02:00,종착,삼척선,월화수목금
화물,3034,상행,1,안인,15:53:00,15:53:00,시발,영동선,월화수목금
화물,3034,상행,2,정동진,16:02:00,16:07:00,교행,영동선,월화수목금
화물,3034,상행,3,옥계,16:18:00,16:33:00,교행,영동선,월화수목금
화물,3034,상행,4,망상해,16:39:00,16:39:00,통과,영동선,월화수목금
화물,3034,상행,5,망상,16:40:00,16:40:00,통과,영동선,월화수목금
화물,3034,상행,6,묵호,16:46:00,16:46:00,통과,영동선,월화수목금
화물,3034,상행,7,동해,16:54:00,17:41:00,승무원교대,영동선,월화수목금
화물,3034,상행,8,추암,17:51:00,17:51:00,통과,삼척선,월화수목금
화물,3034,상행,9,삼척해,17:53:00,17:53:00,통과,삼척선,월화수목금
화물,3034,상행,10,삼척,18:02:00,18:28:00,대피,삼척선,월화수목금
화물,3034,상행,11,근덕,18:43:00,18:43:00,통과,동해선,월화수목금
화물,3034,상행,12,임원,18:51:30,18:51:30,통과,동해선,월화수목금
화물,3034,상행,13,옥원,18:57:30,18:57:30,통과,동해선,월화수목금
화물,3034,상행,14,흥부,19:06:30,19:06:30,통과,동해선,월화수목금
화물,3034,상행,15,죽변,19:12:30,19:12:30,통과,동해선,월화수목금
화물,3034,상행,16,울진,19:20:30,19:39:30,교행,동해선,월화수목금
화물,3034,상행,17,매화,19:51:00,19:51:00,통과,동해선,월화수목금
화물,3034,상행,18,기성,20:02:30,20:07:30,교행,동해선,월화수목금
화물,3034,상행,19,평해,20:16:30,20:16:30,통과,동해선,월화수목금
화물,3034,상행,20,후포,20:21:30,20:21:30,통과,동해선,월화수목금
화물,3034,상행,21,고래불,20:29:30,20:29:30,통과,동해선,월화수목금
화물,3034,상행,22,영해,20:36:00,20:36:00,통과,동해선,월화수목금
화물,3034,상행,23,영덕,20:50:00,20:59:00,교행,동해선,월화수목금
화물,3034,상행,24,강구,21:07:00,21:07:00,통과,동해선,월화수목금
화물,3034,상행,25,장사,21:14:00,21:14:00,통과,동해선,월화수목금
화물,3034,상행,26,월포,21:21:00,21:21:00,통과,동해선,월화수목금
화물,3034,상행,27,포항,21:35:00,21:35:00,종착,동해선,월화수목금
화물,3041,하행,1,삽교,11:46:00,11:46:00,시발,장항선,매일
화물,3041,하행,2,예산,11:55:00,11:55:00,통과,장항선,매일
화물,3041,하행,3,신례원,11:59:30,11:59:30,통과,장항선,매일
화물,3041,하행,4,도고온,12:03:30,12:03:30,통과,장항선,매일
화물,3041,하행,5,신창,12:08:30,12:08:30,통과,장항선,매일
화물,3041,하행,6,온양온,12:13:00,12:13:00,통과,장항선,매일
화물,3041,하행,7,배방,12:17:30,12:17:30,통과,장항선,매일
화물,3041,하행,8,탕정,12:20:30,12:20:30,통과,장항선,매일
화물,3041,하행,9,아산,12:22:00,12:22:00,통과,장항선,매일
화물,3041,하행,10,쌍용나,12:24:00,12:24:00,통과,장항선,매일
화물,3041,하행,11,봉명,12:26:00,12:26:00,통과,장항선,매일
화물,3041,하행,12,천안,12:29:00,13:21:00,화물취급,장항선,매일
화물,3041,하행,13,소정리,13:33:00,13:38:00,대피,경부선,매일
화물,3041,하행,14,전의,13:46:00,13:46:00,통과,경부선,매일
화물,3041,하행,15,전동,13:52:00,13:52:00,통과,경부선,매일
화물,3041,하행,16,서창,13:55:00,13:55:00,통과,경부선,매일
화물,3041,하행,17,조치원,13:57:30,13:57:30,통과,경부선,매일
화물,3041,하행,18,내판,14:02:00,14:02:00,통과,경부선,매일
화물,3041,하행,19,부강,14:06:00,14:06:00,통과,경부선,매일
화물,3041,하행,20,매포,14:09:30,14:09:30,통과,경부선,매일
화물,3041,하행,21,신탄진,14:15:30,14:15:30,통과,경부선,매일
화물,3041,하행,22,회덕,14:20:30,14:20:30,통과,경부선,매일
화물,3041,하행,23,대전조,14:24:00,14:24:00,통과,경부선,매일
화물,3041,하행,24,대전,14:29:30,14:33:30,승무원교대,경부선,매일
화물,3041,하행,25,세천,14:44:30,14:44:30,통과,경부선,매일
화물,3041,하행,26,옥천,14:52:30,14:52:30,통과,경부선,매일
화물,3041,하행,27,이원,14:59:30,14:59:30,통과,경부선,매일
화물,3041,하행,28,지탄,15:04:30,15:04:30,통과,경부선,매일
화물,3041,하행,29,심천,15:08:30,15:08:30,통과,경부선,매일
화물,3041,하행,30,각계,15:11:30,15:11:30,통과,경부선,매일
화물,3041,하행,31,영동,15:17:30,15:17:30,통과,경부선,매일
화물,3041,하행,32,황간,15:30:30,15:30:30,통과,경부선,매일
화물,3041,하행,33,추풍령,15:37:30,15:37:30,통과,경부선,매일
화물,3041,하행,34,신암,15:42:00,15:42:00,통과,경부선,매일
화물,3041,하행,35,직지사,15:48:30,15:53:30,대피,경부선,매일
화물,3041,하행,36,김천,16:01:30,16:01:30,통과,경부선,매일
화물,3041,하행,37,대신,16:09:30,16:09:30,통과,경부선,매일
화물,3041,하행,38,아포,16:14:30,16:14:30,통과,경부선,매일
화물,3041,하행,39,구미,16:20:30,16:20:30,통과,경부선,매일
화물,3041,하행,40,사곡,16:24:30,16:24:30,통과,경부선,매일
화물,3041,하행,41,약목,16:31:30,16:31:30,통과,경부선,매일
화물,3041,하행,42,왜관,16:36:30,16:36:30,통과,경부선,매일
화물,3041,하행,43,연화,16:41:30,16:41:30,통과,경부선,매일
화물,3041,하행,44,신동,16:44:30,16:44:30,통과,경부선,매일
화물,3041,하행,45,지천,16:50:30,16:50:30,통과,경부선,매일
화물,3041,하행,46,서대구,16:55:00,16:55:00,통과,경부선,매일
화물,3041,하행,47,대구,16:58:30,16:58:30,통과,경부선,매일
화물,3041,하행,48,동대구,17:03:00,17:10:00,승무원교대,경부선,매일
화물,3041,하행,49,고모,17:16:00,17:16:00,통과,경부선,매일
화물,3041,하행,50,가천,17:17:30,17:17:30,통과,경부선,매일
화물,3041,하행,51,경산,17:21:30,17:21:30,통과,경부선,매일
화물,3041,하행,52,삼성,17:27:30,17:27:30,통과,경부선,매일
화물,3041,하행,53,남성현,17:36:30,17:50:30,대피,경부선,매일
화물,3041,하행,54,청도,17:59:30,17:59:30,통과,경부선,매일
화물,3041,하행,55,신거,18:04:30,18:04:30,통과,경부선,매일
화물,3041,하행,56,상동,18:08:30,18:08:30,통과,경부선,매일
화물,3041,하행,57,밀양,18:16:30,18:16:30,통과,경부선,매일
화물,3041,하행,58,미전,18:25:30,18:25:30,통과,경부선,매일
화물,3041,하행,59,낙동강,18:28:00,18:28:00,통과,미전선,매일
화물,3041,하행,60,한림정,18:35:00,18:35:00,통과,경전선,매일
화물,3041,하행,61,진영,18:39:00,18:39:00,통과,경전선,매일
화물,3041,하행,62,진례,18:42:00,18:42:00,통과,경전선,매일
화물,3041,하행,63,장유,18:50:00,18:50:00,통과,부산신항선,매일
화물,3041,하행,64,부산항,19:02:00,19:02:00,종착,부산신항선,매일
근거리,R3041,하행,1,부산항,19:03:00,19:03:00,시발,신항남선,일월화수목금토
근거리,R3041,하행,2,남철송,19:15:00,19:15:00,종착,신항남선,일월화수목금토
근거리,P3042,상행,1,남철송,04:00:00,04:00:00,시발,신항남선,일월화수목금토
근거리,P3042,상행,2,부산항,04:12:00,04:12:00,종착,신항남선,일월화수목금토
화물,3042,상행,1,부산항,04:13:00,04:13:00,시발,부산신항선,매일
화물,3042,상행,2,장유,04:25:00,04:25:00,통과,부산신항선,매일
화물,3042,상행,3,진례,04:35:00,04:35:00,통과,부산신항선,매일
화물,3042,상행,4,진영,04:38:00,04:38:00,통과,경전선,매일
화물,3042,상행,5,한림정,04:42:00,04:42:00,통과,경전선,매일
화물,3042,상행,6,낙동강,04:49:00,04:49:00,통과,경전선,매일
화물,3042,상행,7,미전,04:50:30,04:50:30,통과,미전선,매일
화물,3042,상행,8,밀양,04:59:30,04:59:30,통과,경부선,매일
화물,3042,상행,9,상동,05:07:30,05:07:30,통과,경부선,매일
화물,3042,상행,10,신거,05:11:30,05:11:30,통과,경부선,매일
화물,3042,상행,11,청도,05:16:30,05:16:30,통과,경부선,매일
화물,3042,상행,12,남성현,05:24:30,05:24:30,통과,경부선,매일
화물,3042,상행,13,삼성,05:31:30,05:31:30,통과,경부선,매일
화물,3042,상행,14,경산,05:37:30,05:37:30,통과,경부선,매일
화물,3042,상행,15,가천,05:41:30,05:41:30,통과,경부선,매일
화물,3042,상행,16,고모,05:43:00,05:43:00,통과,경부선,매일
화물,3042,상행,17,동대구,05:48:00,05:52:00,대피,경부선,매일
화물,3042,상행,18,대구,05:57:00,05:57:00,통과,경부선,매일
화물,3042,상행,19,서대구,06:00:30,06:00:30,통과,경부선,매일
화물,3042,상행,20,지천,06:04:30,06:04:30,통과,경부선,매일
화물,3042,상행,21,신동,06:10:30,06:10:30,통과,경부선,매일
화물,3042,상행,22,연화,06:13:30,06:13:30,통과,경부선,매일
화물,3042,상행,23,왜관,06:18:30,06:18:30,통과,경부선,매일
화물,3042,상행,24,약목,06:23:30,06:23:30,통과,경부선,매일
화물,3042,상행,25,사곡,06:30:30,06:30:30,통과,경부선,매일
화물,3042,상행,26,구미,06:34:30,06:34:30,통과,경부선,매일
화물,3042,상행,27,아포,06:40:30,06:40:30,통과,경부선,매일
화물,3042,상행,28,대신,06:45:30,06:45:30,통과,경부선,매일
화물,3042,상행,29,김천,06:55:00,06:59:00,승무원교대,경부선,매일
화물,3042,상행,30,직지사,07:07:30,07:07:30,통과,경부선,매일
화물,3042,상행,31,신암,07:14:30,07:14:30,통과,경부선,매일
화물,3042,상행,32,추풍령,07:21:30,07:21:30,통과,경부선,매일
화물,3042,상행,33,황간,07:28:30,07:28:30,통과,경부선,매일
화물,3042,상행,34,영동,07:38:30,07:38:30,통과,경부선,매일
화물,3042,상행,35,각계,07:44:30,07:44:30,통과,경부선,매일
화물,3042,상행,36,심천,07:47:30,07:47:30,통과,경부선,매일
화물,3042,상행,37,지탄,07:51:30,07:51:30,통과,경부선,매일
화물,3042,상행,38,이원,07:56:30,07:56:30,통과,경부선,매일
화물,3042,상행,39,옥천,08:03:30,08:03:30,통과,경부선,매일
화물,3042,상행,40,세천,08:11:30,08:11:30,통과,경부선,매일
화물,3042,상행,41,대전,08:18:30,08:18:30,통과,경부선,매일
화물,3042,상행,42,대전조,08:23:00,08:23:00,통과,경부선,매일
화물,3042,상행,43,회덕,08:26:30,08:26:30,통과,경부선,매일
화물,3042,상행,44,신탄진,08:31:30,08:31:30,통과,경부선,매일
화물,3042,상행,45,매포,08:37:30,08:37:30,통과,경부선,매일
화물,3042,상행,46,부강,08:41:00,08:41:00,통과,경부선,매일
화물,3042,상행,47,내판,08:45:00,08:45:00,통과,경부선,매일
화물,3042,상행,48,조치원,08:49:30,08:49:30,통과,경부선,매일
화물,3042,상행,49,서창,08:52:00,08:52:00,통과,경부선,매일
화물,3042,상행,50,전동,08:55:00,08:55:00,통과,경부선,매일
화물,3042,상행,51,전의,09:01:00,09:01:00,통과,경부선,매일
화물,3042,상행,52,소정리,09:07:00,09:07:00,통과,경부선,매일
화물,3042,상행,53,천안,09:17:00,10:00:00,운전취급,경부선,매일
화물,3042,상행,54,봉명,10:03:00,10:03:00,통과,장항선,매일
화물,3042,상행,55,쌍용나,10:05:00,10:05:00,통과,장항선,매일
화물,3042,상행,56,아산,10:07:00,10:07:00,통과,장항선,매일
화물,3042,상행,57,탕정,10:08:30,10:08:30,통과,장항선,매일
화물,3042,상행,58,배방,10:11:30,10:11:30,통과,장항선,매일
화물,3042,상행,59,온양온,10:16:00,10:16:00,통과,장항선,매일
화물,3042,상행,60,신창,10:20:30,10:20:30,통과,장항선,매일
화물,3042,상행,61,도고온,10:25:30,10:25:30,통과,장항선,매일
화물,3042,상행,62,신례원,10:29:30,10:29:30,통과,장항선,매일
화물,3042,상행,63,예산,10:34:00,10:34:00,통과,장항선,매일
화물,3042,상행,64,삽교,10:43:00,10:43:00,종착,장항선,매일
근거리,Y3042,상행,1,부산항,03:28:00,03:28:00,시발,신항남선,일월화수목금토
근거리,Y3042,상행,2,남철송,03:40:00,03:40:00,종착,신항남선,일월화수목금토
화물,3043,하행,1,삽교,20:30:00,20:30:00,시발,장항선,매일
화물,3043,하행,2,예산,20:39:00,20:39:00,통과,장항선,매일
화물,3043,하행,3,신례원,20:43:30,20:43:30,통과,장항선,매일
화물,3043,하행,4,도고온,20:47:30,20:47:30,통과,장항선,매일
화물,3043,하행,5,신창,20:52:30,20:52:30,통과,장항선,매일
화물,3043,하행,6,온양온,20:57:00,20:57:00,통과,장항선,매일
화물,3043,하행,7,배방,21:01:30,21:01:30,통과,장항선,매일
화물,3043,하행,8,탕정,21:04:30,21:04:30,통과,장항선,매일
화물,3043,하행,9,아산,21:06:00,21:06:00,통과,장항선,매일
화물,3043,하행,10,쌍용나,21:08:00,21:08:00,통과,장항선,매일
화물,3043,하행,11,봉명,21:10:00,21:10:00,통과,장항선,매일
화물,3043,하행,12,천안,21:13:00,21:53:00,운전취급,장항선,매일
화물,3043,하행,13,소정리,22:03:00,22:03:00,통과,경부선,매일
화물,3043,하행,14,전의,22:09:00,22:09:00,통과,경부선,매일
화물,3043,하행,15,전동,22:15:00,22:15:00,통과,경부선,매일
화물,3043,하행,16,서창,22:18:00,22:18:00,통과,경부선,매일
화물,3043,하행,17,조치원,22:20:30,22:20:30,통과,경부선,매일
화물,3043,하행,18,내판,22:25:00,22:25:00,통과,경부선,매일
화물,3043,하행,19,부강,22:29:00,22:29:00,통과,경부선,매일
화물,3043,하행,20,매포,22:32:30,22:32:30,통과,경부선,매일
화물,3043,하행,21,신탄진,22:38:30,22:38:30,통과,경부선,매일
화물,3043,하행,22,회덕,22:43:30,22:43:30,통과,경부선,매일
화물,3043,하행,23,대전조,22:47:00,22:47:00,통과,경부선,매일
화물,3043,하행,24,대전,22:52:30,22:54:30,승무원교대,경부선,매일
화물,3043,하행,25,세천,23:05:30,23:05:30,통과,경부선,매일
화물,3043,하행,26,옥천,23:13:30,23:13:30,통과,경부선,매일
화물,3043,하행,27,이원,23:20:30,23:20:30,통과,경부선,매일
화물,3043,하행,28,지탄,23:25:30,23:25:30,통과,경부선,매일
화물,3043,하행,29,심천,23:29:30,23:29:30,통과,경부선,매일
화물,3043,하행,30,각계,23:32:30,23:32:30,통과,경부선,매일
화물,3043,하행,31,영동,23:38:30,23:38:30,통과,경부선,매일
화물,3043,하행,32,황간,23:51:30,23:51:30,통과,경부선,매일
화물,3043,하행,33,추풍령,23:58:30,23:58:30,통과,경부선,매일
화물,3043,하행,34,신암,00:03:00,00:03:00,통과,경부선,매일
화물,3043,하행,35,직지사,00:07:30,00:07:30,통과,경부선,매일
화물,3043,하행,36,김천,00:14:30,00:16:30,승무원교대,경부선,매일
화물,3043,하행,37,대신,00:25:30,00:25:30,통과,경부선,매일
화물,3043,하행,38,아포,00:30:30,00:30:30,통과,경부선,매일
화물,3043,하행,39,구미,00:36:30,00:36:30,통과,경부선,매일
화물,3043,하행,40,사곡,00:40:30,00:40:30,통과,경부선,매일
화물,3043,하행,41,약목,00:47:30,00:47:30,통과,경부선,매일
화물,3043,하행,42,왜관,00:52:30,00:52:30,통과,경부선,매일
화물,3043,하행,43,연화,00:57:30,00:57:30,통과,경부선,매일
화물,3043,하행,44,신동,01:00:30,01:00:30,통과,경부선,매일
화물,3043,하행,45,지천,01:06:30,01:06:30,통과,경부선,매일
화물,3043,하행,46,서대구,01:11:00,01:11:00,통과,경부선,매일
화물,3043,하행,47,대구,01:14:30,01:14:30,통과,경부선,매일
화물,3043,하행,48,동대구,01:19:00,05:38:00,승무원교대,경부선,매일
화물,3043,하행,49,고모,05:44:00,05:44:00,통과,경부선,매일
화물,3043,하행,50,가천,05:45:30,05:45:30,통과,경부선,매일
화물,3043,하행,51,경산,05:49:30,05:49:30,통과,경부선,매일
화물,3043,하행,52,삼성,05:55:00,05:55:00,통과,경부선,매일
화물,3043,하행,53,남성현,06:01:30,06:01:30,통과,경부선,매일
화물,3043,하행,54,청도,06:09:00,06:09:00,통과,경부선,매일
화물,3043,하행,55,신거,06:13:30,06:13:30,통과,경부선,매일
화물,3043,하행,56,상동,06:17:00,06:17:00,통과,경부선,매일
화물,3043,하행,57,밀양,06:25:00,06:25:00,통과,경부선,매일
화물,3043,하행,58,미전,06:34:00,06:34:00,통과,경부선,매일
화물,3043,하행,59,낙동강,06:36:30,06:36:30,통과,미전선,매일
화물,3043,하행,60,한림정,06:43:30,06:43:30,통과,경전선,매일
화물,3043,하행,61,진영,06:47:30,06:47:30,통과,경전선,매일
화물,3043,하행,62,진례,06:50:30,06:50:30,통과,경전선,매일
화물,3043,하행,63,장유,06:58:30,06:58:30,통과,부산신항선,매일
화물,3043,하행,64,부산항,07:11:00,07:11:00,종착,부산신항선,매일
근거리,J3043,하행,1,남철송,07:47:00,07:47:00,시발,신항남선,매일
근거리,J3043,하행,2,부산항,07:59:00,07:59:00,종착,신항남선,매일
근거리,R3043,하행,1,부산항,07:12:00,07:12:00,시발,신항남선,매일
근거리,R3043,하행,2,남철송,07:24:00,07:24:00,종착,신항남선,매일
근거리,P3044,상행,1,남철송,11:35:00,11:35:00,시발,신항남선,매일
근거리,P3044,상행,2,부산항,11:47:00,11:47:00,종착,신항남선,매일
화물,3044,상행,1,부산항,11:48:00,11:48:00,시발,부산신항선,매일
화물,3044,상행,2,장유,12:00:00,12:00:00,통과,부산신항선,매일
화물,3044,상행,3,진례,12:10:00,12:10:00,통과,부산신항선,매일
화물,3044,상행,4,진영,12:13:00,12:13:00,통과,경전선,매일
화물,3044,상행,5,한림정,12:17:00,12:17:00,통과,경전선,매일
화물,3044,상행,6,낙동강,12:24:00,12:24:00,통과,경전선,매일
화물,3044,상행,7,미전,12:26:30,12:26:30,통과,미전선,매일
화물,3044,상행,8,밀양,12:35:30,12:35:30,통과,경부선,매일
화물,3044,상행,9,상동,12:43:30,12:43:30,통과,경부선,매일
화물,3044,상행,10,신거,12:47:30,12:47:30,통과,경부선,매일
화물,3044,상행,11,청도,12:54:00,13:00:00,대피,경부선,매일
화물,3044,상행,12,남성현,13:09:30,13:09:30,통과,경부선,매일
화물,3044,상행,13,삼성,13:16:30,13:16:30,통과,경부선,매일
화물,3044,상행,14,경산,13:22:30,13:22:30,통과,경부선,매일
화물,3044,상행,15,가천,13:26:30,13:26:30,통과,경부선,매일
화물,3044,상행,16,고모,13:28:00,13:28:00,통과,경부선,매일
화물,3044,상행,17,동대구,13:34:00,13:46:00,승무원교대,경부선,매일
화물,3044,상행,18,대구,13:52:00,13:52:00,통과,경부선,매일
화물,3044,상행,19,서대구,13:56:00,13:56:00,통과,경부선,매일
화물,3044,상행,20,지천,14:00:30,14:00:30,통과,경부선,매일
화물,3044,상행,21,신동,14:06:30,14:06:30,통과,경부선,매일
화물,3044,상행,22,연화,14:09:30,14:09:30,통과,경부선,매일
화물,3044,상행,23,왜관,14:14:30,14:14:30,통과,경부선,매일
화물,3044,상행,24,약목,14:19:30,14:19:30,통과,경부선,매일
화물,3044,상행,25,사곡,14:26:30,14:26:30,통과,경부선,매일
화물,3044,상행,26,구미,14:30:30,14:30:30,통과,경부선,매일
화물,3044,상행,27,아포,14:36:30,14:36:30,통과,경부선,매일
화물,3044,상행,28,대신,14:41:30,14:41:30,통과,경부선,매일
화물,3044,상행,29,김천,14:49:30,14:49:30,통과,경부선,매일
화물,3044,상행,30,직지사,14:56:30,14:56:30,통과,경부선,매일
화물,3044,상행,31,신암,15:03:30,15:03:30,통과,경부선,매일
화물,3044,상행,32,추풍령,15:10:30,15:10:30,통과,경부선,매일
화물,3044,상행,33,황간,15:17:30,15:17:30,통과,경부선,매일
화물,3044,상행,34,영동,15:27:30,15:27:30,통과,경부선,매일
화물,3044,상행,35,각계,15:33:30,15:33:30,통과,경부선,매일
화물,3044,상행,36,심천,15:38:00,15:45:00,대피,경부선,매일
화물,3044,상행,37,지탄,15:50:30,15:50:30,통과,경부선,매일
화물,3044,상행,38,이원,15:55:30,15:55:30,통과,경부선,매일
화물,3044,상행,39,옥천,16:02:30,16:02:30,통과,경부선,매일
화물,3044,상행,40,세천,16:10:30,16:10:30,통과,경부선,매일
화물,3044,상행,41,대전,16:18:30,16:26:00,승무원교대,경부선,매일
화물,3044,상행,42,대전조,16:31:30,16:31:30,통과,경부선,매일
화물,3044,상행,43,회덕,16:35:00,16:35:00,통과,경부선,매일
화물,3044,상행,44,신탄진,16:40:00,16:40:00,통과,경부선,매일
화물,3044,상행,45,매포,16:46:00,16:46:00,통과,경부선,매일
화물,3044,상행,46,부강,16:49:30,16:49:30,통과,경부선,매일
화물,3044,상행,47,내판,16:53:30,16:53:30,통과,경부선,매일
화물,3044,상행,48,조치원,16:58:00,16:58:00,통과,경부선,매일
화물,3044,상행,49,서창,17:00:30,17:00:30,통과,경부선,매일
화물,3044,상행,50,전동,17:03:30,17:03:30,통과,경부선,매일
화물,3044,상행,51,전의,17:11:00,17:20:00,대피,경부선,매일
화물,3044,상행,52,소정리,17:27:30,17:27:30,통과,경부선,매일
화물,3044,상행,53,천안,17:38:00,18:27:00,화물취급,경부선,매일
화물,3044,상행,54,봉명,18:30:00,18:30:00,통과,장항선,매일
화물,3044,상행,55,쌍용나,18:32:00,18:32:00,통과,장항선,매일
화물,3044,상행,56,아산,18:34:00,18:34:00,통과,장항선,매일
화물,3044,상행,57,탕정,18:35:30,18:35:30,통과,장항선,매일
화물,3044,상행,58,배방,18:38:30,18:38:30,통과,장항선,매일
화물,3044,상행,59,온양온,18:43:00,18:43:00,통과,장항선,매일
화물,3044,상행,60,신창,18:47:30,18:47:30,통과,장항선,매일
화물,3044,상행,61,도고온,18:52:30,18:52:30,통과,장항선,매일
화물,3044,상행,62,신례원,18:56:30,18:56:30,통과,장항선,매일
화물,3044,상행,63,예산,19:01:00,19:01:00,통과,장항선,매일
화물,3044,상행,64,삽교,19:10:00,19:10:00,종착,장항선,매일
근거리,Y3044,상행,1,부산항,11:04:00,11:04:00,시발,신항남선,매일
근거리,Y3044,상행,2,남철송,11:16:00,11:16:00,종착,신항남선,매일
화물,3045,하행,1,삽교,17:17:00,17:17:00,시발,장항선,매일
화물,3045,하행,2,예산,17:26:00,17:26:00,통과,장항선,매일
화물,3045,하행,3,신례원,17:30:30,17:30:30,통과,장항선,매일
화물,3045,하행,4,도고온,17:34:30,17:34:30,통과,장항선,매일
화물,3045,하행,5,신창,17:39:30,17:39:30,통과,장항선,매일
화물,3045,하행,6,온양온,17:44:00,17:44:00,통과,장항선,매일
화물,3045,하행,7,배방,17:48:30,17:48:30,통과,장항선,매일
화물,3045,하행,8,탕정,17:51:30,17:51:30,통과,장항선,매일
화물,3045,하행,9,아산,17:53:00,17:53:00,통과,장항선,매일
화물,3045,하행,10,쌍용나,17:55:00,17:55:00,통과,장항선,매일
화물,3045,하행,11,봉명,17:57:00,17:57:00,통과,장항선,매일
화물,3045,하행,12,천안,18:00:00,18:31:00,동력차교체,장항선,매일
화물,3045,하행,13,소정리,18:41:00,18:41:00,통과,경부선,매일
화물,3045,하행,14,전의,18:47:00,18:47:00,통과,경부선,매일
화물,3045,하행,15,전동,18:53:00,18:53:00,통과,경부선,매일
화물,3045,하행,16,서창,18:56:00,18:56:00,통과,경부선,매일
화물,3045,하행,17,조치원,18:58:30,18:58:30,통과,경부선,매일
화물,3045,하행,18,내판,19:03:00,19:03:00,통과,경부선,매일
화물,3045,하행,19,부강,19:07:00,19:07:00,통과,경부선,매일
화물,3045,하행,20,매포,19:10:30,19:10:30,통과,경부선,매일
화물,3045,하행,21,신탄진,19:16:30,19:16:30,통과,경부선,매일
화물,3045,하행,22,회덕,19:21:30,19:21:30,통과,경부선,매일
화물,3045,하행,23,대전조,19:25:00,19:25:00,통과,경부선,매일
화물,3045,하행,24,대전,19:29:30,19:29:30,통과,경부선,매일
화물,3045,하행,25,세천,19:41:30,19:46:30,대피,경부선,매일
화물,3045,하행,26,옥천,19:56:30,19:56:30,통과,경부선,매일
화물,3045,하행,27,이원,20:03:30,20:03:30,통과,경부선,매일
화물,3045,하행,28,지탄,20:08:30,20:08:30,통과,경부선,매일
화물,3045,하행,29,심천,20:12:30,20:12:30,통과,경부선,매일
화물,3045,하행,30,각계,20:15:30,20:15:30,통과,경부선,매일
화물,3045,하행,31,영동,20:23:30,20:32:30,대피,경부선,매일
화물,3045,하행,32,황간,20:47:30,20:47:30,통과,경부선,매일
화물,3045,하행,33,추풍령,20:54:30,20:54:30,통과,경부선,매일
화물,3045,하행,34,신암,20:59:00,20:59:00,통과,경부선,매일
화물,3045,하행,35,직지사,21:03:30,21:03:30,통과,경부선,매일
화물,3045,하행,36,김천,21:11:00,21:13:00,승무원교대,경부선,매일
화물,3045,하행,37,대신,21:23:00,21:23:00,통과,경부선,매일
화물,3045,하행,38,아포,21:28:00,21:28:00,통과,경부선,매일
화물,3045,하행,39,구미,21:34:00,21:34:00,통과,경부선,매일
화물,3045,하행,40,사곡,21:38:00,21:38:00,통과,경부선,매일
화물,3045,하행,41,약목,21:45:00,21:45:00,통과,경부선,매일
화물,3045,하행,42,왜관,21:50:00,21:50:00,통과,경부선,매일
화물,3045,하행,43,연화,21:55:00,21:55:00,통과,경부선,매일
화물,3045,하행,44,신동,21:58:00,21:58:00,통과,경부선,매일
화물,3045,하행,45,지천,22:04:00,22:04:00,통과,경부선,매일
화물,3045,하행,46,서대구,22:08:30,22:08:30,통과,경부선,매일
화물,3045,하행,47,대구,22:12:00,22:12:00,통과,경부선,매일
화물,3045,하행,48,동대구,22:15:30,22:15:30,통과,경부선,매일
화물,3045,하행,49,고모,22:20:00,22:20:00,통과,경부선,매일
화물,3045,하행,50,가천,22:21:30,22:21:30,통과,경부선,매일
화물,3045,하행,51,경산,22:25:30,22:25:30,통과,경부선,매일
화물,3045,하행,52,삼성,22:31:30,22:31:30,통과,경부선,매일
화물,3045,하행,53,남성현,22:38:30,22:38:30,통과,경부선,매일
화물,3045,하행,54,청도,22:46:30,22:46:30,통과,경부선,매일
화물,3045,하행,55,신거,22:51:30,22:51:30,통과,경부선,매일
화물,3045,하행,56,상동,22:57:00,23:12:00,대피,경부선,매일
화물,3045,하행,57,밀양,23:21:30,23:21:30,통과,경부선,매일
화물,3045,하행,58,미전,23:30:30,23:30:30,통과,경부선,매일
화물,3045,하행,59,낙동강,23:33:00,23:33:00,통과,미전선,매일
화물,3045,하행,60,한림정,23:40:00,23:40:00,통과,경전선,매일
화물,3045,하행,61,진영,23:44:00,23:44:00,통과,경전선,매일
화물,3045,하행,62,진례,23:47:00,23:47:00,통과,경전선,매일
화물,3045,하행,63,장유,23:55:00,23:55:00,통과,부산신항선,매일
화물,3045,하행,64,부산항,00:07:00,00:07:00,종착,부산신항선,매일
근거리,J3045,하행,1,남철송,00:38:00,00:38:00,시발,신항남선,매일
근거리,J3045,하행,2,부산항,00:50:00,00:50:00,종착,신항남선,매일
근거리,R3045,하행,1,부산항,00:08:00,00:08:00,시발,신항남선,매일
근거리,R3045,하행,2,남철송,00:20:00,00:20:00,종착,신항남선,매일
화물,3046,상행,1,부산항,08:22:00,08:22:00,시발,부산신항선,매일
화물,3046,상행,2,장유,08:34:00,08:34:00,통과,부산신항선,매일
화물,3046,상행,3,진례,08:44:00,08:44:00,통과,부산신항선,매일
화물,3046,상행,4,진영,08:47:00,08:47:00,통과,경전선,매일
화물,3046,상행,5,한림정,08:51:00,08:51:00,통과,경전선,매일
화물,3046,상행,6,낙동강,08:58:00,08:58:00,통과,경전선,매일
화물,3046,상행,7,미전,08:59:30,08:59:30,통과,미전선,매일
화물,3046,상행,8,밀양,09:08:30,09:08:30,통과,경부선,매일
화물,3046,상행,9,상동,09:16:30,09:16:30,통과,경부선,매일
화물,3046,상행,10,신거,09:20:30,09:20:30,통과,경부선,매일
화물,3046,상행,11,청도,09:25:30,09:25:30,통과,경부선,매일
화물,3046,상행,12,남성현,09:33:30,09:33:30,통과,경부선,매일
화물,3046,상행,13,삼성,09:40:30,09:40:30,통과,경부선,매일
화물,3046,상행,14,경산,09:46:30,09:46:30,통과,경부선,매일
화물,3046,상행,15,가천,09:50:30,09:50:30,통과,경부선,매일
화물,3046,상행,16,고모,09:52:00,09:52:00,통과,경부선,매일
화물,3046,상행,17,동대구,09:57:00,09:57:00,통과,경부선,매일
화물,3046,상행,18,대구,10:01:30,10:01:30,통과,경부선,매일
화물,3046,상행,19,서대구,10:05:30,10:05:30,통과,경부선,매일
화물,3046,상행,20,지천,10:10:00,10:10:00,통과,경부선,매일
화물,3046,상행,21,신동,10:16:30,10:16:30,통과,경부선,매일
화물,3046,상행,22,연화,10:19:30,10:19:30,통과,경부선,매일
화물,3046,상행,23,왜관,10:24:30,10:24:30,통과,경부선,매일
화물,3046,상행,24,약목,10:29:30,10:29:30,통과,경부선,매일
화물,3046,상행,25,사곡,10:36:30,10:36:30,통과,경부선,매일
화물,3046,상행,26,구미,10:40:30,10:40:30,통과,경부선,매일
화물,3046,상행,27,아포,10:46:30,10:46:30,통과,경부선,매일
화물,3046,상행,28,대신,10:51:30,10:51:30,통과,경부선,매일
화물,3046,상행,29,김천,11:01:00,11:07:00,승무원교대,경부선,매일
화물,3046,상행,30,직지사,11:15:00,11:15:00,통과,경부선,매일
화물,3046,상행,31,신암,11:22:00,11:22:00,통과,경부선,매일
화물,3046,상행,32,추풍령,11:29:00,11:29:00,통과,경부선,매일
화물,3046,상행,33,황간,11:36:00,11:36:00,통과,경부선,매일
화물,3046,상행,34,영동,11:46:00,11:46:00,통과,경부선,매일
화물,3046,상행,35,각계,11:52:00,11:52:00,통과,경부선,매일
화물,3046,상행,36,심천,11:55:00,11:55:00,통과,경부선,매일
화물,3046,상행,37,지탄,11:59:00,11:59:00,통과,경부선,매일
화물,3046,상행,38,이원,12:04:00,12:04:00,통과,경부선,매일
화물,3046,상행,39,옥천,12:11:00,12:11:00,통과,경부선,매일
화물,3046,상행,40,세천,12:19:00,12:19:00,통과,경부선,매일
화물,3046,상행,41,대전,12:26:00,12:26:00,통과,경부선,매일
화물,3046,상행,42,대전조,12:30:30,12:30:30,통과,경부선,매일
화물,3046,상행,43,회덕,12:34:00,12:34:00,통과,경부선,매일
화물,3046,상행,44,신탄진,12:39:00,12:39:00,통과,경부선,매일
화물,3046,상행,45,매포,12:45:00,12:45:00,통과,경부선,매일
화물,3046,상행,46,부강,12:48:30,12:48:30,통과,경부선,매일
화물,3046,상행,47,내판,12:52:30,12:52:30,통과,경부선,매일
화물,3046,상행,48,조치원,12:57:00,12:57:00,통과,경부선,매일
화물,3046,상행,49,서창,12:59:30,12:59:30,통과,경부선,매일
화물,3046,상행,50,전동,13:02:30,13:02:30,통과,경부선,매일
화물,3046,상행,51,전의,13:08:30,13:08:30,통과,경부선,매일
화물,3046,상행,52,소정리,13:14:30,13:14:30,통과,경부선,매일
화물,3046,상행,53,천안,13:25:30,14:18:30,승무원교대,경부선,매일
화물,3046,상행,54,봉명,14:21:30,14:21:30,통과,장항선,매일
화물,3046,상행,55,쌍용나,14:23:30,14:23:30,통과,장항선,매일
화물,3046,상행,56,아산,14:25:30,14:25:30,통과,장항선,매일
화물,3046,상행,57,탕정,14:27:30,14:27:30,통과,장항선,매일
화물,3046,상행,58,배방,14:30:30,14:30:30,통과,장항선,매일
화물,3046,상행,59,온양온,14:35:00,14:35:00,통과,장항선,매일
화물,3046,상행,60,신창,14:39:30,14:39:30,통과,장항선,매일
화물,3046,상행,61,도고온,14:44:30,14:44:30,통과,장항선,매일
화물,3046,상행,62,신례원,14:48:30,14:48:30,통과,장항선,매일
화물,3046,상행,63,예산,14:53:00,14:53:00,통과,장항선,매일
화물,3046,상행,64,삽교,15:02:00,15:02:00,종착,장항선,매일
근거리,Y3046,상행,1,남철송,08:09:00,08:09:00,시발,신항남선,매일
근거리,Y3046,상행,2,부산항,08:21:00,08:21:00,종착,신항남선,매일
화물,3047,하행,1,삽교,14:07:00,14:07:00,시발,장항선,월화수목금토
화물,3047,하행,2,예산,14:14:00,14:14:00,통과,장항선,월화수목금토
화물,3047,하행,3,신례원,14:18:30,14:18:30,통과,장항선,월화수목금토
화물,3047,하행,4,도고온,14:22:30,14:22:30,통과,장항선,월화수목금토
화물,3047,하행,5,신창,14:27:30,14:27:30,통과,장항선,월화수목금토
화물,3047,하행,6,온양온,14:32:00,14:32:00,통과,장항선,월화수목금토
화물,3047,하행,7,배방,14:36:30,14:36:30,통과,장항선,월화수목금토
화물,3047,하행,8,탕정,14:39:30,14:39:30,통과,장항선,월화수목금토
화물,3047,하행,9,아산,14:41:00,14:41:00,통과,장항선,월화수목금토
화물,3047,하행,10,쌍용나,14:43:00,14:43:00,통과,장항선,월화수목금토
화물,3047,하행,11,봉명,14:45:00,14:45:00,통과,장항선,월화수목금토
화물,3047,하행,12,천안,14:48:00,15:41:00,동력차교체,장항선,월화수목금토
화물,3047,하행,13,소정리,15:52:00,15:52:00,통과,경부선,월화수목금토
화물,3047,하행,14,전의,15:58:00,15:58:00,통과,경부선,월화수목금토
화물,3047,하행,15,전동,16:04:00,16:04:00,통과,경부선,월화수목금토
화물,3047,하행,16,서창,16:07:00,16:07:00,통과,경부선,월화수목금토
화물,3047,하행,17,조치원,16:09:30,16:09:30,통과,경부선,월화수목금토
화물,3047,하행,18,내판,16:14:00,16:14:00,통과,경부선,월화수목금토
화물,3047,하행,19,부강,16:18:00,16:18:00,통과,경부선,월화수목금토
화물,3047,하행,20,매포,16:21:30,16:21:30,통과,경부선,월화수목금토
화물,3047,하행,21,신탄진,16:27:30,16:27:30,통과,경부선,월화수목금토
화물,3047,하행,22,회덕,16:32:30,16:32:30,통과,경부선,월화수목금토
화물,3047,하행,23,대전조,16:36:00,16:36:00,통과,경부선,월화수목금토
화물,3047,하행,24,대전,16:41:30,16:49:30,승무원교대,경부선,월화수목금토
화물,3047,하행,25,세천,17:02:30,17:07:30,대피,경부선,월화수목금토
화물,3047,하행,26,옥천,17:17:30,17:17:30,통과,경부선,월화수목금토
화물,3047,하행,27,이원,17:24:30,17:24:30,통과,경부선,월화수목금토
화물,3047,하행,28,지탄,17:29:30,17:29:30,통과,경부선,월화수목금토
화물,3047,하행,29,심천,17:33:30,17:33:30,통과,경부선,월화수목금토
화물,3047,하행,30,각계,17:36:30,17:36:30,통과,경부선,월화수목금토
화물,3047,하행,31,영동,17:42:30,17:42:30,통과,경부선,월화수목금토
화물,3047,하행,32,황간,17:55:30,17:55:30,통과,경부선,월화수목금토
화물,3047,하행,33,추풍령,18:02:30,18:02:30,통과,경부선,월화수목금토
화물,3047,하행,34,신암,18:07:00,18:07:00,통과,경부선,월화수목금토
화물,3047,하행,35,직지사,18:11:30,18:11:30,통과,경부선,월화수목금토
화물,3047,하행,36,김천,18:19:30,18:25:30,대피,경부선,월화수목금토
화물,3047,하행,37,대신,18:35:30,18:35:30,통과,경부선,월화수목금토
화물,3047,하행,38,아포,18:40:30,18:40:30,통과,경부선,월화수목금토
화물,3047,하행,39,구미,18:46:30,18:46:30,통과,경부선,월화수목금토
화물,3047,하행,40,사곡,18:50:30,18:50:30,통과,경부선,월화수목금토
화물,3047,하행,41,약목,18:57:30,18:57:30,통과,경부선,월화수목금토
화물,3047,하행,42,왜관,19:02:30,19:02:30,통과,경부선,월화수목금토
화물,3047,하행,43,연화,19:07:30,19:07:30,통과,경부선,월화수목금토
화물,3047,하행,44,신동,19:10:30,19:10:30,통과,경부선,월화수목금토
화물,3047,하행,45,지천,19:16:30,19:16:30,통과,경부선,월화수목금토
화물,3047,하행,46,서대구,19:21:00,19:21:00,통과,경부선,월화수목금토
화물,3047,하행,47,대구,19:24:30,19:24:30,통과,경부선,월화수목금토
화물,3047,하행,48,동대구,19:29:00,19:42:00,승무원교대,경부선,월화수목금토
화물,3047,하행,49,고모,19:48:00,19:48:00,통과,경부선,월화수목금토
화물,3047,하행,50,가천,19:49:30,19:49:30,통과,경부선,월화수목금토
화물,3047,하행,51,경산,19:54:00,19:54:00,통과,경부선,월화수목금토
화물,3047,하행,52,삼성,20:01:00,20:13:00,대피,경부선,월화수목금토
화물,3047,하행,53,남성현,20:21:30,20:21:30,통과,경부선,월화수목금토
화물,3047,하행,54,청도,20:31:00,20:35:30,대피,경부선,월화수목금토
화물,3047,하행,55,신거,20:42:30,20:42:30,통과,경부선,월화수목금토
화물,3047,하행,56,상동,20:46:30,20:46:30,통과,경부선,월화수목금토
화물,3047,하행,57,밀양,20:54:30,20:54:30,통과,경부선,월화수목금토
화물,3047,하행,58,미전,21:03:30,21:03:30,통과,경부선,월화수목금토
화물,3047,하행,59,삼랑진,21:05:00,21:05:00,통과,경부선,월화수목금토
화물,3047,하행,60,원동,21:12:00,21:12:00,통과,경부선,월화수목금토
화물,3047,하행,61,물금,21:19:00,21:19:00,통과,경부선,월화수목금토
화물,3047,하행,62,화명,21:26:00,21:26:00,통과,경부선,월화수목금토
화물,3047,하행,63,구포,21:28:30,21:28:30,통과,경부선,월화수목금토
화물,3047,하행,64,사상,21:32:30,21:32:30,통과,경부선,월화수목금토
화물,3047,하행,65,부산진,21:44:00,21:44:00,종착,경부선,월화수목금토
화물,3048,상행,1,부산진,05:22:00,05:22:00,시발,경부선,월화수목금토
화물,3048,상행,2,사상,05:33:30,05:33:30,통과,경부선,월화수목금토
화물,3048,상행,3,구포,05:37:30,05:37:30,통과,경부선,월화수목금토
화물,3048,상행,4,화명,05:40:00,05:40:00,통과,경부선,월화수목금토
화물,3048,상행,5,물금,05:47:00,05:47:00,통과,경부선,월화수목금토
화물,3048,상행,6,원동,05:54:00,05:54:00,통과,경부선,월화수목금토
화물,3048,상행,7,삼랑진,06:01:00,06:01:00,통과,경부선,월화수목금토
화물,3048,상행,8,미전,06:02:30,06:02:30,통과,경부선,월화수목금토
화물,3048,상행,9,밀양,06:11:30,06:11:30,통과,경부선,월화수목금토
화물,3048,상행,10,상동,06:19:30,06:19:30,통과,경부선,월화수목금토
화물,3048,상행,11,신거,06:23:30,06:23:30,통과,경부선,월화수목금토
화물,3048,상행,12,청도,06:28:30,06:28:30,통과,경부선,월화수목금토
화물,3048,상행,13,남성현,06:36:30,06:36:30,통과,경부선,월화수목금토
화물,3048,상행,14,삼성,06:43:30,06:43:30,통과,경부선,월화수목금토
화물,3048,상행,15,경산,06:49:30,06:49:30,통과,경부선,월화수목금토
화물,3048,상행,16,가천,06:53:30,06:53:30,통과,경부선,월화수목금토
화물,3048,상행,17,고모,06:55:00,06:55:00,통과,경부선,월화수목금토
화물,3048,상행,18,동대구,07:01:00,07:04:00,승무원교대,경부선,월화수목금토
화물,3048,상행,19,대구,07:09:00,07:09:00,통과,경부선,월화수목금토
화물,3048,상행,20,서대구,07:12:30,07:12:30,통과,경부선,월화수목금토
화물,3048,상행,21,지천,07:18:00,07:30:00,대피,경부선,월화수목금토
화물,3048,상행,22,신동,07:37:30,07:37:30,통과,경부선,월화수목금토
화물,3048,상행,23,연화,07:40:30,07:40:30,통과,경부선,월화수목금토
화물,3048,상행,24,왜관,07:45:30,07:45:30,통과,경부선,월화수목금토
화물,3048,상행,25,약목,07:50:30,07:50:30,통과,경부선,월화수목금토
화물,3048,상행,26,사곡,07:57:30,07:57:30,통과,경부선,월화수목금토
화물,3048,상행,27,구미,08:01:30,08:01:30,통과,경부선,월화수목금토
화물,3048,상행,28,아포,08:07:30,08:07:30,통과,경부선,월화수목금토
화물,3048,상행,29,대신,08:12:30,08:12:30,통과,경부선,월화수목금토
화물,3048,상행,30,김천,08:20:30,08:20:30,통과,경부선,월화수목금토
화물,3048,상행,31,직지사,08:29:30,08:47:30,대피,경부선,월화수목금토
화물,3048,상행,32,신암,08:56:30,08:56:30,통과,경부선,월화수목금토
화물,3048,상행,33,추풍령,09:03:30,09:03:30,통과,경부선,월화수목금토
화물,3048,상행,34,황간,09:10:30,09:10:30,통과,경부선,월화수목금토
화물,3048,상행,35,영동,09:20:30,09:20:30,통과,경부선,월화수목금토
화물,3048,상행,36,각계,09:26:30,09:26:30,통과,경부선,월화수목금토
화물,3048,상행,37,심천,09:29:30,09:29:30,통과,경부선,월화수목금토
화물,3048,상행,38,지탄,09:33:30,09:33:30,통과,경부선,월화수목금토
화물,3048,상행,39,이원,09:38:30,09:38:30,통과,경부선,월화수목금토
화물,3048,상행,40,옥천,09:45:30,09:45:30,통과,경부선,월화수목금토
화물,3048,상행,41,세천,09:53:30,09:53:30,통과,경부선,월화수목금토
화물,3048,상행,42,대전,10:01:30,10:12:30,승무원교대,경부선,월화수목금토
화물,3048,상행,43,대전조,10:18:00,10:18:00,통과,경부선,월화수목금토
화물,3048,상행,44,회덕,10:21:30,10:21:30,통과,경부선,월화수목금토
화물,3048,상행,45,신탄진,10:26:30,10:26:30,통과,경부선,월화수목금토
화물,3048,상행,46,매포,10:32:30,10:32:30,통과,경부선,월화수목금토
화물,3048,상행,47,부강,10:36:00,10:36:00,통과,경부선,월화수목금토
화물,3048,상행,48,내판,10:40:00,10:40:00,통과,경부선,월화수목금토
화물,3048,상행,49,조치원,10:44:30,10:44:30,통과,경부선,월화수목금토
화물,3048,상행,50,서창,10:47:00,10:47:00,통과,경부선,월화수목금토
화물,3048,상행,51,전동,10:50:00,10:50:00,통과,경부선,월화수목금토
화물,3048,상행,52,전의,10:56:00,10:56:00,통과,경부선,월화수목금토
화물,3048,상행,53,소정리,11:02:00,11:02:00,통과,경부선,월화수목금토
화물,3048,상행,54,천안,11:12:00,12:07:00,동력차교체,경부선,월화수목금토
화물,3048,상행,55,봉명,12:10:00,12:10:00,통과,장항선,월화수목금토
화물,3048,상행,56,쌍용나,12:12:00,12:12:00,통과,장항선,월화수목금토
화물,3048,상행,57,아산,12:14:00,12:14:00,통과,장항선,월화수목금토
화물,3048,상행,58,탕정,12:15:30,12:15:30,통과,장항선,월화수목금토
화물,3048,상행,59,배방,12:18:30,12:18:30,통과,장항선,월화수목금토
화물,3048,상행,60,온양온,12:23:00,12:23:00,통과,장항선,월화수목금토
화물,3048,상행,61,신창,12:27:30,12:27:30,통과,장항선,월화수목금토
화물,3048,상행,62,도고온,12:32:30,12:32:30,통과,장항선,월화수목금토
화물,3048,상행,63,신례원,12:36:30,12:36:30,통과,장항선,월화수목금토
화물,3048,상행,64,예산,12:41:00,12:41:00,통과,장항선,월화수목금토
화물,3048,상행,65,삽교,12:50:00,12:50:00,종착,장항선,월화수목금토
화물,3049,하행,1,천안,14:30:00,14:30:00,시발,경부선,월화수목금
화물,3049,하행,2,소정리,14:41:00,14:41:00,통과,경부선,월화수목금
화물,3049,하행,3,전의,14:48:30,14:52:30,대피,경부선,월화수목금
화물,3049,하행,4,전동,15:00:00,15:00:00,통과,경부선,월화수목금
화물,3049,하행,5,서창,15:03:00,15:03:00,통과,경부선,월화수목금
화물,3049,하행,6,조치원,15:05:30,15:05:30,통과,경부선,월화수목금
화물,3049,하행,7,내판,15:10:00,15:10:00,통과,경부선,월화수목금
화물,3049,하행,8,부강,15:14:00,15:14:00,통과,경부선,월화수목금
화물,3049,하행,9,매포,15:18:00,15:18:00,통과,경부선,월화수목금
화물,3049,하행,10,신탄진,15:24:00,15:24:00,통과,경부선,월화수목금
화물,3049,하행,11,회덕,15:29:00,15:29:00,통과,경부선,월화수목금
화물,3049,하행,12,대전조,15:32:30,15:32:30,통과,경부선,월화수목금
화물,3049,하행,13,대전,15:38:00,15:45:00,승무원교대,경부선,월화수목금
화물,3049,하행,14,세천,15:56:00,15:56:00,통과,경부선,월화수목금
화물,3049,하행,15,옥천,16:04:00,16:04:00,통과,경부선,월화수목금
화물,3049,하행,16,이원,16:11:00,16:11:00,통과,경부선,월화수목금
화물,3049,하행,17,지탄,16:16:00,16:16:00,통과,경부선,월화수목금
화물,3049,하행,18,심천,16:20:00,16:20:00,통과,경부선,월화수목금
화물,3049,하행,19,각계,16:23:00,16:23:00,통과,경부선,월화수목금
화물,3049,하행,20,영동,16:29:00,16:29:00,통과,경부선,월화수목금
화물,3049,하행,21,황간,16:42:00,16:42:00,통과,경부선,월화수목금
화물,3049,하행,22,추풍령,16:49:00,16:49:00,통과,경부선,월화수목금
화물,3049,하행,23,신암,16:53:30,16:53:30,통과,경부선,월화수목금
화물,3049,하행,24,직지사,16:58:00,16:58:00,통과,경부선,월화수목금
화물,3049,하행,25,김천,17:06:00,17:13:00,대피,경부선,월화수목금
화물,3049,하행,26,대신,17:23:00,17:23:00,통과,경부선,월화수목금
화물,3049,하행,27,아포,17:28:00,17:28:00,통과,경부선,월화수목금
화물,3049,하행,28,구미,17:34:00,17:34:00,통과,경부선,월화수목금
화물,3049,하행,29,사곡,17:38:00,17:38:00,통과,경부선,월화수목금
화물,3049,하행,30,약목,17:45:00,17:45:00,통과,경부선,월화수목금
화물,3049,하행,31,왜관,17:50:00,17:50:00,통과,경부선,월화수목금
화물,3049,하행,32,연화,17:55:00,17:55:00,통과,경부선,월화수목금
화물,3049,하행,33,신동,17:58:00,17:58:00,통과,경부선,월화수목금
화물,3049,하행,34,지천,18:04:00,18:04:00,통과,경부선,월화수목금
화물,3049,하행,35,서대구,18:08:30,18:08:30,통과,경부선,월화수목금
화물,3049,하행,36,대구,18:12:00,18:12:00,통과,경부선,월화수목금
화물,3049,하행,37,동대구,18:17:00,18:21:00,승무원교대,경부선,월화수목금
화물,3049,하행,38,고모,18:27:00,18:27:00,통과,경부선,월화수목금
화물,3049,하행,39,가천,18:28:30,18:28:30,통과,경부선,월화수목금
화물,3049,하행,40,경산,18:32:30,18:32:30,통과,경부선,월화수목금
화물,3049,하행,41,삼성,18:38:30,18:38:30,통과,경부선,월화수목금
화물,3049,하행,42,남성현,18:45:30,18:45:30,통과,경부선,월화수목금
화물,3049,하행,43,청도,18:53:30,18:53:30,통과,경부선,월화수목금
화물,3049,하행,44,신거,18:58:30,18:58:30,통과,경부선,월화수목금
화물,3049,하행,45,상동,19:02:30,19:02:30,통과,경부선,월화수목금
화물,3049,하행,46,밀양,19:10:30,19:10:30,통과,경부선,월화수목금
화물,3049,하행,47,미전,19:19:30,19:19:30,통과,경부선,월화수목금
화물,3049,하행,48,낙동강,19:24:00,19:29:00,운전취급,미전선,월화수목금
화물,3049,하행,49,한림정,19:38:00,19:38:00,통과,경전선,월화수목금
화물,3049,하행,50,진영,19:42:00,19:42:00,통과,경전선,월화수목금
화물,3049,하행,51,진례,19:45:00,19:45:00,통과,경전선,월화수목금
화물,3049,하행,52,장유,19:53:00,19:53:00,통과,부산신항선,월화수목금
화물,3049,하행,53,부산항,20:05:00,20:05:00,종착,부산신항선,월화수목금
근거리,R3049,하행,1,부산항,20:19:00,20:19:00,시발,신항북선,월화수목금
근거리,R3049,하행,2,북철송,20:29:00,20:29:00,종착,신항북선,월화수목금
화물,3050,상행,1,부산항,04:22:00,04:22:00,시발,부산신항선,월화수목금
화물,3050,상행,2,장유,04:34:00,04:34:00,통과,부산신항선,월화수목금
화물,3050,상행,3,진례,04:44:30,04:44:30,통과,부산신항선,월화수목금
화물,3050,상행,4,진영,04:48:00,04:48:00,통과,경전선,월화수목금
화물,3050,상행,5,한림정,04:52:00,04:52:00,통과,경전선,월화수목금
화물,3050,상행,6,낙동강,04:59:00,04:59:00,통과,경전선,월화수목금
화물,3050,상행,7,미전,05:00:30,05:00:30,통과,미전선,월화수목금
화물,3050,상행,8,밀양,05:09:30,05:09:30,통과,경부선,월화수목금
화물,3050,상행,9,상동,05:17:30,05:17:30,통과,경부선,월화수목금
화물,3050,상행,10,신거,05:21:30,05:21:30,통과,경부선,월화수목금
화물,3050,상행,11,청도,05:26:30,05:31:30,대피,경부선,월화수목금
화물,3050,상행,12,남성현,05:39:30,05:39:30,통과,경부선,월화수목금
화물,3050,상행,13,삼성,05:46:30,05:46:30,통과,경부선,월화수목금
화물,3050,상행,14,경산,05:52:30,05:52:30,통과,경부선,월화수목금
화물,3050,상행,15,가천,05:56:30,05:56:30,통과,경부선,월화수목금
화물,3050,상행,16,고모,05:58:00,05:58:00,통과,경부선,월화수목금
화물,3050,상행,17,동대구,06:04:00,06:06:00,승무원교대,경부선,월화수목금
화물,3050,상행,18,대구,06:11:00,06:11:00,통과,경부선,월화수목금
화물,3050,상행,19,서대구,06:14:30,06:14:30,통과,경부선,월화수목금
화물,3050,상행,20,지천,06:18:30,06:18:30,통과,경부선,월화수목금
화물,3050,상행,21,신동,06:24:30,06:24:30,통과,경부선,월화수목금
화물,3050,상행,22,연화,06:27:30,06:27:30,통과,경부선,월화수목금
화물,3050,상행,23,왜관,06:32:30,06:32:30,통과,경부선,월화수목금
화물,3050,상행,24,약목,06:37:30,06:37:30,통과,경부선,월화수목금
화물,3050,상행,25,사곡,06:44:30,06:44:30,통과,경부선,월화수목금
화물,3050,상행,26,구미,06:48:30,06:48:30,통과,경부선,월화수목금
화물,3050,상행,27,아포,06:54:30,06:54:30,통과,경부선,월화수목금
화물,3050,상행,28,대신,06:59:30,06:59:30,통과,경부선,월화수목금
화물,3050,상행,29,김천,07:07:30,07:07:30,통과,경부선,월화수목금
화물,3050,상행,30,직지사,07:14:30,07:14:30,통과,경부선,월화수목금
화물,3050,상행,31,신암,07:21:30,07:21:30,통과,경부선,월화수목금
화물,3050,상행,32,추풍령,07:28:30,07:28:30,통과,경부선,월화수목금
화물,3050,상행,33,황간,07:35:30,07:35:30,통과,경부선,월화수목금
화물,3050,상행,34,영동,07:45:30,07:45:30,통과,경부선,월화수목금
화물,3050,상행,35,각계,07:51:30,07:51:30,통과,경부선,월화수목금
화물,3050,상행,36,심천,07:54:30,07:54:30,통과,경부선,월화수목금
화물,3050,상행,37,지탄,07:58:30,07:58:30,통과,경부선,월화수목금
화물,3050,상행,38,이원,08:03:30,08:03:30,통과,경부선,월화수목금
화물,3050,상행,39,옥천,08:10:30,08:10:30,통과,경부선,월화수목금
화물,3050,상행,40,세천,08:18:30,08:18:30,통과,경부선,월화수목금
화물,3050,상행,41,대전,08:26:30,08:28:30,승무원교대,경부선,월화수목금
화물,3050,상행,42,대전조,08:34:00,08:34:00,통과,경부선,월화수목금
화물,3050,상행,43,회덕,08:37:30,08:37:30,통과,경부선,월화수목금
화물,3050,상행,44,신탄진,08:42:30,08:42:30,통과,경부선,월화수목금
화물,3050,상행,45,매포,08:48:30,08:48:30,통과,경부선,월화수목금
화물,3050,상행,46,부강,08:52:00,08:52:00,통과,경부선,월화수목금
화물,3050,상행,47,내판,08:56:00,08:56:00,통과,경부선,월화수목금
화물,3050,상행,48,조치원,09:00:30,09:00:30,통과,경부선,월화수목금
화물,3050,상행,49,서창,09:05:00,09:09:00,대피,경부선,월화수목금
화물,3050,상행,50,전동,09:14:00,09:14:00,통과,경부선,월화수목금
화물,3050,상행,51,전의,09:20:00,09:20:00,통과,경부선,월화수목금
화물,3050,상행,52,소정리,09:26:00,09:26:00,통과,경부선,월화수목금
화물,3050,상행,53,천안,09:37:00,09:37:00,종착,경부선,월화수목금
근거리,Y3050,상행,1,북철송,04:11:00,04:11:00,시발,신항북선,월화수목금
근거리,Y3050,상행,2,부산항,04:21:00,04:21:00,종착,신항북선,월화수목금
화물,3051,하행,1,안중,17:25:00,17:25:00,시발,평택선,월화수목금
화물,3051,하행,2,창내신,17:35:00,17:35:00,통과,평택선,월화수목금
화물,3051,하행,3,신대신,17:40:00,17:40:00,통과,평택선,월화수목금
화물,3051,하행,4,평택,17:44:00,17:44:00,통과,평택선,월화수목금
화물,3051,하행,5,성환,17:53:00,17:57:00,대피,경부선,월화수목금
화물,3051,하행,6,직산,18:02:00,18:02:00,통과,경부선,월화수목금
화물,3051,하행,7,두정,18:05:00,18:05:00,통과,경부선,월화수목금
화물,3051,하행,8,천안,18:09:30,18:12:30,승무원교대,경부선,월화수목금
화물,3051,하행,9,소정리,18:23:30,18:33:30,대피,경부선,월화수목금
화물,3051,하행,10,전의,18:40:30,18:40:30,통과,경부선,월화수목금
화물,3051,하행,11,전동,18:46:30,18:46:30,통과,경부선,월화수목금
화물,3051,하행,12,서창,18:49:30,18:49:30,통과,경부선,월화수목금
화물,3051,하행,13,조치원,18:52:00,18:52:00,통과,경부선,월화수목금
화물,3051,하행,14,내판,18:56:30,18:56:30,통과,경부선,월화수목금
화물,3051,하행,15,부강,19:00:30,19:00:30,통과,경부선,월화수목금
화물,3051,하행,16,매포,19:04:00,19:04:00,통과,경부선,월화수목금
화물,3051,하행,17,신탄진,19:10:00,19:10:00,통과,경부선,월화수목금
화물,3051,하행,18,회덕,19:15:00,19:15:00,통과,경부선,월화수목금
화물,3051,하행,19,대전조,19:18:00,19:18:00,통과,경부선,월화수목금
화물,3051,하행,20,대전,19:23:00,19:26:00,승무원교대,경부선,월화수목금
화물,3051,하행,21,세천,19:34:00,19:34:00,통과,경부선,월화수목금
화물,3051,하행,22,옥천,19:40:30,19:40:30,통과,경부선,월화수목금
화물,3051,하행,23,이원,19:46:30,19:46:30,통과,경부선,월화수목금
화물,3051,하행,24,지탄,19:50:30,19:50:30,통과,경부선,월화수목금
화물,3051,하행,25,심천,19:54:00,19:54:00,통과,경부선,월화수목금
화물,3051,하행,26,각계,19:57:00,19:57:00,통과,경부선,월화수목금
화물,3051,하행,27,영동,20:02:00,20:02:00,통과,경부선,월화수목금
화물,3051,하행,28,황간,20:12:30,20:12:30,통과,경부선,월화수목금
화물,3051,하행,29,추풍령,20:18:30,20:18:30,통과,경부선,월화수목금
화물,3051,하행,30,신암,20:23:00,20:23:00,통과,경부선,월화수목금
화물,3051,하행,31,직지사,20:27:00,20:27:00,통과,경부선,월화수목금
화물,3051,하행,32,김천,20:32:30,20:32:30,통과,경부선,월화수목금
화물,3051,하행,33,대신,20:39:30,20:39:30,통과,경부선,월화수목금
화물,3051,하행,34,아포,20:43:30,20:43:30,통과,경부선,월화수목금
화물,3051,하행,35,구미,20:49:00,20:49:00,통과,경부선,월화수목금
화물,3051,하행,36,사곡,20:52:30,20:52:30,통과,경부선,월화수목금
화물,3051,하행,37,약목,20:58:30,20:58:30,통과,경부선,월화수목금
화물,3051,하행,38,왜관,21:03:30,21:03:30,통과,경부선,월화수목금
화물,3051,하행,39,연화,21:08:00,21:08:00,통과,경부선,월화수목금
화물,3051,하행,40,신동,21:11:00,21:11:00,통과,경부선,월화수목금
화물,3051,하행,41,지천,21:17:00,21:17:00,통과,경부선,월화수목금
화물,3051,하행,42,서대구,21:21:00,21:21:00,통과,경부선,월화수목금
화물,3051,하행,43,대구,21:24:30,21:24:30,통과,경부선,월화수목금
화물,3051,하행,44,동대구,21:29:00,21:35:00,승무원교대,경부선,월화수목금
화물,3051,하행,45,고모,21:41:00,21:41:00,통과,경부선,월화수목금
화물,3051,하행,46,가천,21:42:30,21:42:30,통과,경부선,월화수목금
화물,3051,하행,47,경산,21:46:30,21:46:30,통과,경부선,월화수목금
화물,3051,하행,48,삼성,21:52:30,21:52:30,통과,경부선,월화수목금
화물,3051,하행,49,남성현,21:59:00,21:59:00,통과,경부선,월화수목금
화물,3051,하행,50,청도,22:07:00,22:07:00,통과,경부선,월화수목금
화물,3051,하행,51,신거,22:11:00,22:11:00,통과,경부선,월화수목금
화물,3051,하행,52,상동,22:14:30,22:14:30,통과,경부선,월화수목금
화물,3051,하행,53,밀양,22:21:30,22:21:30,통과,경부선,월화수목금
화물,3051,하행,54,미전,22:29:30,22:29:30,통과,경부선,월화수목금
화물,3051,하행,55,삼랑진,22:31:00,22:31:00,통과,경부선,월화수목금
화물,3051,하행,56,원동,22:37:30,22:37:30,통과,경부선,월화수목금
화물,3051,하행,57,물금,22:44:00,22:44:00,통과,경부선,월화수목금
화물,3051,하행,58,화명,22:51:00,22:51:00,통과,경부선,월화수목금
화물,3051,하행,59,구포,22:53:30,22:53:30,통과,경부선,월화수목금
화물,3051,하행,60,사상,22:57:30,22:57:30,통과,경부선,월화수목금
화물,3051,하행,61,부산진,23:07:00,23:07:00,종착,경부선,월화수목금
화물,3052,상행,1,부산진,16:43:00,16:43:00,시발,경부선,월화수목금
화물,3052,상행,2,사상,16:52:30,16:52:30,통과,경부선,월화수목금
화물,3052,상행,3,구포,16:56:30,16:56:30,통과,경부선,월화수목금
화물,3052,상행,4,화명,16:59:00,16:59:00,통과,경부선,월화수목금
화물,3052,상행,5,물금,17:06:00,17:06:00,통과,경부선,월화수목금
화물,3052,상행,6,원동,17:12:30,17:12:30,통과,경부선,월화수목금
화물,3052,상행,7,삼랑진,17:19:00,17:19:00,통과,경부선,월화수목금
화물,3052,상행,8,미전,17:20:30,17:20:30,통과,경부선,월화수목금
화물,3052,상행,9,밀양,17:29:00,17:29:00,통과,경부선,월화수목금
화물,3052,상행,10,상동,17:36:30,17:36:30,통과,경부선,월화수목금
화물,3052,상행,11,신거,17:40:30,17:40:30,통과,경부선,월화수목금
화물,3052,상행,12,청도,17:44:30,17:44:30,통과,경부선,월화수목금
화물,3052,상행,13,남성현,17:51:00,17:51:00,통과,경부선,월화수목금
화물,3052,상행,14,삼성,17:56:30,17:56:30,통과,경부선,월화수목금
화물,3052,상행,15,경산,18:01:30,18:01:30,통과,경부선,월화수목금
화물,3052,상행,16,가천,18:05:30,18:05:30,통과,경부선,월화수목금
화물,3052,상행,17,고모,18:07:00,18:07:00,통과,경부선,월화수목금
화물,3052,상행,18,동대구,18:12:00,18:21:00,승무원교대,경부선,월화수목금
화물,3052,상행,19,대구,18:26:30,18:26:30,통과,경부선,월화수목금
화물,3052,상행,20,서대구,18:30:00,18:30:00,통과,경부선,월화수목금
화물,3052,상행,21,지천,18:34:30,18:34:30,통과,경부선,월화수목금
화물,3052,상행,22,신동,18:40:30,18:40:30,통과,경부선,월화수목금
화물,3052,상행,23,연화,18:43:30,18:43:30,통과,경부선,월화수목금
화물,3052,상행,24,왜관,18:48:00,18:48:00,통과,경부선,월화수목금
화물,3052,상행,25,약목,18:53:00,18:53:00,통과,경부선,월화수목금
화물,3052,상행,26,사곡,18:59:30,18:59:30,통과,경부선,월화수목금
화물,3052,상행,27,구미,19:03:00,19:03:00,통과,경부선,월화수목금
화물,3052,상행,28,아포,19:08:30,19:08:30,통과,경부선,월화수목금
화물,3052,상행,29,대신,19:12:30,19:12:30,통과,경부선,월화수목금
화물,3052,상행,30,김천,19:19:30,19:19:30,통과,경부선,월화수목금
화물,3052,상행,31,직지사,19:25:00,19:25:00,통과,경부선,월화수목금
화물,3052,상행,32,신암,19:29:00,19:29:00,통과,경부선,월화수목금
화물,3052,상행,33,추풍령,19:33:30,19:33:30,통과,경부선,월화수목금
화물,3052,상행,34,황간,19:39:30,19:39:30,통과,경부선,월화수목금
화물,3052,상행,35,영동,19:50:00,19:50:00,통과,경부선,월화수목금
화물,3052,상행,36,각계,19:55:00,19:55:00,통과,경부선,월화수목금
화물,3052,상행,37,심천,19:58:00,19:58:00,통과,경부선,월화수목금
화물,3052,상행,38,지탄,20:01:30,20:01:30,통과,경부선,월화수목금
화물,3052,상행,39,이원,20:05:30,20:05:30,통과,경부선,월화수목금
화물,3052,상행,40,옥천,20:11:30,20:11:30,통과,경부선,월화수목금
화물,3052,상행,41,세천,20:18:00,20:18:00,통과,경부선,월화수목금
화물,3052,상행,42,대전,20:25:00,20:30:00,승무원교대,경부선,월화수목금
화물,3052,상행,43,대전조,20:35:00,20:35:00,통과,경부선,월화수목금
화물,3052,상행,44,회덕,20:38:00,20:38:00,통과,경부선,월화수목금
화물,3052,상행,45,신탄진,20:42:00,20:42:00,통과,경부선,월화수목금
화물,3052,상행,46,매포,20:49:30,20:54:00,대피,경부선,월화수목금
화물,3052,상행,47,부강,20:59:30,20:59:30,통과,경부선,월화수목금
화물,3052,상행,48,내판,21:03:00,21:03:00,통과,경부선,월화수목금
화물,3052,상행,49,조치원,21:07:00,21:07:00,통과,경부선,월화수목금
화물,3052,상행,50,서창,21:09:30,21:09:30,통과,경부선,월화수목금
화물,3052,상행,51,전동,21:13:30,21:17:30,대피,경부선,월화수목금
화물,3052,상행,52,전의,21:24:30,21:24:30,통과,경부선,월화수목금
화물,3052,상행,53,소정리,21:31:30,21:35:30,대피,경부선,월화수목금
화물,3052,상행,54,천안,21:45:00,21:45:00,통과,경부선,월화수목금
화물,3052,상행,55,두정,21:47:30,21:47:30,통과,경부선,월화수목금
화물,3052,상행,56,직산,21:50:30,21:50:30,통과,경부선,월화수목금
화물,3052,상행,57,성환,21:56:00,22:07:00,대피,경부선,월화수목금
화물,3052,상행,58,평택,22:15:00,22:15:00,통과,경부선,월화수목금
화물,3052,상행,59,신대신,22:19:00,22:19:00,통과,평택직결선,월화수목금
화물,3052,상행,60,창내신,22:24:00,22:24:00,통과,평택선,월화수목금
화물,3052,상행,61,안중,22:34:00,22:34:00,종착,평택선,월화수목금
화물,3053,하행,1,안중,14:48:00,14:48:00,시발,평택선,월화수목금
화물,3053,하행,2,창내신,14:58:00,14:58:00,통과,평택선,월화수목금
화물,3053,하행,3,신대신,15:03:00,15:03:00,통과,평택선,월화수목금
화물,3053,하행,4,평택,15:07:00,15:07:00,통과,평택선,월화수목금
화물,3053,하행,5,성환,15:15:00,15:15:00,통과,경부선,월화수목금
화물,3053,하행,6,직산,15:19:00,15:19:00,통과,경부선,월화수목금
화물,3053,하행,7,두정,15:22:00,15:22:00,통과,경부선,월화수목금
화물,3053,하행,8,천안,15:26:30,15:29:30,승무원교대,경부선,월화수목금
화물,3053,하행,9,소정리,15:39:30,15:39:30,통과,경부선,월화수목금
화물,3053,하행,10,전의,15:45:00,15:45:00,통과,경부선,월화수목금
화물,3053,하행,11,전동,15:50:30,15:50:30,통과,경부선,월화수목금
화물,3053,하행,12,서창,15:53:00,15:53:00,통과,경부선,월화수목금
화물,3053,하행,13,조치원,15:55:30,15:55:30,통과,경부선,월화수목금
화물,3053,하행,14,내판,15:59:30,15:59:30,통과,경부선,월화수목금
화물,3053,하행,15,부강,16:03:00,16:03:00,통과,경부선,월화수목금
화물,3053,하행,16,매포,16:07:00,16:07:00,통과,경부선,월화수목금
화물,3053,하행,17,신탄진,16:13:00,16:13:00,통과,경부선,월화수목금
화물,3053,하행,18,회덕,16:17:00,16:17:00,통과,경부선,월화수목금
화물,3053,하행,19,대전조,16:20:00,16:20:00,통과,경부선,월화수목금
화물,3053,하행,20,대전,16:25:00,16:28:00,승무원교대,경부선,월화수목금
화물,3053,하행,21,세천,16:36:00,16:36:00,통과,경부선,월화수목금
화물,3053,하행,22,옥천,16:42:30,16:42:30,통과,경부선,월화수목금
화물,3053,하행,23,이원,16:48:30,16:48:30,통과,경부선,월화수목금
화물,3053,하행,24,지탄,16:52:30,16:52:30,통과,경부선,월화수목금
화물,3053,하행,25,심천,16:56:00,16:56:00,통과,경부선,월화수목금
화물,3053,하행,26,각계,16:59:00,16:59:00,통과,경부선,월화수목금
화물,3053,하행,27,영동,17:04:00,17:04:00,통과,경부선,월화수목금
화물,3053,하행,28,황간,17:14:30,17:14:30,통과,경부선,월화수목금
화물,3053,하행,29,추풍령,17:20:30,17:20:30,통과,경부선,월화수목금
화물,3053,하행,30,신암,17:25:00,17:25:00,통과,경부선,월화수목금
화물,3053,하행,31,직지사,17:29:00,17:29:00,통과,경부선,월화수목금
화물,3053,하행,32,김천,17:34:30,17:34:30,통과,경부선,월화수목금
화물,3053,하행,33,대신,17:41:30,17:41:30,통과,경부선,월화수목금
화물,3053,하행,34,아포,17:45:30,17:45:30,통과,경부선,월화수목금
화물,3053,하행,35,구미,17:51:00,17:51:00,통과,경부선,월화수목금
화물,3053,하행,36,사곡,17:54:30,17:54:30,통과,경부선,월화수목금
화물,3053,하행,37,약목,18:00:30,18:00:30,통과,경부선,월화수목금
화물,3053,하행,38,왜관,18:05:30,18:05:30,통과,경부선,월화수목금
화물,3053,하행,39,연화,18:10:00,18:10:00,통과,경부선,월화수목금
화물,3053,하행,40,신동,18:13:00,18:13:00,통과,경부선,월화수목금
화물,3053,하행,41,지천,18:19:00,18:19:00,통과,경부선,월화수목금
화물,3053,하행,42,서대구,18:23:00,18:23:00,통과,경부선,월화수목금
화물,3053,하행,43,대구,18:26:30,18:26:30,통과,경부선,월화수목금
화물,3053,하행,44,동대구,18:31:00,18:34:00,승무원교대,경부선,월화수목금
화물,3053,하행,45,고모,18:40:00,18:40:00,통과,경부선,월화수목금
화물,3053,하행,46,가천,18:41:30,18:41:30,통과,경부선,월화수목금
화물,3053,하행,47,경산,18:45:30,18:45:30,통과,경부선,월화수목금
화물,3053,하행,48,삼성,18:50:30,18:50:30,통과,경부선,월화수목금
화물,3053,하행,49,남성현,18:56:00,18:56:00,통과,경부선,월화수목금
화물,3053,하행,50,청도,19:02:30,19:02:30,통과,경부선,월화수목금
화물,3053,하행,51,신거,19:06:30,19:06:30,통과,경부선,월화수목금
화물,3053,하행,52,상동,19:10:00,19:10:00,통과,경부선,월화수목금
화물,3053,하행,53,밀양,19:17:00,19:17:00,통과,경부선,월화수목금
화물,3053,하행,54,미전,19:25:00,19:25:00,통과,경부선,월화수목금
화물,3053,하행,55,낙동강,19:27:00,19:27:00,통과,미전선,월화수목금
화물,3053,하행,56,한림정,19:33:00,19:33:00,통과,경전선,월화수목금
화물,3053,하행,57,진영,19:37:00,19:37:00,통과,경전선,월화수목금
화물,3053,하행,58,진례,19:40:00,19:40:00,통과,경전선,월화수목금
화물,3053,하행,59,장유,19:48:00,19:48:00,통과,부산신항선,월화수목금
화물,3053,하행,60,부산항,20:00:00,20:00:00,종착,부산신항선,월화수목금
화물,3054,상행,1,부산항,07:55:00,07:55:00,시발,부산신항선,월화수목금
화물,3054,상행,2,장유,08:07:00,08:07:00,통과,부산신항선,월화수목금
화물,3054,상행,3,진례,08:14:00,08:14:00,통과,부산신항선,월화수목금
화물,3054,상행,4,진영,08:17:00,08:17:00,통과,경전선,월화수목금
화물,3054,상행,5,한림정,08:20:30,08:20:30,통과,경전선,월화수목금
화물,3054,상행,6,낙동강,08:26:30,08:26:30,통과,경전선,월화수목금
화물,3054,상행,7,미전,08:28:30,08:28:30,통과,미전선,월화수목금
화물,3054,상행,8,밀양,08:36:30,08:36:30,통과,경부선,월화수목금
화물,3054,상행,9,상동,08:43:30,08:43:30,통과,경부선,월화수목금
화물,3054,상행,10,신거,08:47:00,08:47:00,통과,경부선,월화수목금
화물,3054,상행,11,청도,08:51:00,08:51:00,통과,경부선,월화수목금
화물,3054,상행,12,남성현,08:59:30,09:04:30,대피,경부선,월화수목금
화물,3054,상행,13,삼성,09:12:00,09:12:00,통과,경부선,월화수목금
화물,3054,상행,14,경산,09:17:00,09:17:00,통과,경부선,월화수목금
화물,3054,상행,15,가천,09:21:00,09:21:00,통과,경부선,월화수목금
화물,3054,상행,16,고모,09:22:30,09:22:30,통과,경부선,월화수목금
화물,3054,상행,17,동대구,09:27:30,09:30:30,승무원교대,경부선,월화수목금
화물,3054,상행,18,대구,09:36:00,09:36:00,통과,경부선,월화수목금
화물,3054,상행,19,서대구,09:39:30,09:39:30,통과,경부선,월화수목금
화물,3054,상행,20,지천,09:43:30,09:43:30,통과,경부선,월화수목금
화물,3054,상행,21,신동,09:49:00,09:49:00,통과,경부선,월화수목금
화물,3054,상행,22,연화,09:52:00,09:52:00,통과,경부선,월화수목금
화물,3054,상행,23,왜관,09:56:30,09:56:30,통과,경부선,월화수목금
화물,3054,상행,24,약목,10:01:30,10:01:30,통과,경부선,월화수목금
화물,3054,상행,25,사곡,10:07:30,10:07:30,통과,경부선,월화수목금
화물,3054,상행,26,구미,10:11:00,10:11:00,통과,경부선,월화수목금
화물,3054,상행,27,아포,10:16:30,10:16:30,통과,경부선,월화수목금
화물,3054,상행,28,대신,10:20:30,10:20:30,통과,경부선,월화수목금
화물,3054,상행,29,김천,10:27:30,10:27:30,통과,경부선,월화수목금
화물,3054,상행,30,직지사,10:33:00,10:33:00,통과,경부선,월화수목금
화물,3054,상행,31,신암,10:37:00,10:37:00,통과,경부선,월화수목금
화물,3054,상행,32,추풍령,10:41:30,10:41:30,통과,경부선,월화수목금
화물,3054,상행,33,황간,10:49:30,10:54:30,대피,경부선,월화수목금
화물,3054,상행,34,영동,11:07:00,11:07:00,통과,경부선,월화수목금
화물,3054,상행,35,각계,11:12:00,11:12:00,통과,경부선,월화수목금
화물,3054,상행,36,심천,11:15:00,11:15:00,통과,경부선,월화수목금
화물,3054,상행,37,지탄,11:18:30,11:18:30,통과,경부선,월화수목금
화물,3054,상행,38,이원,11:22:30,11:22:30,통과,경부선,월화수목금
화물,3054,상행,39,옥천,11:28:30,11:28:30,통과,경부선,월화수목금
화물,3054,상행,40,세천,11:35:00,11:35:00,통과,경부선,월화수목금
화물,3054,상행,41,대전,11:42:00,11:45:00,승무원교대,경부선,월화수목금
화물,3054,상행,42,대전조,11:50:00,11:50:00,통과,경부선,월화수목금
화물,3054,상행,43,회덕,11:53:00,11:53:00,통과,경부선,월화수목금
화물,3054,상행,44,신탄진,11:57:00,11:57:00,통과,경부선,월화수목금
화물,3054,상행,45,매포,12:05:00,12:14:00,대피,경부선,월화수목금
화물,3054,상행,46,부강,12:20:00,12:20:00,통과,경부선,월화수목금
화물,3054,상행,47,내판,12:23:30,12:23:30,통과,경부선,월화수목금
화물,3054,상행,48,조치원,12:27:30,12:27:30,통과,경부선,월화수목금
화물,3054,상행,49,서창,12:30:00,12:30:00,통과,경부선,월화수목금
화물,3054,상행,50,전동,12:32:30,12:32:30,통과,경부선,월화수목금
화물,3054,상행,51,전의,12:38:00,12:38:00,통과,경부선,월화수목금
화물,3054,상행,52,소정리,12:43:30,12:43:30,통과,경부선,월화수목금
화물,3054,상행,53,천안,12:53:00,12:56:00,승무원교대,경부선,월화수목금
화물,3054,상행,54,두정,13:00:00,13:00:00,통과,경부선,월화수목금
화물,3054,상행,55,직산,13:03:00,13:03:00,통과,경부선,월화수목금
화물,3054,상행,56,성환,13:07:00,13:07:00,통과,경부선,월화수목금
화물,3054,상행,57,평택,13:14:00,13:14:00,통과,경부선,월화수목금
화물,3054,상행,58,신대신,13:19:00,13:19:00,통과,평택직결선,월화수목금
화물,3054,상행,59,창내신,13:26:00,13:34:00,대피,평택선,월화수목금
화물,3054,상행,60,안중,13:46:00,13:46:00,종착,평택선,월화수목금
화물,3055,하행,1,부강화,17:09:00,17:09:00,시발,부강화물선,월화수목금
화물,3055,하행,2,부강,17:18:00,17:18:00,통과,부강화물선,월화수목금
화물,3055,하행,3,매포,17:24:00,17:24:00,통과,경부선,월화수목금
화물,3055,하행,4,신탄진,17:30:00,17:30:00,통과,경부선,월화수목금
화물,3055,하행,5,회덕,17:35:00,17:35:00,통과,경부선,월화수목금
화물,3055,하행,6,대전조,17:40:00,18:09:00,동력차교체,경부선,월화수목금
화물,3055,하행,7,대전,18:14:00,18:14:00,통과,경부선,월화수목금
화물,3055,하행,8,세천,18:21:00,18:21:00,통과,경부선,월화수목금
화물,3055,하행,9,옥천,18:27:30,18:27:30,통과,경부선,월화수목금
화물,3055,하행,10,이원,18:33:30,18:33:30,통과,경부선,월화수목금
화물,3055,하행,11,지탄,18:37:30,18:37:30,통과,경부선,월화수목금
화물,3055,하행,12,심천,18:41:00,18:41:00,통과,경부선,월화수목금
화물,3055,하행,13,각계,18:44:00,18:44:00,통과,경부선,월화수목금
화물,3055,하행,14,영동,18:49:00,18:49:00,통과,경부선,월화수목금
화물,3055,하행,15,황간,18:59:30,18:59:30,통과,경부선,월화수목금
화물,3055,하행,16,추풍령,19:07:00,19:12:00,대피,경부선,월화수목금
화물,3055,하행,17,신암,19:18:00,19:18:00,통과,경부선,월화수목금
화물,3055,하행,18,직지사,19:22:00,19:22:00,통과,경부선,월화수목금
화물,3055,하행,19,김천,19:27:30,19:27:30,통과,경부선,월화수목금
화물,3055,하행,20,대신,19:34:30,19:34:30,통과,경부선,월화수목금
화물,3055,하행,21,아포,19:38:30,19:38:30,통과,경부선,월화수목금
화물,3055,하행,22,구미,19:44:00,19:44:00,통과,경부선,월화수목금
화물,3055,하행,23,사곡,19:48:00,19:48:00,통과,경부선,월화수목금
화물,3055,하행,24,약목,19:55:00,19:55:00,통과,경부선,월화수목금
화물,3055,하행,25,왜관,20:00:30,20:00:30,통과,경부선,월화수목금
화물,3055,하행,26,연화,20:05:00,20:05:00,통과,경부선,월화수목금
화물,3055,하행,27,신동,20:08:30,20:08:30,통과,경부선,월화수목금
화물,3055,하행,28,지천,20:14:30,20:14:30,통과,경부선,월화수목금
화물,3055,하행,29,서대구,20:18:30,20:18:30,통과,경부선,월화수목금
화물,3055,하행,30,대구,20:22:30,20:22:30,통과,경부선,월화수목금
화물,3055,하행,31,동대구,20:26:00,20:30:00,승무원교대,경부선,월화수목금
화물,3055,하행,32,고모,20:35:30,20:35:30,통과,경부선,월화수목금
화물,3055,하행,33,가천,20:37:00,20:37:00,통과,경부선,월화수목금
화물,3055,하행,34,경산,20:41:00,20:41:00,통과,경부선,월화수목금
화물,3055,하행,35,삼성,20:46:00,20:46:00,통과,경부선,월화수목금
화물,3055,하행,36,남성현,20:51:30,20:51:30,통과,경부선,월화수목금
화물,3055,하행,37,청도,20:58:00,20:58:00,통과,경부선,월화수목금
화물,3055,하행,38,신거,21:02:00,21:02:00,통과,경부선,월화수목금
화물,3055,하행,39,상동,21:06:00,21:06:00,통과,경부선,월화수목금
화물,3055,하행,40,밀양,21:14:00,21:14:00,통과,경부선,월화수목금
화물,3055,하행,41,미전,21:22:00,21:22:00,통과,경부선,월화수목금
화물,3055,하행,42,삼랑진,21:25:00,21:31:30,대피,경부선,월화수목금
화물,3055,하행,43,원동,21:39:30,21:39:30,통과,경부선,월화수목금
화물,3055,하행,44,물금,21:46:00,21:46:00,통과,경부선,월화수목금
화물,3055,하행,45,화명,21:53:00,21:53:00,통과,경부선,월화수목금
화물,3055,하행,46,구포,21:55:30,21:55:30,통과,경부선,월화수목금
화물,3055,하행,47,사상,21:59:30,21:59:30,통과,경부선,월화수목금
화물,3055,하행,48,부산진,22:09:00,22:09:00,종착,경부선,월화수목금
화물,3056,상행,1,부산진,05:58:00,05:58:00,시발,경부선,월화수목금
화물,3056,상행,2,사상,06:07:30,06:07:30,통과,경부선,월화수목금
화물,3056,상행,3,구포,06:12:00,06:12:00,통과,경부선,월화수목금
화물,3056,상행,4,화명,06:14:30,06:14:30,통과,경부선,월화수목금
화물,3056,상행,5,물금,06:21:30,06:21:30,통과,경부선,월화수목금
화물,3056,상행,6,원동,06:28:00,06:28:00,통과,경부선,월화수목금
화물,3056,상행,7,삼랑진,06:34:30,06:34:30,통과,경부선,월화수목금
화물,3056,상행,8,미전,06:36:00,06:36:00,통과,경부선,월화수목금
화물,3056,상행,9,밀양,06:44:00,06:44:00,통과,경부선,월화수목금
화물,3056,상행,10,상동,06:52:00,06:52:00,통과,경부선,월화수목금
화물,3056,상행,11,신거,06:55:30,06:55:30,통과,경부선,월화수목금
화물,3056,상행,12,청도,06:59:30,06:59:30,통과,경부선,월화수목금
화물,3056,상행,13,남성현,07:06:00,07:06:00,통과,경부선,월화수목금
화물,3056,상행,14,삼성,07:11:30,07:11:30,통과,경부선,월화수목금
화물,3056,상행,15,경산,07:16:30,07:16:30,통과,경부선,월화수목금
화물,3056,상행,16,가천,07:22:00,07:27:00,대피,경부선,월화수목금
화물,3056,상행,17,고모,07:30:00,07:30:00,통과,경부선,월화수목금
화물,3056,상행,18,동대구,07:35:00,07:43:30,승무원교대,경부선,월화수목금
화물,3056,상행,19,대구,07:49:00,07:49:00,통과,경부선,월화수목금
화물,3056,상행,20,서대구,07:52:30,07:52:30,통과,경부선,월화수목금
화물,3056,상행,21,지천,07:56:30,07:56:30,통과,경부선,월화수목금
화물,3056,상행,22,신동,08:02:00,08:02:00,통과,경부선,월화수목금
화물,3056,상행,23,연화,08:05:00,08:05:00,통과,경부선,월화수목금
화물,3056,상행,24,왜관,08:09:30,08:09:30,통과,경부선,월화수목금
화물,3056,상행,25,약목,08:14:30,08:14:30,통과,경부선,월화수목금
화물,3056,상행,26,사곡,08:20:30,08:20:30,통과,경부선,월화수목금
화물,3056,상행,27,구미,08:24:00,08:24:00,통과,경부선,월화수목금
화물,3056,상행,28,아포,08:29:30,08:29:30,통과,경부선,월화수목금
화물,3056,상행,29,대신,08:33:30,08:33:30,통과,경부선,월화수목금
화물,3056,상행,30,김천,08:40:30,08:40:30,통과,경부선,월화수목금
화물,3056,상행,31,직지사,08:46:00,08:46:00,통과,경부선,월화수목금
화물,3056,상행,32,신암,08:50:00,08:50:00,통과,경부선,월화수목금
화물,3056,상행,33,추풍령,08:54:30,08:54:30,통과,경부선,월화수목금
화물,3056,상행,34,황간,09:00:30,09:00:30,통과,경부선,월화수목금
화물,3056,상행,35,영동,09:11:00,09:11:00,통과,경부선,월화수목금
화물,3056,상행,36,각계,09:16:00,09:16:00,통과,경부선,월화수목금
화물,3056,상행,37,심천,09:19:00,09:19:00,통과,경부선,월화수목금
화물,3056,상행,38,지탄,09:22:30,09:22:30,통과,경부선,월화수목금
화물,3056,상행,39,이원,09:26:30,09:26:30,통과,경부선,월화수목금
화물,3056,상행,40,옥천,09:32:30,09:32:30,통과,경부선,월화수목금
화물,3056,상행,41,세천,09:39:00,09:39:00,통과,경부선,월화수목금
화물,3056,상행,42,대전,09:45:00,09:45:00,통과,경부선,월화수목금
화물,3056,상행,43,대전조,09:50:00,10:21:00,동력차교체,경부선,월화수목금
화물,3056,상행,44,회덕,10:25:30,10:25:30,통과,경부선,월화수목금
화물,3056,상행,45,신탄진,10:30:30,10:30:30,통과,경부선,월화수목금
화물,3056,상행,46,매포,10:36:30,10:36:30,통과,경부선,월화수목금
화물,3056,상행,47,부강,10:42:00,10:45:00,운전취급,경부선,월화수목금
화물,3056,상행,48,부강화,10:55:00,10:55:00,종착,부강화물선,월화수목금
화물,3057,하행,1,신탄진,16:43:00,16:43:00,시발,경부선,월수금
화물,3057,하행,2,회덕,16:49:00,16:49:00,통과,경부선,월수금
화물,3057,하행,3,대전조,16:55:00,17:03:00,승무원교대,경부선,월수금
화물,3057,하행,4,대전,17:08:30,17:08:30,통과,경부선,월수금
화물,3057,하행,5,세천,17:16:30,17:16:30,통과,경부선,월수금
화물,3057,하행,6,옥천,17:26:00,17:42:00,화물취급,경부선,월수금
화물,3057,하행,7,이원,17:52:00,17:52:00,통과,경부선,월수금
화물,3057,하행,8,지탄,17:57:00,17:57:00,통과,경부선,월수금
화물,3057,하행,9,심천,18:01:00,18:01:00,통과,경부선,월수금
화물,3057,하행,10,각계,18:04:00,18:04:00,통과,경부선,월수금
화물,3057,하행,11,영동,18:10:00,18:10:00,통과,경부선,월수금
화물,3057,하행,12,황간,18:23:00,18:23:00,통과,경부선,월수금
화물,3057,하행,13,추풍령,18:30:00,18:30:00,통과,경부선,월수금
화물,3057,하행,14,신암,18:34:30,18:34:30,통과,경부선,월수금
화물,3057,하행,15,직지사,18:39:00,18:39:00,통과,경부선,월수금
화물,3057,하행,16,김천,18:45:00,18:45:00,통과,경부선,월수금
화물,3057,하행,17,대신,18:53:00,18:53:00,통과,경부선,월수금
화물,3057,하행,18,아포,18:58:00,18:58:00,통과,경부선,월수금
화물,3057,하행,19,구미,19:04:00,19:04:00,통과,경부선,월수금
화물,3057,하행,20,사곡,19:08:00,19:08:00,통과,경부선,월수금
화물,3057,하행,21,약목,19:15:00,19:15:00,통과,경부선,월수금
화물,3057,하행,22,왜관,19:21:30,19:26:30,대피,경부선,월수금
화물,3057,하행,23,연화,19:33:00,19:33:00,통과,경부선,월수금
화물,3057,하행,24,신동,19:36:00,19:36:00,통과,경부선,월수금
화물,3057,하행,25,지천,19:42:00,19:42:00,통과,경부선,월수금
화물,3057,하행,26,서대구,19:46:30,19:46:30,통과,경부선,월수금
화물,3057,하행,27,대구,19:50:00,19:50:00,통과,경부선,월수금
화물,3057,하행,28,동대구,19:54:30,20:02:30,승무원교대,경부선,월수금
화물,3057,하행,29,고모,20:08:30,20:08:30,통과,경부선,월수금
화물,3057,하행,30,가천,20:10:00,20:10:00,통과,경부선,월수금
화물,3057,하행,31,경산,20:14:00,20:14:00,통과,경부선,월수금
화물,3057,하행,32,삼성,20:21:30,20:26:30,대피,경부선,월수금
화물,3057,하행,33,남성현,20:35:00,20:35:00,통과,경부선,월수금
화물,3057,하행,34,청도,20:43:00,20:43:00,통과,경부선,월수금
화물,3057,하행,35,신거,20:48:00,20:48:00,통과,경부선,월수금
화물,3057,하행,36,상동,20:52:00,20:52:00,통과,경부선,월수금
화물,3057,하행,37,밀양,21:01:30,21:07:30,대피,경부선,월수금
화물,3057,하행,38,미전,21:18:00,21:18:00,통과,경부선,월수금
화물,3057,하행,39,삼랑진,21:19:30,21:19:30,통과,경부선,월수금
화물,3057,하행,40,원동,21:26:30,21:26:30,통과,경부선,월수금
화물,3057,하행,41,물금,21:33:30,21:33:30,통과,경부선,월수금
화물,3057,하행,42,화명,21:40:30,21:40:30,통과,경부선,월수금
화물,3057,하행,43,구포,21:43:00,21:43:00,통과,경부선,월수금
화물,3057,하행,44,사상,21:47:00,21:47:00,통과,경부선,월수금
화물,3057,하행,45,부산진,21:59:00,21:59:00,종착,경부선,월수금
화물,3058,상행,1,부산진,05:28:00,05:28:00,시발,경부선,화목토
화물,3058,상행,2,사상,05:39:30,05:39:30,통과,경부선,화목토
화물,3058,상행,3,구포,05:43:30,05:43:30,통과,경부선,화목토
화물,3058,상행,4,화명,05:46:00,05:46:00,통과,경부선,화목토
화물,3058,상행,5,물금,05:53:00,05:53:00,통과,경부선,화목토
화물,3058,상행,6,원동,06:00:00,06:00:00,통과,경부선,화목토
화물,3058,상행,7,삼랑진,06:07:00,06:07:00,통과,경부선,화목토
화물,3058,상행,8,미전,06:08:30,06:08:30,통과,경부선,화목토
화물,3058,상행,9,밀양,06:17:30,06:17:30,통과,경부선,화목토
화물,3058,상행,10,상동,06:25:30,06:25:30,통과,경부선,화목토
화물,3058,상행,11,신거,06:29:30,06:29:30,통과,경부선,화목토
화물,3058,상행,12,청도,06:34:30,06:34:30,통과,경부선,화목토
화물,3058,상행,13,남성현,06:44:00,06:59:00,대피,경부선,화목토
화물,3058,상행,14,삼성,07:07:30,07:07:30,통과,경부선,화목토
화물,3058,상행,15,경산,07:13:30,07:13:30,통과,경부선,화목토
화물,3058,상행,16,가천,07:17:30,07:17:30,통과,경부선,화목토
화물,3058,상행,17,고모,07:19:00,07:19:00,통과,경부선,화목토
화물,3058,상행,18,동대구,07:25:00,07:29:00,승무원교대,경부선,화목토
화물,3058,상행,19,대구,07:34:00,07:34:00,통과,경부선,화목토
화물,3058,상행,20,서대구,07:37:30,07:37:30,통과,경부선,화목토
화물,3058,상행,21,지천,07:41:30,07:41:30,통과,경부선,화목토
화물,3058,상행,22,신동,07:47:30,07:47:30,통과,경부선,화목토
화물,3058,상행,23,연화,07:50:30,07:50:30,통과,경부선,화목토
화물,3058,상행,24,왜관,07:55:30,07:55:30,통과,경부선,화목토
화물,3058,상행,25,약목,08:02:00,08:07:00,대피,경부선,화목토
화물,3058,상행,26,사곡,08:15:30,08:15:30,통과,경부선,화목토
화물,3058,상행,27,구미,08:19:30,08:19:30,통과,경부선,화목토
화물,3058,상행,28,아포,08:27:00,08:32:00,대피,경부선,화목토
화물,3058,상행,29,대신,08:38:30,08:38:30,통과,경부선,화목토
화물,3058,상행,30,김천,08:46:30,08:46:30,통과,경부선,화목토
화물,3058,상행,31,직지사,08:53:30,08:53:30,통과,경부선,화목토
화물,3058,상행,32,신암,09:00:30,09:00:30,통과,경부선,화목토
화물,3058,상행,33,추풍령,09:07:30,09:07:30,통과,경부선,화목토
화물,3058,상행,34,황간,09:14:30,09:14:30,통과,경부선,화목토
화물,3058,상행,35,영동,09:24:30,09:24:30,통과,경부선,화목토
화물,3058,상행,36,각계,09:30:30,09:30:30,통과,경부선,화목토
화물,3058,상행,37,심천,09:33:30,09:33:30,통과,경부선,화목토
화물,3058,상행,38,지탄,09:37:30,09:37:30,통과,경부선,화목토
화물,3058,상행,39,이원,09:42:30,09:42:30,통과,경부선,화목토
화물,3058,상행,40,옥천,09:51:30,09:57:30,대피,경부선,화목토
화물,3058,상행,41,세천,10:06:30,10:06:30,통과,경부선,화목토
화물,3058,상행,42,대전,10:14:30,10:24:30,승무원교대,경부선,화목토
화물,3058,상행,43,대전조,10:31:00,10:31:00,통과,경부선,화목토
화물,3058,상행,44,회덕,10:34:30,10:34:30,통과,경부선,화목토
화물,3058,상행,45,신탄진,10:41:00,10:41:00,종착,경부선,화목토
화물,3059,하행,1,신탄진,16:43:00,16:43:00,시발,경부선,화목토
화물,3059,하행,2,회덕,16:49:00,16:49:00,통과,경부선,화목토
화물,3059,하행,3,대전조,16:55:00,17:03:00,승무원교대,경부선,화목토
화물,3059,하행,4,대전,17:08:30,17:08:30,통과,경부선,화목토
화물,3059,하행,5,세천,17:16:30,17:16:30,통과,경부선,화목토
화물,3059,하행,6,옥천,17:26:00,17:42:00,대피,경부선,화목토
화물,3059,하행,7,이원,17:52:00,17:52:00,통과,경부선,화목토
화물,3059,하행,8,지탄,17:57:00,17:57:00,통과,경부선,화목토
화물,3059,하행,9,심천,18:01:00,18:01:00,통과,경부선,화목토
화물,3059,하행,10,각계,18:04:00,18:04:00,통과,경부선,화목토
화물,3059,하행,11,영동,18:10:00,18:10:00,통과,경부선,화목토
화물,3059,하행,12,황간,18:23:00,18:23:00,통과,경부선,화목토
화물,3059,하행,13,추풍령,18:30:00,18:30:00,통과,경부선,화목토
화물,3059,하행,14,신암,18:34:30,18:34:30,통과,경부선,화목토
화물,3059,하행,15,직지사,18:39:00,18:39:00,통과,경부선,화목토
화물,3059,하행,16,김천,18:45:00,18:45:00,통과,경부선,화목토
화물,3059,하행,17,대신,18:53:00,18:53:00,통과,경부선,화목토
화물,3059,하행,18,아포,18:58:00,18:58:00,통과,경부선,화목토
화물,3059,하행,19,구미,19:04:00,19:04:00,통과,경부선,화목토
화물,3059,하행,20,사곡,19:08:00,19:08:00,통과,경부선,화목토
화물,3059,하행,21,약목,19:15:00,19:15:00,통과,경부선,화목토
화물,3059,하행,22,왜관,19:21:30,19:26:30,대피,경부선,화목토
화물,3059,하행,23,연화,19:33:00,19:33:00,통과,경부선,화목토
화물,3059,하행,24,신동,19:36:00,19:36:00,통과,경부선,화목토
화물,3059,하행,25,지천,19:42:00,19:42:00,통과,경부선,화목토
화물,3059,하행,26,서대구,19:46:30,19:46:30,통과,경부선,화목토
화물,3059,하행,27,대구,19:50:00,19:50:00,통과,경부선,화목토
화물,3059,하행,28,동대구,19:54:30,20:02:30,승무원교대,경부선,화목토
화물,3059,하행,29,고모,20:08:30,20:08:30,통과,경부선,화목토
화물,3059,하행,30,가천,20:10:00,20:10:00,통과,경부선,화목토
화물,3059,하행,31,경산,20:14:00,20:14:00,통과,경부선,화목토
화물,3059,하행,32,삼성,20:21:30,20:26:30,대피,경부선,화목토
화물,3059,하행,33,남성현,20:35:00,20:35:00,통과,경부선,화목토
화물,3059,하행,34,청도,20:43:00,20:43:00,통과,경부선,화목토
화물,3059,하행,35,신거,20:48:00,20:48:00,통과,경부선,화목토
화물,3059,하행,36,상동,20:52:00,20:52:00,통과,경부선,화목토
화물,3059,하행,37,밀양,21:01:30,21:07:30,대피,경부선,화목토
화물,3059,하행,38,미전,21:18:00,21:18:00,통과,경부선,화목토
화물,3059,하행,39,낙동강,21:20:30,21:20:30,통과,미전선,화목토
화물,3059,하행,40,한림정,21:27:30,21:27:30,통과,경전선,화목토
화물,3059,하행,41,진영,21:31:30,21:31:30,통과,경전선,화목토
화물,3059,하행,42,진례,21:34:30,21:34:30,통과,경전선,화목토
화물,3059,하행,43,장유,21:42:30,21:42:30,통과,부산신항선,화목토
화물,3059,하행,44,부산항,21:54:00,21:54:00,종착,부산신항선,화목토
근거리,R3059,하행,1,부산항,21:55:00,21:55:00,시발,신항북선,화목토
근거리,R3059,하행,2,북철송,22:05:00,22:05:00,종착,신항북선,화목토
화물,3060,상행,1,부산항,05:27:00,05:27:00,시발,부산신항선,월수금
화물,3060,상행,2,장유,05:39:00,05:39:00,통과,부산신항선,월수금
화물,3060,상행,3,진례,05:49:00,05:49:00,통과,부산신항선,월수금
화물,3060,상행,4,진영,05:53:00,05:53:00,통과,경전선,월수금
화물,3060,상행,5,한림정,05:58:00,05:58:00,통과,경전선,월수금
화물,3060,상행,6,낙동강,06:06:00,06:06:00,통과,경전선,월수금
화물,3060,상행,7,미전,06:08:30,06:08:30,통과,미전선,월수금
화물,3060,상행,8,밀양,06:17:30,06:17:30,통과,경부선,월수금
화물,3060,상행,9,상동,06:25:30,06:25:30,통과,경부선,월수금
화물,3060,상행,10,신거,06:29:30,06:29:30,통과,경부선,월수금
화물,3060,상행,11,청도,06:34:30,06:34:30,통과,경부선,월수금
화물,3060,상행,12,남성현,06:44:00,06:59:00,대피,경부선,월수금
화물,3060,상행,13,삼성,07:07:30,07:07:30,통과,경부선,월수금
화물,3060,상행,14,경산,07:13:30,07:13:30,통과,경부선,월수금
화물,3060,상행,15,가천,07:17:30,07:17:30,통과,경부선,월수금
화물,3060,상행,16,고모,07:19:00,07:19:00,통과,경부선,월수금
화물,3060,상행,17,동대구,07:25:00,07:29:00,승무원교대,경부선,월수금
화물,3060,상행,18,대구,07:34:00,07:34:00,통과,경부선,월수금
화물,3060,상행,19,서대구,07:37:30,07:37:30,통과,경부선,월수금
화물,3060,상행,20,지천,07:41:30,07:41:30,통과,경부선,월수금
화물,3060,상행,21,신동,07:47:30,07:47:30,통과,경부선,월수금
화물,3060,상행,22,연화,07:50:30,07:50:30,통과,경부선,월수금
화물,3060,상행,23,왜관,07:55:30,07:55:30,통과,경부선,월수금
화물,3060,상행,24,약목,08:02:00,08:07:00,대피,경부선,월수금
화물,3060,상행,25,사곡,08:15:30,08:15:30,통과,경부선,월수금
화물,3060,상행,26,구미,08:19:30,08:19:30,통과,경부선,월수금
화물,3060,상행,27,아포,08:27:00,08:32:00,대피,경부선,월수금
화물,3060,상행,28,대신,08:38:30,08:38:30,통과,경부선,월수금
화물,3060,상행,29,김천,08:46:30,08:46:30,통과,경부선,월수금
화물,3060,상행,30,직지사,08:53:30,08:53:30,통과,경부선,월수금
화물,3060,상행,31,신암,09:00:30,09:00:30,통과,경부선,월수금
화물,3060,상행,32,추풍령,09:07:30,09:07:30,통과,경부선,월수금
화물,3060,상행,33,황간,09:14:30,09:14:30,통과,경부선,월수금
화물,3060,상행,34,영동,09:24:30,09:24:30,통과,경부선,월수금
화물,3060,상행,35,각계,09:30:30,09:30:30,통과,경부선,월수금
화물,3060,상행,36,심천,09:33:30,09:33:30,통과,경부선,월수금
화물,3060,상행,37,지탄,09:37:30,09:37:30,통과,경부선,월수금
화물,3060,상행,38,이원,09:42:30,09:42:30,통과,경부선,월수금
화물,3060,상행,39,옥천,09:51:30,09:57:30,대피,경부선,월수금
화물,3060,상행,40,세천,10:06:30,10:06:30,통과,경부선,월수금
화물,3060,상행,41,대전,10:14:30,10:24:30,승무원교대,경부선,월수금
화물,3060,상행,42,대전조,10:31:00,10:31:00,통과,경부선,월수금
화물,3060,상행,43,회덕,10:34:30,10:34:30,통과,경부선,월수금
화물,3060,상행,44,신탄진,10:41:00,10:41:00,종착,경부선,월수금
근거리,Y3060,상행,1,북철송,05:16:00,05:16:00,시발,신항북선,월수금
근거리,Y3060,상행,2,부산항,05:26:00,05:26:00,종착,신항북선,월수금
화물,3061,하행,1,약목,17:37:00,17:37:00,시발,경부선,월화수목금토
화물,3061,하행,2,왜관,17:44:00,17:44:00,통과,경부선,월화수목금토
화물,3061,하행,3,연화,17:49:00,17:49:00,통과,경부선,월화수목금토
화물,3061,하행,4,신동,17:52:00,17:52:00,통과,경부선,월화수목금토
화물,3061,하행,5,지천,17:58:00,17:58:00,통과,경부선,월화수목금토
화물,3061,하행,6,서대구,18:02:30,18:02:30,통과,경부선,월화수목금토
화물,3061,하행,7,대구,18:06:00,18:06:00,통과,경부선,월화수목금토
화물,3061,하행,8,동대구,18:10:30,18:13:00,승무원교대,경부선,월화수목금토
화물,3061,하행,9,고모,18:19:00,18:19:00,통과,경부선,월화수목금토
화물,3061,하행,10,가천,18:20:30,18:20:30,통과,경부선,월화수목금토
화물,3061,하행,11,경산,18:24:30,18:24:30,통과,경부선,월화수목금토
화물,3061,하행,12,삼성,18:30:30,18:30:30,통과,경부선,월화수목금토
화물,3061,하행,13,남성현,18:37:30,18:37:30,통과,경부선,월화수목금토
화물,3061,하행,14,청도,18:45:30,18:45:30,통과,경부선,월화수목금토
화물,3061,하행,15,신거,18:50:30,18:50:30,통과,경부선,월화수목금토
화물,3061,하행,16,상동,18:54:30,18:54:30,통과,경부선,월화수목금토
화물,3061,하행,17,밀양,19:02:30,19:02:30,통과,경부선,월화수목금토
화물,3061,하행,18,미전,19:11:30,19:11:30,통과,경부선,월화수목금토
화물,3061,하행,19,낙동강,19:14:00,19:14:00,통과,미전선,월화수목금토
화물,3061,하행,20,한림정,19:21:00,19:21:00,통과,경전선,월화수목금토
화물,3061,하행,21,진영,19:25:00,19:25:00,통과,경전선,월화수목금토
화물,3061,하행,22,진례,19:28:00,19:28:00,통과,경전선,월화수목금토
화물,3061,하행,23,장유,19:36:00,19:36:00,통과,부산신항선,월화수목금토
화물,3061,하행,24,부산항,19:48:00,19:48:00,종착,부산신항선,월화수목금토
근거리,R3061,하행,1,부산항,19:51:00,19:51:00,시발,신항북선,월화수목금토
근거리,R3061,하행,2,북철송,20:01:00,20:01:00,종착,신항북선,월화수목금토
근거리,P3062,상행,1,북철송,12:02:00,12:02:00,시발,신항북선,월화수목금토
근거리,P3062,상행,2,부산항,12:12:00,12:12:00,종착,신항북선,월화수목금토
화물,3062,상행,1,부산항,12:13:00,12:13:00,시발,부산신항선,월화수목금토
화물,3062,상행,2,장유,12:25:00,12:25:00,통과,부산신항선,월화수목금토
화물,3062,상행,3,진례,12:35:00,12:35:00,통과,부산신항선,월화수목금토
화물,3062,상행,4,진영,12:38:00,12:38:00,통과,경전선,월화수목금토
화물,3062,상행,5,한림정,12:42:00,12:42:00,통과,경전선,월화수목금토
화물,3062,상행,6,낙동강,12:49:00,12:49:00,통과,경전선,월화수목금토
화물,3062,상행,7,미전,12:50:30,12:50:30,통과,미전선,월화수목금토
화물,3062,상행,8,밀양,12:59:30,12:59:30,통과,경부선,월화수목금토
화물,3062,상행,9,상동,13:07:30,13:07:30,통과,경부선,월화수목금토
화물,3062,상행,10,신거,13:11:30,13:11:30,통과,경부선,월화수목금토
화물,3062,상행,11,청도,13:16:30,13:16:30,통과,경부선,월화수목금토
화물,3062,상행,12,남성현,13:24:30,13:24:30,통과,경부선,월화수목금토
화물,3062,상행,13,삼성,13:31:30,13:31:30,통과,경부선,월화수목금토
화물,3062,상행,14,경산,13:37:30,13:37:30,통과,경부선,월화수목금토
화물,3062,상행,15,가천,13:41:30,13:41:30,통과,경부선,월화수목금토
화물,3062,상행,16,고모,13:43:00,13:43:00,통과,경부선,월화수목금토
화물,3062,상행,17,동대구,13:49:00,13:56:00,승무원교대,경부선,월화수목금토
화물,3062,상행,18,대구,14:01:00,14:01:00,통과,경부선,월화수목금토
화물,3062,상행,19,서대구,14:04:30,14:04:30,통과,경부선,월화수목금토
화물,3062,상행,20,지천,14:08:30,14:08:30,통과,경부선,월화수목금토
화물,3062,상행,21,신동,14:14:30,14:14:30,통과,경부선,월화수목금토
화물,3062,상행,22,연화,14:17:30,14:17:30,통과,경부선,월화수목금토
화물,3062,상행,23,왜관,14:22:30,14:22:30,통과,경부선,월화수목금토
화물,3062,상행,24,약목,14:30:00,14:30:00,종착,경부선,월화수목금토
근거리,Y3062,상행,1,부산항,11:27:00,11:27:00,시발,신항북선,월화수목금토
근거리,Y3062,상행,2,북철송,11:37:00,11:37:00,종착,신항북선,월화수목금토
화물,3063,하행,1,약목,14:07:00,14:07:00,시발,경부선,화수목금토
화물,3063,하행,2,왜관,14:14:00,14:14:00,통과,경부선,화수목금토
화물,3063,하행,3,연화,14:19:00,14:19:00,통과,경부선,화수목금토
화물,3063,하행,4,신동,14:22:00,14:22:00,통과,경부선,화수목금토
화물,3063,하행,5,지천,14:28:30,14:28:30,통과,경부선,화수목금토
화물,3063,하행,6,서대구,14:33:00,14:33:00,통과,경부선,화수목금토
화물,3063,하행,7,대구,14:36:30,14:36:30,통과,경부선,화수목금토
화물,3063,하행,8,동대구,14:41:00,14:44:00,승무원교대,경부선,화수목금토
화물,3063,하행,9,고모,14:50:00,14:50:00,통과,경부선,화수목금토
화물,3063,하행,10,가천,14:51:30,14:51:30,통과,경부선,화수목금토
화물,3063,하행,11,경산,14:55:30,14:55:30,통과,경부선,화수목금토
화물,3063,하행,12,삼성,15:01:30,15:01:30,통과,경부선,화수목금토
화물,3063,하행,13,남성현,15:08:30,15:08:30,통과,경부선,화수목금토
화물,3063,하행,14,청도,15:16:30,15:16:30,통과,경부선,화수목금토
화물,3063,하행,15,신거,15:21:30,15:21:30,통과,경부선,화수목금토
화물,3063,하행,16,상동,15:25:30,15:25:30,통과,경부선,화수목금토
화물,3063,하행,17,밀양,15:33:30,15:33:30,통과,경부선,화수목금토
화물,3063,하행,18,미전,15:42:30,15:42:30,통과,경부선,화수목금토
화물,3063,하행,19,삼랑진,15:44:00,15:44:00,통과,경부선,화수목금토
화물,3063,하행,20,원동,15:51:00,15:51:00,통과,경부선,화수목금토
화물,3063,하행,21,물금,15:58:00,15:58:00,통과,경부선,화수목금토
화물,3063,하행,22,화명,16:07:00,16:13:00,대피,경부선,화수목금토
화물,3063,하행,23,구포,16:17:30,16:17:30,통과,경부선,화수목금토
화물,3063,하행,24,사상,16:21:30,16:21:30,통과,경부선,화수목금토
화물,3063,하행,25,부산진,16:33:00,16:33:00,종착,경부선,화수목금토
화물,3064,상행,1,부산진,06:56:00,06:56:00,시발,경부선,화수목금토
화물,3064,상행,2,사상,07:07:30,07:07:30,통과,경부선,화수목금토
화물,3064,상행,3,구포,07:11:30,07:11:30,통과,경부선,화수목금토
화물,3064,상행,4,화명,07:14:00,07:14:00,통과,경부선,화수목금토
화물,3064,상행,5,물금,07:21:00,07:21:00,통과,경부선,화수목금토
화물,3064,상행,6,원동,07:28:00,07:28:00,통과,경부선,화수목금토
화물,3064,상행,7,삼랑진,07:35:00,07:35:00,통과,경부선,화수목금토
화물,3064,상행,8,미전,07:36:30,07:36:30,통과,경부선,화수목금토
화물,3064,상행,9,밀양,07:45:30,07:45:30,통과,경부선,화수목금토
화물,3064,상행,10,상동,07:53:30,07:53:30,통과,경부선,화수목금토
화물,3064,상행,11,신거,07:57:30,07:57:30,통과,경부선,화수목금토
화물,3064,상행,12,청도,08:02:30,08:02:30,통과,경부선,화수목금토
화물,3064,상행,13,남성현,08:12:00,08:17:00,대피,경부선,화수목금토
화물,3064,상행,14,삼성,08:25:30,08:25:30,통과,경부선,화수목금토
화물,3064,상행,15,경산,08:31:30,08:31:30,통과,경부선,화수목금토
화물,3064,상행,16,가천,08:35:30,08:35:30,통과,경부선,화수목금토
화물,3064,상행,17,고모,08:37:00,08:37:00,통과,경부선,화수목금토
화물,3064,상행,18,동대구,08:43:00,08:45:00,승무원교대,경부선,화수목금토
화물,3064,상행,19,대구,08:50:00,08:50:00,통과,경부선,화수목금토
화물,3064,상행,20,서대구,08:53:30,08:53:30,통과,경부선,화수목금토
화물,3064,상행,21,지천,08:57:30,08:57:30,통과,경부선,화수목금토
화물,3064,상행,22,신동,09:03:30,09:03:30,통과,경부선,화수목금토
화물,3064,상행,23,연화,09:06:30,09:06:30,통과,경부선,화수목금토
화물,3064,상행,24,왜관,09:11:30,09:11:30,통과,경부선,화수목금토
화물,3064,상행,25,약목,09:19:00,09:19:00,종착,경부선,화수목금토
화물,3069,하행,1,군산항,11:45:00,11:45:00,시발,군산항선,월화수목금
화물,3069,하행,2,군산옥,12:00:30,12:00:30,통과,군산항선,월화수목금
화물,3069,하행,3,대야,12:08:00,12:08:00,통과,군산항선,월화수목금
화물,3069,하행,4,목천신,12:16:00,12:16:00,통과,장항선,월화수목금
화물,3069,하행,5,동익산,12:19:30,12:28:30,승무원교대,익산삼각선,월화수목금
화물,3069,하행,6,삼례,12:39:00,12:39:00,통과,전라선,월화수목금
화물,3069,하행,7,동산,12:44:00,13:04:00,화물취급,전라선,월화수목금
화물,3069,하행,8,전주,13:12:00,13:12:00,통과,전라선,월화수목금
화물,3069,하행,9,신리,13:19:30,13:19:30,통과,전라선,월화수목금
화물,3069,하행,10,죽림온,13:24:00,13:24:00,통과,전라선,월화수목금
화물,3069,하행,11,관촌,13:31:30,13:31:30,통과,전라선,월화수목금
화물,3069,하행,12,임실,13:35:00,13:35:00,통과,전라선,월화수목금
화물,3069,하행,13,봉천,13:40:00,13:40:00,통과,전라선,월화수목금
화물,3069,하행,14,오수,13:43:30,13:43:30,통과,전라선,월화수목금
화물,3069,하행,15,서도,13:48:30,13:48:30,통과,전라선,월화수목금
화물,3069,하행,16,산성,13:53:30,13:53:30,통과,전라선,월화수목금
화물,3069,하행,17,남원,13:56:30,13:56:30,통과,전라선,월화수목금
화물,3069,하행,18,주생,14:01:30,14:01:30,통과,전라선,월화수목금
화물,3069,하행,19,옹정,14:04:00,14:04:00,통과,전라선,월화수목금
화물,3069,하행,20,금지,14:06:30,14:06:30,통과,전라선,월화수목금
화물,3069,하행,21,곡성,14:13:30,14:20:30,대피,전라선,월화수목금
화물,3069,하행,22,압록,14:31:30,14:31:30,통과,전라선,월화수목금
화물,3069,하행,23,구례구,14:39:00,14:39:00,통과,전라선,월화수목금
화물,3069,하행,24,봉덕,14:42:00,14:42:00,통과,전라선,월화수목금
화물,3069,하행,25,괴목,14:48:00,14:55:00,대피,전라선,월화수목금
화물,3069,하행,26,개운,15:03:00,15:03:00,통과,전라선,월화수목금
화물,3069,하행,27,동운,15:06:00,15:06:00,통과,전라선,월화수목금
화물,3069,하행,28,순천,15:14:00,16:04:00,승무원교대,전라선,월화수목금
화물,3069,하행,29,평화,16:09:00,16:09:00,통과,경전선,월화수목금
화물,3069,하행,30,광양,16:14:00,16:14:00,통과,경전선,월화수목금
화물,3069,하행,31,초남,16:21:00,16:21:00,통과,광양제철선,월화수목금
화물,3069,하행,32,황길,16:30:00,16:30:00,통과,광양제철선,월화수목금
화물,3069,하행,33,태금,16:38:00,16:38:00,종착,광양제철선,월화수목금
근거리,R3069,상행,1,태금,17:43:00,17:43:00,시발,광양제철선,월화수목금
근거리,R3069,상행,2,황길,17:51:00,17:51:00,통과,광양제철선,월화수목금
근거리,R3069,상행,3,초남,18:00:00,18:00:00,통과,광양제철선,월화수목금
근거리,R3069,상행,4,광양,18:08:00,18:23:00,화물취급,광양제철선,월화수목금
근거리,R3069,상행,5,평화,18:28:00,18:28:00,통과,경전선,월화수목금
근거리,R3069,상행,6,순천,18:33:00,18:33:00,종착,경전선,월화수목금
화물,3070,상행,1,순천,05:52:00,05:52:00,시발,전라선,월화수목금
화물,3070,상행,2,동운,06:00:00,06:00:00,통과,전라선,월화수목금
화물,3070,상행,3,개운,06:03:00,06:03:00,통과,전라선,월화수목금
화물,3070,상행,4,괴목,06:09:30,06:09:30,통과,전라선,월화수목금
화물,3070,상행,5,봉덕,06:14:00,06:14:00,통과,전라선,월화수목금
화물,3070,상행,6,구례구,06:17:00,06:17:00,통과,전라선,월화수목금
화물,3070,상행,7,압록,06:24:30,06:24:30,통과,전라선,월화수목금
화물,3070,상행,8,곡성,06:34:00,06:34:00,통과,전라선,월화수목금
화물,3070,상행,9,금지,06:39:00,06:39:00,통과,전라선,월화수목금
화물,3070,상행,10,옹정,06:41:30,06:41:30,통과,전라선,월화수목금
화물,3070,상행,11,주생,06:44:00,06:44:00,통과,전라선,월화수목금
화물,3070,상행,12,남원,06:49:00,06:49:00,통과,전라선,월화수목금
화물,3070,상행,13,산성,06:52:00,06:52:00,통과,전라선,월화수목금
화물,3070,상행,14,서도,06:57:00,06:57:00,통과,전라선,월화수목금
화물,3070,상행,15,오수,07:03:30,07:08:30,대피,전라선,월화수목금
화물,3070,상행,16,봉천,07:13:30,07:13:30,통과,전라선,월화수목금
화물,3070,상행,17,임실,07:18:30,07:18:30,통과,전라선,월화수목금
화물,3070,상행,18,관촌,07:22:00,07:22:00,통과,전라선,월화수목금
화물,3070,상행,19,죽림온,07:29:30,07:29:30,통과,전라선,월화수목금
화물,3070,상행,20,신리,07:34:00,07:34:00,통과,전라선,월화수목금
화물,3070,상행,21,전주,07:41:30,07:41:30,통과,전라선,월화수목금
화물,3070,상행,22,동산,07:48:00,07:48:00,통과,전라선,월화수목금
화물,3070,상행,23,삼례,07:51:30,07:51:30,통과,전라선,월화수목금
화물,3070,상행,24,동익산,08:02:00,08:06:30,승무원교대,전라선,월화수목금
화물,3070,상행,25,목천신,08:10:00,08:10:00,통과,익산삼각선,월화수목금
화물,3070,상행,26,대야,08:18:00,08:18:00,통과,장항선,월화수목금
화물,3070,상행,27,군산옥,08:25:30,08:25:30,통과,군산항선,월화수목금
화물,3070,상행,28,군산항,08:41:00,08:41:00,종착,군산항선,월화수목금
화물,3072,상행,1,신광양,13:46:00,13:46:00,시발,신광양항선,월화수목금
화물,3072,상행,2,초남,13:53:00,13:53:00,통과,신광양항선,월화수목금
화물,3072,상행,3,광양,14:01:00,14:01:00,통과,광양제철선,월화수목금
화물,3072,상행,4,평화,14:05:00,14:05:00,통과,경전선,월화수목금
화물,3072,상행,5,순천,14:11:00,14:39:00,동력차교체,경전선,월화수목금
화물,3072,상행,6,동운,14:47:00,14:47:00,통과,전라선,월화수목금
화물,3072,상행,7,개운,14:50:00,14:50:00,통과,전라선,월화수목금
화물,3072,상행,8,괴목,14:57:30,15:02:30,대피,전라선,월화수목금
화물,3072,상행,9,봉덕,15:08:00,15:08:00,통과,전라선,월화수목금
화물,3072,상행,10,구례구,15:11:00,15:11:00,통과,전라선,월화수목금
화물,3072,상행,11,압록,15:17:30,15:17:30,통과,전라선,월화수목금
화물,3072,상행,12,곡성,15:26:00,15:26:00,통과,전라선,월화수목금
화물,3072,상행,13,금지,15:30:00,15:30:00,통과,전라선,월화수목금
화물,3072,상행,14,옹정,15:32:30,15:32:30,통과,전라선,월화수목금
화물,3072,상행,15,주생,15:35:00,15:35:00,통과,전라선,월화수목금
화물,3072,상행,16,남원,15:39:30,15:39:30,통과,전라선,월화수목금
화물,3072,상행,17,산성,15:42:00,15:42:00,통과,전라선,월화수목금
화물,3072,상행,18,서도,15:46:30,15:46:30,통과,전라선,월화수목금
화물,3072,상행,19,오수,15:51:00,15:51:00,통과,전라선,월화수목금
화물,3072,상행,20,봉천,15:54:00,15:54:00,통과,전라선,월화수목금
화물,3072,상행,21,임실,16:00:00,16:05:00,대피,전라선,월화수목금
화물,3072,상행,22,관촌,16:09:30,16:09:30,통과,전라선,월화수목금
화물,3072,상행,23,죽림온,16:17:30,16:22:30,대피,전라선,월화수목금
화물,3072,상행,24,신리,16:28:00,16:28:00,통과,전라선,월화수목금
화물,3072,상행,25,전주,16:34:30,16:34:30,통과,전라선,월화수목금
화물,3072,상행,26,동산,16:40:30,16:40:30,통과,전라선,월화수목금
화물,3072,상행,27,삼례,16:43:30,16:43:30,통과,전라선,월화수목금
화물,3072,상행,28,동익산,16:52:00,16:52:00,통과,전라선,월화수목금
화물,3072,상행,29,익산,16:55:00,16:58:00,승무원교대,전라선,월화수목금
화물,3072,상행,30,황등,17:05:30,17:05:30,통과,호남선,월화수목금
화물,3072,상행,31,함열,17:13:00,17:13:00,통과,호남선,월화수목금
화물,3072,상행,32,용동,17:17:30,17:17:30,통과,호남선,월화수목금
화물,3072,상행,33,강경,17:22:30,17:22:30,통과,호남선,월화수목금
화물,3072,상행,34,채운,17:25:00,17:25:00,통과,호남선,월화수목금
화물,3072,상행,35,논산,17:30:00,17:30:00,통과,호남선,월화수목금
화물,3072,상행,36,부황,17:34:00,17:34:00,통과,호남선,월화수목금
화물,3072,상행,37,연산,17:38:00,17:38:00,통과,호남선,월화수목금
화물,3072,상행,38,개태사,17:42:00,17:42:00,통과,호남선,월화수목금
화물,3072,상행,39,계룡,17:49:30,17:49:30,통과,호남선,월화수목금
화물,3072,상행,40,흑석리,17:55:30,17:55:30,통과,호남선,월화수목금
화물,3072,상행,41,가수원,17:59:30,17:59:30,통과,호남선,월화수목금
화물,3072,상행,42,서대전,18:04:00,18:04:00,통과,호남선,월화수목금
화물,3072,상행,43,대전조,18:10:00,18:20:00,승무원교대,호남선,월화수목금
화물,3072,상행,44,회덕,18:24:30,18:24:30,통과,경부선,월화수목금
화물,3072,상행,45,신탄진,18:28:30,18:28:30,통과,경부선,월화수목금
화물,3072,상행,46,매포,18:34:30,18:34:30,통과,경부선,월화수목금
화물,3072,상행,47,부강,18:38:30,18:38:30,통과,경부선,월화수목금
화물,3072,상행,48,내판,18:42:00,18:42:00,통과,경부선,월화수목금
화물,3072,상행,49,조치원,18:46:00,18:46:00,통과,경부선,월화수목금
화물,3072,상행,50,서창,18:48:30,18:48:30,통과,경부선,월화수목금
화물,3072,상행,51,전동,18:51:00,18:51:00,통과,경부선,월화수목금
화물,3072,상행,52,전의,18:56:30,18:56:30,통과,경부선,월화수목금
화물,3072,상행,53,소정리,19:02:00,19:02:00,통과,경부선,월화수목금
화물,3072,상행,54,천안,19:10:00,19:10:00,통과,경부선,월화수목금
화물,3072,상행,55,두정,19:12:30,19:12:30,통과,경부선,월화수목금
화물,3072,상행,56,직산,19:15:30,19:15:30,통과,경부선,월화수목금
화물,3072,상행,57,성환,19:19:30,19:19:30,통과,경부선,월화수목금
화물,3072,상행,58,평택,19:26:30,19:26:30,통과,경부선,월화수목금
화물,3072,상행,59,서정리,19:32:30,19:32:30,통과,경부선,월화수목금
화물,3072,상행,60,송탄,19:34:30,19:34:30,통과,경부선,월화수목금
화물,3072,상행,61,오산,19:40:00,19:40:00,통과,경부선,월화수목금
화물,3072,상행,62,병점,19:45:30,19:45:30,통과,경부선,월화수목금
화물,3072,상행,63,수원,19:50:30,19:50:30,통과,경부선,월화수목금
화물,3072,상행,64,의왕,19:59:00,19:59:00,통과,경부선,월화수목금
화물,3072,상행,65,오봉,20:08:00,20:08:00,종착,남부화물기,월화수목금
근거리,Y3072,상행,1,순천,10:23:00,10:23:00,시발,경전선,월화수목금
근거리,Y3072,상행,2,평화,10:28:00,10:28:00,통과,경전선,월화수목금
근거리,Y3072,상행,3,광양,10:34:00,10:34:00,통과,경전선,월화수목금
근거리,Y3072,상행,4,초남,10:42:00,10:46:00,교행,광양제철선,월화수목금
근거리,Y3072,상행,5,신광양,10:54:00,10:54:00,종착,신광양항선,월화수목금
화물,3073,하행,1,군산항,09:23:00,09:23:00,시발,군산항선,월화수목금
화물,3073,하행,2,군산옥,09:38:30,09:38:30,통과,군산항선,월화수목금
화물,3073,하행,3,대야,09:46:00,09:46:00,통과,군산항선,월화수목금
화물,3073,하행,4,목천신,09:54:00,09:54:00,통과,장항선,월화수목금
화물,3073,하행,5,동익산,09:57:30,10:27:30,화물취급,익산삼각선,월화수목금
화물,3073,하행,6,삼례,10:38:30,10:38:30,통과,전라선,월화수목금
화물,3073,하행,7,동산,10:44:30,11:16:30,화물취급,전라선,월화수목금
화물,3073,하행,8,전주,11:25:00,11:25:00,통과,전라선,월화수목금
화물,3073,하행,9,신리,11:32:30,11:32:30,통과,전라선,월화수목금
화물,3073,하행,10,죽림온,11:37:00,11:37:00,통과,전라선,월화수목금
화물,3073,하행,11,관촌,11:44:30,11:44:30,통과,전라선,월화수목금
화물,3073,하행,12,임실,11:50:00,11:55:30,대피,전라선,월화수목금
화물,3073,하행,13,봉천,12:01:30,12:01:30,통과,전라선,월화수목금
화물,3073,하행,14,오수,12:05:00,12:05:00,통과,전라선,월화수목금
화물,3073,하행,15,서도,12:10:00,12:10:00,통과,전라선,월화수목금
화물,3073,하행,16,산성,12:15:00,12:15:00,통과,전라선,월화수목금
화물,3073,하행,17,남원,12:18:00,12:18:00,통과,전라선,월화수목금
화물,3073,하행,18,주생,12:23:00,12:23:00,통과,전라선,월화수목금
화물,3073,하행,19,옹정,12:25:30,12:25:30,통과,전라선,월화수목금
화물,3073,하행,20,금지,12:28:00,12:28:00,통과,전라선,월화수목금
화물,3073,하행,21,곡성,12:33:00,12:33:00,통과,전라선,월화수목금
화물,3073,하행,22,압록,12:42:30,12:42:30,통과,전라선,월화수목금
화물,3073,하행,23,구례구,12:50:00,12:50:00,통과,전라선,월화수목금
화물,3073,하행,24,봉덕,12:53:00,12:53:00,통과,전라선,월화수목금
화물,3073,하행,25,괴목,12:59:00,13:05:00,대피,전라선,월화수목금
화물,3073,하행,26,개운,13:13:00,13:13:00,통과,전라선,월화수목금
화물,3073,하행,27,동운,13:16:00,13:16:00,통과,전라선,월화수목금
화물,3073,하행,28,순천,13:24:00,14:14:00,화물취급,전라선,월화수목금
화물,3073,하행,29,평화,14:19:00,14:19:00,통과,경전선,월화수목금
화물,3073,하행,30,광양,14:24:00,14:24:00,통과,경전선,월화수목금
화물,3073,하행,31,초남,14:31:00,14:31:00,통과,광양제철선,월화수목금
화물,3073,하행,32,신광양,14:38:00,14:38:00,종착,신광양항선,월화수목금
근거리,Y3073,하행,1,익산,07:40:00,07:40:00,시발,장항선,월화수목금
근거리,Y3073,하행,2,목천신,07:44:30,07:44:30,통과,장항선,월화수목금
근거리,Y3073,하행,3,대야,07:52:30,07:52:30,통과,장항선,월화수목금
근거리,Y3073,하행,4,군산옥,08:00:00,08:00:00,통과,군산항선,월화수목금
근거리,Y3073,하행,5,군산항,08:15:00,08:15:00,종착,군산항선,월화수목금
화물,3074,상행,1,신광양,12:20:00,12:20:00,시발,신광양항선,월화수목금
화물,3074,상행,2,초남,12:27:00,12:27:00,통과,신광양항선,월화수목금
화물,3074,상행,3,광양,12:35:00,12:35:00,통과,광양제철선,월화수목금
화물,3074,상행,4,평화,12:39:00,12:39:00,통과,경전선,월화수목금
화물,3074,상행,5,순천,12:45:00,12:48:00,승무원교대,경전선,월화수목금
화물,3074,상행,6,동운,12:57:00,12:57:00,통과,전라선,월화수목금
화물,3074,상행,7,개운,13:00:00,13:00:00,통과,전라선,월화수목금
화물,3074,상행,8,괴목,13:07:00,13:07:00,통과,전라선,월화수목금
화물,3074,상행,9,봉덕,13:11:30,13:11:30,통과,전라선,월화수목금
화물,3074,상행,10,구례구,13:14:30,13:14:30,통과,전라선,월화수목금
화물,3074,상행,11,압록,13:20:30,13:20:30,통과,전라선,월화수목금
화물,3074,상행,12,곡성,13:28:30,13:28:30,통과,전라선,월화수목금
화물,3074,상행,13,금지,13:32:30,13:32:30,통과,전라선,월화수목금
화물,3074,상행,14,옹정,13:35:00,13:35:00,통과,전라선,월화수목금
화물,3074,상행,15,주생,13:37:00,13:37:00,통과,전라선,월화수목금
화물,3074,상행,16,남원,13:41:00,13:41:00,통과,전라선,월화수목금
화물,3074,상행,17,산성,13:44:00,13:44:00,통과,전라선,월화수목금
화물,3074,상행,18,서도,13:49:00,13:49:00,통과,전라선,월화수목금
화물,3074,상행,19,오수,13:56:00,14:02:00,대피,전라선,월화수목금
화물,3074,상행,20,봉천,14:07:00,14:07:00,통과,전라선,월화수목금
화물,3074,상행,21,임실,14:13:00,14:13:00,통과,전라선,월화수목금
화물,3074,상행,22,관촌,14:17:00,14:17:00,통과,전라선,월화수목금
화물,3074,상행,23,죽림온,14:23:30,14:23:30,통과,전라선,월화수목금
화물,3074,상행,24,신리,14:27:00,14:27:00,통과,전라선,월화수목금
화물,3074,상행,25,전주,14:33:30,14:33:30,통과,전라선,월화수목금
화물,3074,상행,26,동산,14:41:00,15:33:00,화물취급,전라선,월화수목금
화물,3074,상행,27,삼례,15:38:00,15:38:00,통과,전라선,월화수목금
화물,3074,상행,28,동익산,15:48:30,15:50:30,승무원교대,전라선,월화수목금
화물,3074,상행,29,목천신,15:54:00,15:54:00,통과,익산삼각선,월화수목금
화물,3074,상행,30,대야,16:02:00,16:02:00,통과,장항선,월화수목금
화물,3074,상행,31,군산옥,16:09:30,16:09:30,통과,군산항선,월화수목금
화물,3074,상행,32,군산항,16:25:00,16:25:00,종착,군산항선,월화수목금
화물,3075,상행,1,동산,10:44:00,10:44:00,시발,전라선,월화수목금
화물,3075,상행,2,전주,10:52:30,10:52:30,통과,전라선,월화수목금
화물,3075,상행,3,신리,11:00:00,11:00:00,통과,전라선,월화수목금
화물,3075,상행,4,죽림온,11:04:30,11:04:30,통과,전라선,월화수목금
화물,3075,상행,5,관촌,11:12:00,11:12:00,통과,전라선,월화수목금
화물,3075,상행,6,임실,11:15:30,11:15:30,통과,전라선,월화수목금
화물,3075,상행,7,봉천,11:20:30,11:20:30,통과,전라선,월화수목금
화물,3075,상행,8,오수,11:24:00,11:24:00,통과,전라선,월화수목금
화물,3075,상행,9,서도,11:29:00,11:29:00,통과,전라선,월화수목금
화물,3075,상행,10,산성,11:34:00,11:34:00,통과,전라선,월화수목금
화물,3075,상행,11,남원,11:37:00,11:37:00,통과,전라선,월화수목금
화물,3075,상행,12,주생,11:42:00,11:42:00,통과,전라선,월화수목금
화물,3075,상행,13,옹정,11:44:30,11:44:30,통과,전라선,월화수목금
화물,3075,상행,14,금지,11:47:00,11:47:00,통과,전라선,월화수목금
화물,3075,상행,15,곡성,11:52:00,11:52:00,통과,전라선,월화수목금
화물,3075,상행,16,압록,12:01:30,12:01:30,통과,전라선,월화수목금
화물,3075,상행,17,구례구,12:09:00,12:09:00,통과,전라선,월화수목금
화물,3075,상행,18,봉덕,12:12:00,12:12:00,통과,전라선,월화수목금
화물,3075,상행,19,괴목,12:18:30,12:31:30,대피,전라선,월화수목금
화물,3075,상행,20,개운,12:40:00,12:40:00,통과,전라선,월화수목금
화물,3075,상행,21,동운,12:43:00,12:43:00,통과,전라선,월화수목금
화물,3075,상행,22,순천,12:51:00,12:57:00,승무원교대,전라선,월화수목금
화물,3075,상행,23,평화,13:02:00,13:02:00,통과,경전선,월화수목금
화물,3075,상행,24,광양,13:07:00,13:07:00,통과,경전선,월화수목금
화물,3075,상행,25,초남,13:14:00,13:14:00,통과,광양제철선,월화수목금
화물,3075,상행,26,신광양,13:21:00,13:21:00,종착,신광양항선,월화수목금
화물,3076,하행,1,신광양,14:20:00,14:20:00,시발,신광양항선,월화수목금
화물,3076,하행,2,초남,14:27:00,14:31:00,교행,신광양항선,월화수목금
화물,3076,하행,3,광양,14:39:00,14:39:00,통과,광양제철선,월화수목금
화물,3076,하행,4,평화,14:43:00,14:43:00,통과,경전선,월화수목금
화물,3076,하행,5,순천,14:49:00,14:56:00,승무원교대,경전선,월화수목금
화물,3076,하행,6,동운,15:04:00,15:04:00,통과,전라선,월화수목금
화물,3076,하행,7,개운,15:07:00,15:07:00,통과,전라선,월화수목금
화물,3076,하행,8,괴목,15:15:00,15:29:00,대피,전라선,월화수목금
화물,3076,하행,9,봉덕,15:35:00,15:35:00,통과,전라선,월화수목금
화물,3076,하행,10,구례구,15:38:00,15:38:00,통과,전라선,월화수목금
화물,3076,하행,11,압록,15:45:30,15:45:30,통과,전라선,월화수목금
화물,3076,하행,12,곡성,15:55:00,15:55:00,통과,전라선,월화수목금
화물,3076,하행,13,금지,16:00:00,16:00:00,통과,전라선,월화수목금
화물,3076,하행,14,옹정,16:02:30,16:02:30,통과,전라선,월화수목금
화물,3076,하행,15,주생,16:05:00,16:05:00,통과,전라선,월화수목금
화물,3076,하행,16,남원,16:10:00,16:10:00,통과,전라선,월화수목금
화물,3076,하행,17,산성,16:13:00,16:13:00,통과,전라선,월화수목금
화물,3076,하행,18,서도,16:18:00,16:18:00,통과,전라선,월화수목금
화물,3076,하행,19,오수,16:23:00,16:23:00,통과,전라선,월화수목금
화물,3076,하행,20,봉천,16:26:30,16:26:30,통과,전라선,월화수목금
화물,3076,하행,21,임실,16:31:30,16:31:30,통과,전라선,월화수목금
화물,3076,하행,22,관촌,16:36:30,16:41:30,대피,전라선,월화수목금
화물,3076,하행,23,죽림온,16:50:30,16:50:30,통과,전라선,월화수목금
화물,3076,하행,24,신리,16:55:00,16:55:00,통과,전라선,월화수목금
화물,3076,하행,25,전주,17:02:30,17:02:30,통과,전라선,월화수목금
화물,3076,하행,26,동산,17:11:00,17:13:00,운전취급,전라선,월화수목금
화물,3076,하행,27,북전주,17:18:00,17:18:00,종착,북전주선,월화수목금
화물,3077,상행,1,북전주,12:29:00,12:29:00,시발,북전주선,월화수목금
화물,3077,상행,2,동산,12:34:00,12:54:00,화물취급,북전주선,월화수목금
화물,3077,상행,3,전주,13:02:30,13:02:30,통과,전라선,월화수목금
화물,3077,상행,4,신리,13:10:00,13:10:00,통과,전라선,월화수목금
화물,3077,상행,5,죽림온,13:14:30,13:14:30,통과,전라선,월화수목금
화물,3077,상행,6,관촌,13:21:30,13:21:30,통과,전라선,월화수목금
화물,3077,상행,7,임실,13:25:00,13:25:00,통과,전라선,월화수목금
화물,3077,상행,8,봉천,13:30:00,13:30:00,통과,전라선,월화수목금
화물,3077,상행,9,오수,13:33:30,13:33:30,통과,전라선,월화수목금
화물,3077,상행,10,서도,13:38:30,13:38:30,통과,전라선,월화수목금
화물,3077,상행,11,산성,13:43:30,13:43:30,통과,전라선,월화수목금
화물,3077,상행,12,남원,13:46:30,13:46:30,통과,전라선,월화수목금
화물,3077,상행,13,주생,13:51:30,13:51:30,통과,전라선,월화수목금
화물,3077,상행,14,옹정,13:54:00,13:54:00,통과,전라선,월화수목금
화물,3077,상행,15,금지,13:56:30,13:56:30,통과,전라선,월화수목금
화물,3077,상행,16,곡성,14:01:30,14:01:30,통과,전라선,월화수목금
화물,3077,상행,17,압록,14:10:30,14:10:30,통과,전라선,월화수목금
화물,3077,상행,18,구례구,14:18:00,14:18:00,통과,전라선,월화수목금
화물,3077,상행,19,봉덕,14:21:00,14:21:00,통과,전라선,월화수목금
화물,3077,상행,20,괴목,14:25:30,14:25:30,통과,전라선,월화수목금
화물,3077,상행,21,개운,14:33:00,14:33:00,통과,전라선,월화수목금
화물,3077,상행,22,동운,14:36:00,14:36:00,통과,전라선,월화수목금
화물,3077,상행,23,순천,14:44:00,15:28:00,화물취급,전라선,월화수목금
화물,3077,상행,24,성산,15:34:00,15:34:00,통과,전라선,월화수목금
화물,3077,상행,25,율촌,15:39:00,15:39:00,통과,전라선,월화수목금
화물,3077,상행,26,덕양,15:46:00,15:46:00,통과,전라선,월화수목금
화물,3077,상행,27,흥국사,15:53:00,15:53:00,통과,여천선,월화수목금
화물,3077,상행,28,적량,16:00:00,16:00:00,종착,여천선,월화수목금
화물,3078,하행,1,적량,14:12:00,14:12:00,시발,여천선,월화수목금
화물,3078,하행,2,흥국사,14:19:00,14:19:00,통과,여천선,월화수목금
화물,3078,하행,3,덕양,14:26:00,14:26:00,통과,여천선,월화수목금
화물,3078,하행,4,율촌,14:33:00,14:33:00,통과,전라선,월화수목금
화물,3078,하행,5,성산,14:38:00,14:38:00,통과,전라선,월화수목금
화물,3078,하행,6,순천,14:44:00,15:09:00,승무원교대,전라선,월화수목금
화물,3078,하행,7,동운,15:17:00,15:17:00,통과,전라선,월화수목금
화물,3078,하행,8,개운,15:21:30,15:28:30,대피,전라선,월화수목금
화물,3078,하행,9,괴목,15:36:30,15:36:30,통과,전라선,월화수목금
화물,3078,하행,10,봉덕,15:41:00,15:41:00,통과,전라선,월화수목금
화물,3078,하행,11,구례구,15:44:00,15:44:00,통과,전라선,월화수목금
화물,3078,하행,12,압록,15:51:30,15:51:30,통과,전라선,월화수목금
화물,3078,하행,13,곡성,16:01:00,16:01:00,통과,전라선,월화수목금
화물,3078,하행,14,금지,16:06:00,16:06:00,통과,전라선,월화수목금
화물,3078,하행,15,옹정,16:08:30,16:08:30,통과,전라선,월화수목금
화물,3078,하행,16,주생,16:11:00,16:11:00,통과,전라선,월화수목금
화물,3078,하행,17,남원,16:16:00,16:16:00,통과,전라선,월화수목금
화물,3078,하행,18,산성,16:19:00,16:19:00,통과,전라선,월화수목금
화물,3078,하행,19,서도,16:24:00,16:24:00,통과,전라선,월화수목금
화물,3078,하행,20,오수,16:30:30,16:36:30,대피,전라선,월화수목금
화물,3078,하행,21,봉천,16:41:30,16:41:30,통과,전라선,월화수목금
화물,3078,하행,22,임실,16:46:30,16:46:30,통과,전라선,월화수목금
화물,3078,하행,23,관촌,16:50:00,16:50:00,통과,전라선,월화수목금
화물,3078,하행,24,죽림온,16:57:30,16:57:30,통과,전라선,월화수목금
화물,3078,하행,25,신리,17:02:00,17:02:00,통과,전라선,월화수목금
화물,3078,하행,26,전주,17:09:30,17:09:30,통과,전라선,월화수목금
화물,3078,하행,27,동산,17:18:00,17:21:00,운전취급,전라선,월화수목금
화물,3078,하행,28,북전주,17:26:00,17:26:00,종착,북전주선,월화수목금
화물,3079,하행,1,군산항,10:52:00,10:52:00,시발,군산항선,월화수목금
화물,3079,하행,2,군산옥,11:07:30,11:07:30,통과,군산항선,월화수목금
화물,3079,하행,3,대야,11:15:00,11:15:00,통과,군산항선,월화수목금
화물,3079,하행,4,목천신,11:23:00,11:23:00,통과,장항선,월화수목금
화물,3079,하행,5,동익산,11:27:00,11:30:00,승무원교대,익산삼각선,월화수목금
화물,3079,하행,6,삼례,11:40:30,11:40:30,통과,전라선,월화수목금
화물,3079,하행,7,동산,11:45:30,12:05:30,화물취급,전라선,월화수목금
화물,3079,하행,8,전주,12:13:30,12:13:30,통과,전라선,월화수목금
화물,3079,하행,9,신리,12:21:00,12:21:00,통과,전라선,월화수목금
화물,3079,하행,10,죽림온,12:25:30,12:25:30,통과,전라선,월화수목금
화물,3079,하행,11,관촌,12:33:00,12:33:00,통과,전라선,월화수목금
화물,3079,하행,12,임실,12:36:30,12:36:30,통과,전라선,월화수목금
화물,3079,하행,13,봉천,12:41:30,12:41:30,통과,전라선,월화수목금
화물,3079,하행,14,오수,12:45:00,12:45:00,통과,전라선,월화수목금
화물,3079,하행,15,서도,12:50:00,12:50:00,통과,전라선,월화수목금
화물,3079,하행,16,산성,12:55:00,12:55:00,통과,전라선,월화수목금
화물,3079,하행,17,남원,12:58:00,12:58:00,통과,전라선,월화수목금
화물,3079,하행,18,주생,13:04:30,13:11:30,대피,전라선,월화수목금
화물,3079,하행,19,옹정,13:15:30,13:15:30,통과,전라선,월화수목금
화물,3079,하행,20,금지,13:18:00,13:18:00,통과,전라선,월화수목금
화물,3079,하행,21,곡성,13:23:00,13:23:00,통과,전라선,월화수목금
화물,3079,하행,22,압록,13:34:00,13:41:00,대피,전라선,월화수목금
화물,3079,하행,23,구례구,13:50:00,13:50:00,통과,전라선,월화수목금
화물,3079,하행,24,봉덕,13:53:00,13:53:00,통과,전라선,월화수목금
화물,3079,하행,25,괴목,13:57:30,13:57:30,통과,전라선,월화수목금
화물,3079,하행,26,개운,14:04:00,14:04:00,통과,전라선,월화수목금
화물,3079,하행,27,동운,14:07:00,14:07:00,통과,전라선,월화수목금
화물,3079,하행,28,순천,14:15:00,14:20:00,승무원교대,전라선,월화수목금
화물,3079,하행,29,평화,14:25:00,14:25:00,통과,경전선,월화수목금
화물,3079,하행,30,광양,14:30:00,15:36:00,화물취급,경전선,월화수목금
화물,3079,하행,31,초남,15:43:00,15:43:00,통과,광양제철선,월화수목금
화물,3079,하행,32,신광양,15:50:00,15:50:00,종착,신광양항선,월화수목금
화물,3080,상행,1,신광양,17:05:00,17:05:00,시발,신광양항선,월화수목금
화물,3080,상행,2,초남,17:12:00,17:12:00,통과,신광양항선,월화수목금
화물,3080,상행,3,광양,17:20:00,17:20:00,통과,광양제철선,월화수목금
화물,3080,상행,4,평화,17:24:00,17:24:00,통과,경전선,월화수목금
화물,3080,상행,5,순천,17:30:00,17:34:00,승무원교대,경전선,월화수목금
화물,3080,상행,6,동운,17:42:00,17:42:00,통과,전라선,월화수목금
화물,3080,상행,7,개운,17:45:00,17:45:00,통과,전라선,월화수목금
화물,3080,상행,8,괴목,17:53:30,17:58:30,대피,전라선,월화수목금
화물,3080,상행,9,봉덕,18:05:00,18:05:00,통과,전라선,월화수목금
화물,3080,상행,10,구례구,18:08:00,18:08:00,통과,전라선,월화수목금
화물,3080,상행,11,압록,18:16:00,18:16:00,통과,전라선,월화수목금
화물,3080,상행,12,곡성,18:26:00,18:26:00,통과,전라선,월화수목금
화물,3080,상행,13,금지,18:31:00,18:31:00,통과,전라선,월화수목금
화물,3080,상행,14,옹정,18:33:30,18:33:30,통과,전라선,월화수목금
화물,3080,상행,15,주생,18:36:00,18:36:00,통과,전라선,월화수목금
화물,3080,상행,16,남원,18:41:00,18:41:00,통과,전라선,월화수목금
화물,3080,상행,17,산성,18:44:00,18:44:00,통과,전라선,월화수목금
화물,3080,상행,18,서도,18:49:00,18:49:00,통과,전라선,월화수목금
화물,3080,상행,19,오수,18:54:00,18:54:00,통과,전라선,월화수목금
화물,3080,상행,20,봉천,18:57:30,18:57:30,통과,전라선,월화수목금
화물,3080,상행,21,임실,19:02:30,19:02:30,통과,전라선,월화수목금
화물,3080,상행,22,관촌,19:06:00,19:06:00,통과,전라선,월화수목금
화물,3080,상행,23,죽림온,19:15:30,19:21:30,대피,전라선,월화수목금
화물,3080,상행,24,신리,19:28:00,19:28:00,통과,전라선,월화수목금
화물,3080,상행,25,전주,19:35:30,19:35:30,통과,전라선,월화수목금
화물,3080,상행,26,동산,19:42:00,19:42:00,통과,전라선,월화수목금
화물,3080,상행,27,삼례,19:45:30,19:45:30,통과,전라선,월화수목금
화물,3080,상행,28,동익산,19:54:30,19:54:30,통과,전라선,월화수목금
화물,3080,상행,29,익산,19:59:00,19:59:00,종착,전라선,월화수목금
근거리,P3081,하행,1,마산,21:50:00,21:50:00,시발,경전선,일
근거리,P3081,하행,2,창원,21:55:00,21:55:00,통과,경전선,일
근거리,P3081,하행,3,용강,21:58:00,21:58:00,통과,경전선,일
근거리,P3081,하행,4,창원중,22:04:00,22:04:00,통과,경전선,일
근거리,P3081,하행,5,진례,22:14:00,22:34:00,운전취급,경전선,일
근거리,P3081,하행,6,장유,22:43:00,22:43:00,통과,부산신항선,일
근거리,P3081,하행,7,부산항,22:55:00,22:55:00,종착,부산신항선,일
화물,3081,하행,1,군산항,15:05:00,15:05:00,시발,군산항선,월화수목금
화물,3081,하행,2,군산옥,15:21:30,15:21:30,통과,군산항선,월화수목금
화물,3081,하행,3,대야,15:31:00,15:31:00,통과,군산항선,월화수목금
화물,3081,하행,4,목천신,15:39:00,15:39:00,통과,장항선,월화수목금
화물,3081,하행,5,동익산,15:42:30,16:32:30,화물취급,익산삼각선,월화수목금
화물,3081,하행,6,삼례,16:43:30,16:43:30,통과,전라선,월화수목금
화물,3081,하행,7,동산,16:49:30,17:24:30,화물취급,전라선,월화수목금
화물,3081,하행,8,전주,17:33:00,17:33:00,통과,전라선,월화수목금
화물,3081,하행,9,신리,17:40:30,17:40:30,통과,전라선,월화수목금
화물,3081,하행,10,죽림온,17:45:00,17:45:00,통과,전라선,월화수목금
화물,3081,하행,11,관촌,17:52:30,17:52:30,통과,전라선,월화수목금
화물,3081,하행,12,임실,17:56:00,17:56:00,통과,전라선,월화수목금
화물,3081,하행,13,봉천,18:01:00,18:01:00,통과,전라선,월화수목금
화물,3081,하행,14,오수,18:04:30,18:04:30,통과,전라선,월화수목금
화물,3081,하행,15,서도,18:09:30,18:09:30,통과,전라선,월화수목금
화물,3081,하행,16,산성,18:14:30,18:14:30,통과,전라선,월화수목금
화물,3081,하행,17,남원,18:17:30,18:17:30,통과,전라선,월화수목금
화물,3081,하행,18,주생,18:22:30,18:22:30,통과,전라선,월화수목금
화물,3081,하행,19,옹정,18:25:00,18:25:00,통과,전라선,월화수목금
화물,3081,하행,20,금지,18:27:30,18:27:30,통과,전라선,월화수목금
화물,3081,하행,21,곡성,18:32:30,18:32:30,통과,전라선,월화수목금
화물,3081,하행,22,압록,18:42:00,18:42:00,통과,전라선,월화수목금
화물,3081,하행,23,구례구,18:49:30,18:49:30,통과,전라선,월화수목금
화물,3081,하행,24,봉덕,18:52:30,18:52:30,통과,전라선,월화수목금
화물,3081,하행,25,괴목,18:57:00,18:57:00,통과,전라선,월화수목금
화물,3081,하행,26,개운,19:03:30,19:03:30,통과,전라선,월화수목금
화물,3081,하행,27,동운,19:06:30,19:06:30,통과,전라선,월화수목금
화물,3081,하행,28,순천,19:14:30,19:24:30,승무원교대,전라선,월화수목금
화물,3081,하행,29,평화,19:29:30,19:29:30,통과,경전선,월화수목금
화물,3081,하행,30,광양,19:33:30,19:33:30,통과,경전선,월화수목금
화물,3081,하행,31,진상,19:45:00,19:45:00,통과,경전선,월화수목금
화물,3081,하행,32,하동,19:50:30,19:50:30,통과,경전선,월화수목금
화물,3081,하행,33,횡천,19:55:00,19:55:00,통과,경전선,월화수목금
화물,3081,하행,34,북천,20:01:30,20:01:30,통과,경전선,월화수목금
화물,3081,하행,35,완사,20:09:00,20:09:00,통과,경전선,월화수목금
화물,3081,하행,36,진주,20:19:30,20:19:30,통과,경전선,월화수목금
화물,3081,하행,37,반성,20:32:30,20:32:30,통과,경전선,월화수목금
화물,3081,하행,38,군북,20:45:30,20:45:30,통과,경전선,월화수목금
화물,3081,하행,39,함안,20:51:30,20:51:30,통과,경전선,월화수목금
화물,3081,하행,40,중리,20:58:30,20:58:30,통과,경전선,월화수목금
화물,3081,하행,41,마산,21:05:30,21:12:00,승무원교대,경전선,월화수목금
화물,3081,하행,42,창원,21:17:00,21:17:00,통과,경전선,월화수목금
화물,3081,하행,43,용강,21:20:00,21:20:00,통과,경전선,월화수목금
화물,3081,하행,44,창원중,21:26:00,21:26:00,통과,경전선,월화수목금
화물,3081,하행,45,진례,21:36:00,21:56:00,운전취급,경전선,월화수목금
화물,3081,하행,46,장유,22:05:00,22:05:00,통과,부산신항선,월화수목금
화물,3081,하행,47,부산항,22:17:00,22:17:00,종착,부산신항선,월화수목금
근거리,R3081,하행,1,부산항,22:18:00,22:18:00,시발,신항북선,월화수목금
근거리,R3081,하행,2,북철송,22:28:00,22:28:00,종착,신항북선,월화수목금
근거리,P3082,상행,1,북철송,05:27:00,05:27:00,시발,신항북선,월화수목금
근거리,P3082,상행,2,부산항,05:37:00,05:37:00,종착,신항북선,월화수목금
화물,3082,상행,1,부산항,05:38:00,05:38:00,시발,부산신항선,월화수목금
화물,3082,상행,2,장유,05:50:00,05:50:00,통과,부산신항선,월화수목금
화물,3082,상행,3,진례,06:01:00,06:21:00,운전취급,부산신항선,월화수목금
화물,3082,상행,4,창원중,06:30:00,06:30:00,통과,경전선,월화수목금
화물,3082,상행,5,용강,06:36:00,06:36:00,통과,경전선,월화수목금
화물,3082,상행,6,창원,06:39:00,06:39:00,통과,경전선,월화수목금
화물,3082,상행,7,마산,06:44:00,06:46:00,승무원교대,경전선,월화수목금
화물,3082,상행,8,중리,06:53:00,06:53:00,통과,경전선,월화수목금
화물,3082,상행,9,함안,07:00:00,07:00:00,통과,경전선,월화수목금
화물,3082,상행,10,군북,07:06:00,07:06:00,통과,경전선,월화수목금
화물,3082,상행,11,반성,07:17:00,07:17:00,통과,경전선,월화수목금
화물,3082,상행,12,진주,07:28:00,07:28:00,통과,경전선,월화수목금
화물,3082,상행,13,완사,07:38:30,07:38:30,통과,경전선,월화수목금
화물,3082,상행,14,북천,07:46:00,07:46:00,통과,경전선,월화수목금
화물,3082,상행,15,횡천,07:52:30,07:52:30,통과,경전선,월화수목금
화물,3082,상행,16,하동,07:57:00,07:57:00,통과,경전선,월화수목금
화물,3082,상행,17,진상,08:02:30,08:02:30,통과,경전선,월화수목금
화물,3082,상행,18,광양,08:14:00,08:14:00,통과,경전선,월화수목금
화물,3082,상행,19,평화,08:18:00,08:18:00,통과,경전선,월화수목금
화물,3082,상행,20,순천,08:24:00,08:27:00,승무원교대,경전선,월화수목금
화물,3082,상행,21,동운,08:35:00,08:35:00,통과,전라선,월화수목금
화물,3082,상행,22,개운,08:39:30,08:43:30,대피,전라선,월화수목금
화물,3082,상행,23,괴목,08:51:30,08:51:30,통과,전라선,월화수목금
화물,3082,상행,24,봉덕,08:56:00,08:56:00,통과,전라선,월화수목금
화물,3082,상행,25,구례구,08:59:00,08:59:00,통과,전라선,월화수목금
화물,3082,상행,26,압록,09:06:30,09:06:30,통과,전라선,월화수목금
화물,3082,상행,27,곡성,09:16:00,09:16:00,통과,전라선,월화수목금
화물,3082,상행,28,금지,09:21:00,09:21:00,통과,전라선,월화수목금
화물,3082,상행,29,옹정,09:23:30,09:23:30,통과,전라선,월화수목금
화물,3082,상행,30,주생,09:26:00,09:26:00,통과,전라선,월화수목금
화물,3082,상행,31,남원,09:32:30,09:41:30,대피,전라선,월화수목금
화물,3082,상행,32,산성,09:46:00,09:46:00,통과,전라선,월화수목금
화물,3082,상행,33,서도,09:51:00,09:51:00,통과,전라선,월화수목금
화물,3082,상행,34,오수,09:56:00,09:56:00,통과,전라선,월화수목금
화물,3082,상행,35,봉천,09:59:30,09:59:30,통과,전라선,월화수목금
화물,3082,상행,36,임실,10:04:30,10:04:30,통과,전라선,월화수목금
화물,3082,상행,37,관촌,10:08:00,10:08:00,통과,전라선,월화수목금
화물,3082,상행,38,죽림온,10:15:30,10:15:30,통과,전라선,월화수목금
화물,3082,상행,39,신리,10:20:00,10:20:00,통과,전라선,월화수목금
화물,3082,상행,40,전주,10:27:30,10:27:30,통과,전라선,월화수목금
화물,3082,상행,41,동산,10:36:00,11:46:00,화물취급,전라선,월화수목금
화물,3082,상행,42,삼례,11:51:30,11:51:30,통과,전라선,월화수목금
화물,3082,상행,43,동익산,12:02:00,12:32:00,화물취급,전라선,월화수목금
화물,3082,상행,44,목천신,12:35:30,12:35:30,통과,익산삼각선,월화수목금
화물,3082,상행,45,대야,12:43:30,12:43:30,통과,장항선,월화수목금
화물,3082,상행,46,군산옥,12:51:00,12:51:00,통과,군산항선,월화수목금
화물,3082,상행,47,군산항,13:06:00,13:06:00,종착,군산항선,월화수목금
근거리,J3082,상행,1,부산항,05:35:00,05:35:00,시발,부산신항선,토
근거리,J3082,상행,2,장유,05:47:00,05:47:00,통과,부산신항선,토
근거리,J3082,상행,3,진례,05:58:00,06:18:00,운전취급,부산신항선,토
근거리,J3082,상행,4,창원중,06:27:00,06:27:00,통과,경전선,토
근거리,J3082,상행,5,용강,06:33:00,06:33:00,통과,경전선,토
근거리,J3082,상행,6,창원,06:36:00,06:36:00,통과,경전선,토
근거리,J3082,상행,7,마산,06:41:00,06:41:00,종착,경전선,토
근거리,Y3082,상행,1,부산항,04:54:00,04:54:00,시발,신항북선,월화수목금
근거리,Y3082,상행,2,북철송,05:04:00,05:04:00,종착,신항북선,월화수목금
화물,3085,하행,1,철암,16:50:00,16:50:00,시발,영동선,월화수목금
화물,3085,하행,2,동점,16:57:00,16:57:00,통과,영동선,월화수목금
화물,3085,하행,3,석포,17:09:00,17:33:00,화물취급,영동선,월화수목금
화물,3085,하행,4,승부,17:44:00,17:44:00,통과,영동선,월화수목금
화물,3085,하행,5,양원,17:48:30,17:48:30,통과,영동선,월화수목금
화물,3085,하행,6,비동,17:51:00,17:51:00,통과,영동선,월화수목금
화물,3085,하행,7,분천,17:56:00,17:56:00,통과,영동선,월화수목금
화물,3085,하행,8,현동,18:04:30,18:04:30,통과,영동선,월화수목금
화물,3085,하행,9,임기,18:11:00,18:11:00,통과,영동선,월화수목금
화물,3085,하행,10,녹동,18:17:30,18:17:30,통과,영동선,월화수목금
화물,3085,하행,11,춘양,18:24:00,18:24:00,통과,영동선,월화수목금
화물,3085,하행,12,법전,18:30:30,18:30:30,통과,영동선,월화수목금
화물,3085,하행,13,봉성,18:39:30,18:39:30,통과,영동선,월화수목금
화물,3085,하행,14,거촌,18:46:30,18:46:30,통과,영동선,월화수목금
화물,3085,하행,15,봉화,18:53:30,18:53:30,통과,영동선,월화수목금
화물,3085,하행,16,문단,19:01:00,19:09:00,교행,영동선,월화수목금
화물,3085,하행,17,북주분,19:18:30,19:18:30,통과,영동선,월화수목금
화물,3085,하행,18,영주,19:22:00,19:56:00,동력차교체,영동선,월화수목금
화물,3085,하행,19,옹천,20:14:30,20:14:30,통과,중앙선,월화수목금
화물,3085,하행,20,안동,20:26:00,20:26:00,통과,중앙선,월화수목금
화물,3085,하행,21,의성,20:48:00,20:48:00,통과,중앙선,월화수목금
화물,3085,하행,22,군위,21:10:00,21:26:00,대피,중앙선,월화수목금
화물,3085,하행,23,북영천,21:52:00,21:52:00,통과,중앙선,월화수목금
화물,3085,하행,24,영천,21:54:30,21:54:30,통과,중앙선,월화수목금
화물,3085,하행,25,아화,22:07:00,22:07:00,통과,중앙선,월화수목금
화물,3085,하행,26,모량,22:17:00,22:17:00,통과,중앙선,월화수목금
화물,3085,하행,27,경주,22:21:00,22:21:00,통과,동해선,월화수목금
화물,3085,하행,28,외동,22:40:00,22:50:00,대피,동해선,월화수목금
화물,3085,하행,29,북울산,23:01:30,23:01:30,통과,동해선,월화수목금
화물,3085,하행,30,태화강,23:12:00,23:20:00,승무원교대,동해선,월화수목금
화물,3085,하행,31,개운포,23:26:30,23:26:30,통과,동해선,월화수목금
화물,3085,하행,32,덕하,23:29:00,23:29:00,통과,동해선,월화수목금
화물,3085,하행,33,망양,23:33:00,23:33:00,통과,동해선,월화수목금
화물,3085,하행,34,남창,23:37:00,23:37:00,통과,동해선,월화수목금
화물,3085,하행,35,서생,23:45:00,23:45:00,통과,동해선,월화수목금
화물,3085,하행,36,월내,23:48:00,23:48:00,통과,동해선,월화수목금
화물,3085,하행,37,좌천,23:51:30,23:51:30,통과,동해선,월화수목금
화물,3085,하행,38,일광,23:56:30,23:56:30,통과,동해선,월화수목금
화물,3085,하행,39,기장,23:59:30,23:59:30,통과,동해선,월화수목금
화물,3085,하행,40,오시리,00:05:00,00:05:00,통과,동해선,월화수목금
화물,3085,하행,41,송정,00:06:00,00:06:00,통과,동해선,월화수목금
화물,3085,하행,42,신해운,00:09:30,00:09:30,통과,동해선,월화수목금
화물,3085,하행,43,벡스코,00:13:30,00:13:30,통과,동해선,월화수목금
화물,3085,하행,44,센텀,00:15:00,00:15:00,통과,동해선,월화수목금
화물,3085,하행,45,재송,00:16:00,00:16:00,통과,동해선,월화수목금
화물,3085,하행,46,부산원,00:17:00,00:17:00,통과,동해선,월화수목금
화물,3085,하행,47,안락,00:18:00,00:18:00,통과,동해선,월화수목금
화물,3085,하행,48,동래,00:19:00,00:19:00,통과,동해선,월화수목금
화물,3085,하행,49,부교대,00:20:30,00:20:30,통과,동해선,월화수목금
화물,3085,하행,50,거제,00:21:00,00:21:00,통과,동해선,월화수목금
화물,3085,하행,51,거제해,00:22:00,00:22:00,통과,동해선,월화수목금
화물,3085,하행,52,부전,00:25:00,00:25:00,통과,동해선,월화수목금
화물,3085,하행,53,범일,00:29:00,00:29:00,통과,동해선,월화수목금
화물,3085,하행,54,부산진,00:33:00,00:33:00,종착,동해선,월화수목금
화물,3086,상행,1,부산진,19:36:00,19:36:00,시발,동해선,일월화수목
화물,3086,상행,2,범일,19:40:30,19:40:30,통과,동해선,일월화수목
화물,3086,상행,3,부전,19:45:00,19:45:00,통과,동해선,일월화수목
화물,3086,상행,4,거제해,19:48:00,19:48:00,통과,동해선,일월화수목
화물,3086,상행,5,거제,19:49:30,19:49:30,통과,동해선,일월화수목
화물,3086,상행,6,부교대,19:51:00,19:51:00,통과,동해선,일월화수목
화물,3086,상행,7,동래,19:53:00,19:53:00,통과,동해선,일월화수목
화물,3086,상행,8,안락,19:55:00,19:55:00,통과,동해선,일월화수목
화물,3086,상행,9,부산원,19:56:30,19:56:30,통과,동해선,일월화수목
화물,3086,상행,10,재송,19:58:30,19:58:30,통과,동해선,일월화수목
화물,3086,상행,11,센텀,20:00:30,20:00:30,통과,동해선,일월화수목
화물,3086,상행,12,벡스코,20:02:30,20:02:30,통과,동해선,일월화수목
화물,3086,상행,13,신해운,20:07:00,20:07:00,통과,동해선,일월화수목
화물,3086,상행,14,송정,20:10:30,20:10:30,통과,동해선,일월화수목
화물,3086,상행,15,오시리,20:12:30,20:12:30,통과,동해선,일월화수목
화물,3086,상행,16,기장,20:18:30,20:18:30,통과,동해선,일월화수목
화물,3086,상행,17,일광,20:21:30,20:21:30,통과,동해선,일월화수목
화물,3086,상행,18,좌천,20:26:30,20:26:30,통과,동해선,일월화수목
화물,3086,상행,19,월내,20:30:30,20:30:30,통과,동해선,일월화수목
화물,3086,상행,20,서생,20:34:00,20:34:00,통과,동해선,일월화수목
화물,3086,상행,21,남창,20:42:00,20:42:00,통과,동해선,일월화수목
화물,3086,상행,22,망양,20:46:30,20:46:30,통과,동해선,일월화수목
화물,3086,상행,23,덕하,20:51:00,20:51:00,통과,동해선,일월화수목
화물,3086,상행,24,개운포,20:53:30,20:53:30,통과,동해선,일월화수목
화물,3086,상행,25,태화강,20:59:00,21:15:00,승무원교대,동해선,일월화수목
화물,3086,상행,26,북울산,21:25:30,21:25:30,통과,동해선,일월화수목
화물,3086,상행,27,외동,21:36:00,21:36:00,통과,동해선,일월화수목
화물,3086,상행,28,경주,21:54:00,21:54:00,통과,동해선,일월화수목
화물,3086,상행,29,모량,21:58:00,21:58:00,통과,동해선,일월화수목
화물,3086,상행,30,아화,22:08:00,22:08:00,통과,중앙선,일월화수목
화물,3086,상행,31,영천,22:21:30,22:21:30,통과,중앙선,일월화수목
화물,3086,상행,32,북영천,22:25:00,22:25:00,통과,중앙선,일월화수목
화물,3086,상행,33,군위,22:50:00,22:50:00,통과,중앙선,일월화수목
화물,3086,상행,34,의성,23:12:00,23:12:00,통과,중앙선,일월화수목
화물,3086,상행,35,안동,23:36:00,23:36:00,통과,중앙선,일월화수목
화물,3086,상행,36,옹천,23:47:30,23:47:30,통과,중앙선,일월화수목
화물,3086,상행,37,영주,00:05:00,06:35:00,동력차교체,중앙선,일월화수목
화물,3086,상행,38,북주분,06:38:00,06:38:00,통과,영동선,일월화수목
화물,3086,상행,39,문단,06:47:30,06:47:30,통과,영동선,일월화수목
화물,3086,상행,40,봉화,06:55:00,06:55:00,통과,영동선,일월화수목
화물,3086,상행,41,거촌,07:02:00,07:02:00,통과,영동선,일월화수목
화물,3086,상행,42,봉성,07:09:00,07:09:00,통과,영동선,일월화수목
화물,3086,상행,43,법전,07:18:00,07:18:00,통과,영동선,일월화수목
화물,3086,상행,44,춘양,07:24:30,07:24:30,통과,영동선,일월화수목
화물,3086,상행,45,녹동,07:31:00,07:31:00,통과,영동선,일월화수목
화물,3086,상행,46,임기,07:37:30,07:37:30,통과,영동선,일월화수목
화물,3086,상행,47,현동,07:44:00,07:44:00,통과,영동선,일월화수목
화물,3086,상행,48,분천,07:52:30,07:56:30,교행,영동선,일월화수목
화물,3086,상행,49,비동,08:02:00,08:02:00,통과,영동선,일월화수목
화물,3086,상행,50,양원,08:04:30,08:04:30,통과,영동선,일월화수목
화물,3086,상행,51,승부,08:09:30,08:09:30,통과,영동선,일월화수목
화물,3086,상행,52,석포,08:21:00,08:50:00,화물취급,영동선,일월화수목
화물,3086,상행,53,동점,09:02:00,09:02:00,통과,영동선,일월화수목
화물,3086,상행,54,철암,09:09:00,09:09:00,종착,영동선,일월화수목
화물,3087,하행,1,영주,17:49:00,17:49:00,시발,중앙선,월화수목금
화물,3087,하행,2,옹천,18:07:30,18:07:30,통과,중앙선,월화수목금
화물,3087,하행,3,안동,18:19:00,18:19:00,통과,중앙선,월화수목금
화물,3087,하행,4,의성,18:41:00,18:41:00,통과,중앙선,월화수목금
화물,3087,하행,5,군위,19:01:00,19:01:00,통과,중앙선,월화수목금
화물,3087,하행,6,북영천,19:25:00,19:25:00,통과,중앙선,월화수목금
화물,3087,하행,7,영천,19:27:30,19:27:30,통과,중앙선,월화수목금
화물,3087,하행,8,아화,19:41:00,19:41:00,통과,중앙선,월화수목금
화물,3087,하행,9,모량,19:51:00,19:51:00,통과,중앙선,월화수목금
화물,3087,하행,10,경주,19:55:00,19:55:00,통과,동해선,월화수목금
화물,3087,하행,11,외동,20:13:00,20:13:00,통과,동해선,월화수목금
화물,3087,하행,12,북울산,20:23:30,20:23:30,통과,동해선,월화수목금
화물,3087,하행,13,태화강,20:34:00,20:46:00,승무원교대,동해선,월화수목금
화물,3087,하행,14,개운포,20:52:00,20:52:00,통과,동해선,월화수목금
화물,3087,하행,15,덕하,20:54:30,20:54:30,통과,동해선,월화수목금
화물,3087,하행,16,망양,20:59:00,20:59:00,통과,동해선,월화수목금
화물,3087,하행,17,남창,21:03:00,21:03:00,통과,동해선,월화수목금
화물,3087,하행,18,서생,21:11:00,21:11:00,통과,동해선,월화수목금
화물,3087,하행,19,월내,21:14:00,21:14:00,통과,동해선,월화수목금
화물,3087,하행,20,좌천,21:17:30,21:17:30,통과,동해선,월화수목금
화물,3087,하행,21,일광,21:22:30,21:22:30,통과,동해선,월화수목금
화물,3087,하행,22,기장,21:25:30,21:25:30,통과,동해선,월화수목금
화물,3087,하행,23,오시리,21:31:00,21:31:00,통과,동해선,월화수목금
화물,3087,하행,24,송정,21:32:00,21:32:00,통과,동해선,월화수목금
화물,3087,하행,25,신해운,21:35:00,21:35:00,통과,동해선,월화수목금
화물,3087,하행,26,벡스코,21:39:30,21:39:30,통과,동해선,월화수목금
화물,3087,하행,27,센텀,21:41:30,21:41:30,통과,동해선,월화수목금
화물,3087,하행,28,재송,21:43:00,21:43:00,통과,동해선,월화수목금
화물,3087,하행,29,부산원,21:44:30,21:44:30,통과,동해선,월화수목금
화물,3087,하행,30,안락,21:46:00,21:46:00,통과,동해선,월화수목금
화물,3087,하행,31,동래,21:47:30,21:47:30,통과,동해선,월화수목금
화물,3087,하행,32,부교대,21:49:30,21:49:30,통과,동해선,월화수목금
화물,3087,하행,33,거제,21:51:00,21:51:00,통과,동해선,월화수목금
화물,3087,하행,34,거제해,21:52:30,21:52:30,통과,동해선,월화수목금
화물,3087,하행,35,부전,21:55:30,21:55:30,통과,동해선,월화수목금
화물,3087,하행,36,범일,21:59:30,21:59:30,통과,동해선,월화수목금
화물,3087,하행,37,부산진,22:04:00,22:04:00,종착,동해선,월화수목금
화물,3088,상행,1,부산진,05:42:00,05:42:00,시발,동해선,월화수목금
화물,3088,상행,2,범일,05:46:30,05:46:30,통과,동해선,월화수목금
화물,3088,상행,3,부전,05:50:30,05:50:30,통과,동해선,월화수목금
화물,3088,상행,4,거제해,05:53:30,05:53:30,통과,동해선,월화수목금
화물,3088,상행,5,거제,05:54:30,05:54:30,통과,동해선,월화수목금
화물,3088,상행,6,부교대,05:55:30,05:55:30,통과,동해선,월화수목금
화물,3088,상행,7,동래,05:57:00,05:57:00,통과,동해선,월화수목금
화물,3088,상행,8,안락,05:58:00,05:58:00,통과,동해선,월화수목금
화물,3088,상행,9,부산원,05:59:30,05:59:30,통과,동해선,월화수목금
화물,3088,상행,10,재송,06:01:00,06:01:00,통과,동해선,월화수목금
화물,3088,상행,11,센텀,06:02:00,06:02:00,통과,동해선,월화수목금
화물,3088,상행,12,벡스코,06:03:30,06:03:30,통과,동해선,월화수목금
화물,3088,상행,13,신해운,06:07:30,06:07:30,통과,동해선,월화수목금
화물,3088,상행,14,송정,06:10:30,06:10:30,통과,동해선,월화수목금
화물,3088,상행,15,오시리,06:11:30,06:11:30,통과,동해선,월화수목금
화물,3088,상행,16,기장,06:17:00,06:17:00,통과,동해선,월화수목금
화물,3088,상행,17,일광,06:20:00,06:20:00,통과,동해선,월화수목금
화물,3088,상행,18,좌천,06:25:00,06:25:00,통과,동해선,월화수목금
화물,3088,상행,19,월내,06:28:30,06:28:30,통과,동해선,월화수목금
화물,3088,상행,20,서생,06:31:30,06:31:30,통과,동해선,월화수목금
화물,3088,상행,21,남창,06:39:30,06:39:30,통과,동해선,월화수목금
화물,3088,상행,22,망양,06:44:00,06:44:00,통과,동해선,월화수목금
화물,3088,상행,23,덕하,06:48:30,06:48:30,통과,동해선,월화수목금
화물,3088,상행,24,개운포,06:51:00,06:51:00,통과,동해선,월화수목금
화물,3088,상행,25,태화강,06:57:00,07:18:00,승무원교대,동해선,월화수목금
화물,3088,상행,26,북울산,07:28:30,07:28:30,통과,동해선,월화수목금
화물,3088,상행,27,외동,07:41:00,07:51:00,대피,동해선,월화수목금
화물,3088,상행,28,경주,08:11:00,08:11:00,통과,동해선,월화수목금
화물,3088,상행,29,모량,08:15:00,08:15:00,통과,동해선,월화수목금
화물,3088,상행,30,아화,08:25:00,08:25:00,통과,중앙선,월화수목금
화물,3088,상행,31,영천,08:38:30,08:38:30,통과,중앙선,월화수목금
화물,3088,상행,32,북영천,08:41:00,08:41:00,통과,중앙선,월화수목금
화물,3088,상행,33,군위,09:05:00,09:05:00,통과,중앙선,월화수목금
화물,3088,상행,34,의성,09:25:00,09:25:00,통과,중앙선,월화수목금
화물,3088,상행,35,안동,09:47:00,09:47:00,통과,중앙선,월화수목금
화물,3088,상행,36,옹천,09:58:30,09:58:30,통과,중앙선,월화수목금
화물,3088,상행,37,영주,10:16:00,10:16:00,종착,중앙선,월화수목금
화물,3089,하행,1,군산항,18:00:00,18:00:00,시발,군산항선,월화수목금
화물,3089,하행,2,군산옥,18:15:30,18:15:30,통과,군산항선,월화수목금
화물,3089,하행,3,대야,18:23:00,18:23:00,통과,군산항선,월화수목금
화물,3089,하행,4,목천신,18:31:00,18:31:00,통과,장항선,월화수목금
화물,3089,하행,5,동익산,18:34:30,18:39:30,승무원교대,익산삼각선,월화수목금
화물,3089,하행,6,삼례,18:50:00,18:50:00,통과,전라선,월화수목금
화물,3089,하행,7,동산,18:53:00,18:53:00,통과,전라선,월화수목금
화물,3089,하행,8,전주,18:59:30,18:59:30,통과,전라선,월화수목금
화물,3089,하행,9,신리,19:06:00,19:06:00,통과,전라선,월화수목금
화물,3089,하행,10,죽림온,19:10:00,19:10:00,통과,전라선,월화수목금
화물,3089,하행,11,관촌,19:17:30,19:17:30,통과,전라선,월화수목금
화물,3089,하행,12,임실,19:21:00,19:21:00,통과,전라선,월화수목금
화물,3089,하행,13,봉천,19:26:00,19:26:00,통과,전라선,월화수목금
화물,3089,하행,14,오수,19:29:00,19:29:00,통과,전라선,월화수목금
화물,3089,하행,15,서도,19:33:00,19:33:00,통과,전라선,월화수목금
화물,3089,하행,16,산성,19:37:30,19:37:30,통과,전라선,월화수목금
화물,3089,하행,17,남원,19:40:30,19:40:30,통과,전라선,월화수목금
화물,3089,하행,18,주생,19:44:30,19:44:30,통과,전라선,월화수목금
화물,3089,하행,19,옹정,19:46:30,19:46:30,통과,전라선,월화수목금
화물,3089,하행,20,금지,19:51:00,20:06:00,대피,전라선,월화수목금
화물,3089,하행,21,곡성,20:12:00,20:12:00,통과,전라선,월화수목금
화물,3089,하행,22,압록,20:20:00,20:20:00,통과,전라선,월화수목금
화물,3089,하행,23,구례구,20:26:00,20:26:00,통과,전라선,월화수목금
화물,3089,하행,24,봉덕,20:29:00,20:29:00,통과,전라선,월화수목금
화물,3089,하행,25,괴목,20:33:30,20:33:30,통과,전라선,월화수목금
화물,3089,하행,26,개운,20:40:00,20:40:00,통과,전라선,월화수목금
화물,3089,하행,27,동운,20:43:00,20:43:00,통과,전라선,월화수목금
화물,3089,하행,28,순천,20:51:00,20:51:00,종착,전라선,월화수목금
근거리,R3089,상행,1,순천,21:43:00,21:43:00,시발,경전선,금
근거리,R3089,상행,2,평화,21:48:00,21:48:00,통과,경전선,금
근거리,R3089,상행,3,광양,21:55:00,21:55:00,종착,경전선,금
화물,3090,상행,1,신광양,10:39:00,10:39:00,시발,신광양항선,월화수목금
화물,3090,상행,2,초남,10:46:00,10:46:00,통과,신광양항선,월화수목금
화물,3090,상행,3,광양,10:54:00,10:54:00,통과,광양제철선,월화수목금
화물,3090,상행,4,평화,10:58:00,10:58:00,통과,경전선,월화수목금
화물,3090,상행,5,순천,11:04:00,11:16:00,승무원교대,경전선,월화수목금
화물,3090,상행,6,동운,11:24:00,11:24:00,통과,전라선,월화수목금
화물,3090,상행,7,개운,11:27:00,11:27:00,통과,전라선,월화수목금
화물,3090,상행,8,괴목,11:33:30,11:33:30,통과,전라선,월화수목금
화물,3090,상행,9,봉덕,11:38:00,11:38:00,통과,전라선,월화수목금
화물,3090,상행,10,구례구,11:43:00,11:49:00,대피,전라선,월화수목금
화물,3090,상행,11,압록,11:58:30,11:58:30,통과,전라선,월화수목금
화물,3090,상행,12,곡성,12:08:00,12:08:00,통과,전라선,월화수목금
화물,3090,상행,13,금지,12:13:00,12:13:00,통과,전라선,월화수목금
화물,3090,상행,14,옹정,12:15:30,12:15:30,통과,전라선,월화수목금
화물,3090,상행,15,주생,12:18:00,12:18:00,통과,전라선,월화수목금
화물,3090,상행,16,남원,12:23:00,12:23:00,통과,전라선,월화수목금
화물,3090,상행,17,산성,12:26:00,12:26:00,통과,전라선,월화수목금
화물,3090,상행,18,서도,12:31:00,12:31:00,통과,전라선,월화수목금
화물,3090,상행,19,오수,12:36:00,12:36:00,통과,전라선,월화수목금
화물,3090,상행,20,봉천,12:39:30,12:39:30,통과,전라선,월화수목금
화물,3090,상행,21,임실,12:44:30,12:44:30,통과,전라선,월화수목금
화물,3090,상행,22,관촌,12:48:00,12:48:00,통과,전라선,월화수목금
화물,3090,상행,23,죽림온,12:55:30,12:55:30,통과,전라선,월화수목금
화물,3090,상행,24,신리,13:00:00,13:00:00,통과,전라선,월화수목금
화물,3090,상행,25,전주,13:07:30,13:07:30,통과,전라선,월화수목금
화물,3090,상행,26,동산,13:14:00,13:14:00,통과,전라선,월화수목금
화물,3090,상행,27,삼례,13:17:30,13:17:30,통과,전라선,월화수목금
화물,3090,상행,28,동익산,13:28:00,13:32:00,승무원교대,전라선,월화수목금
화물,3090,상행,29,목천신,13:35:30,13:35:30,통과,익산삼각선,월화수목금
화물,3090,상행,30,대야,13:43:30,13:43:30,통과,장항선,월화수목금
화물,3090,상행,31,군산옥,13:51:00,13:51:00,통과,군산항선,월화수목금
화물,3090,상행,32,군산항,14:06:00,14:06:00,종착,군산항선,월화수목금
근거리,Y3090,하행,1,순천,08:38:00,08:38:00,시발,경전선,월화수목금
근거리,Y3090,하행,2,평화,08:43:00,08:43:00,통과,경전선,월화수목금
근거리,Y3090,하행,3,광양,08:48:00,08:48:00,통과,경전선,월화수목금
근거리,Y3090,하행,4,초남,08:54:00,08:54:00,통과,광양제철선,월화수목금
근거리,Y3090,하행,5,신광양,09:01:00,09:01:00,종착,신광양항선,월화수목금
근거리,P3092,상행,1,가야,20:56:00,20:56:00,시발,가야선,일
근거리,P3092,상행,2,주례,21:01:00,21:01:00,통과,가야선,일
근거리,P3092,상행,3,사상,21:05:00,21:05:00,통과,가야선,일
근거리,P3092,상행,4,구포,21:09:00,21:09:00,통과,경부선,일
근거리,P3092,상행,5,화명,21:11:30,21:11:30,통과,경부선,일
근거리,P3092,상행,6,물금,21:18:30,21:18:30,통과,경부선,일
근거리,P3092,상행,7,원동,21:25:30,21:25:30,통과,경부선,일
근거리,P3092,상행,8,삼랑진,21:32:30,21:32:30,통과,경부선,일
근거리,P3092,상행,9,낙동강,21:35:00,21:35:00,통과,경전선,일
근거리,P3092,상행,10,한림정,21:42:00,21:42:00,통과,경전선,일
근거리,P3092,상행,11,진영,21:46:00,21:46:00,통과,경전선,일
근거리,P3092,상행,12,진례,21:49:00,21:49:00,통과,경전선,일
근거리,P3092,상행,13,장유,21:57:00,21:57:00,통과,부산신항선,일
근거리,P3092,상행,14,부산항,22:09:00,22:09:00,종착,부산신항선,일
화물,3092,상행,1,부산항,06:27:00,06:27:00,시발,부산신항선,월화수목금
화물,3092,상행,2,장유,06:39:00,06:39:00,통과,부산신항선,월화수목금
화물,3092,상행,3,진례,06:49:00,06:49:00,통과,부산신항선,월화수목금
화물,3092,상행,4,진영,06:52:00,06:52:00,통과,경전선,월화수목금
화물,3092,상행,5,한림정,06:56:00,06:56:00,통과,경전선,월화수목금
화물,3092,상행,6,낙동강,07:04:30,07:07:30,교행,경전선,월화수목금
화물,3092,상행,7,삼랑진,07:11:30,07:11:30,통과,경전선,월화수목금
화물,3092,상행,8,원동,07:18:30,07:18:30,통과,경부선,월화수목금
화물,3092,상행,9,물금,07:25:30,07:25:30,통과,경부선,월화수목금
화물,3092,상행,10,화명,07:32:30,07:32:30,통과,경부선,월화수목금
화물,3092,상행,11,구포,07:35:00,07:35:00,통과,경부선,월화수목금
화물,3092,상행,12,사상,07:39:00,07:39:00,통과,경부선,월화수목금
화물,3092,상행,13,주례,07:43:00,07:43:00,통과,가야선,월화수목금
화물,3092,상행,14,가야,07:48:00,07:53:00,승무원교대,가야선,월화수목금
화물,3092,상행,15,부전,07:59:00,07:59:00,통과,부전선,월화수목금
화물,3092,상행,16,거제해,08:02:00,08:02:00,통과,동해선,월화수목금
화물,3092,상행,17,거제,08:03:30,08:03:30,통과,동해선,월화수목금
화물,3092,상행,18,부교대,08:04:30,08:04:30,통과,동해선,월화수목금
화물,3092,상행,19,동래,08:06:30,08:06:30,통과,동해선,월화수목금
화물,3092,상행,20,안락,08:07:30,08:07:30,통과,동해선,월화수목금
화물,3092,상행,21,부산원,08:09:00,08:09:00,통과,동해선,월화수목금
화물,3092,상행,22,재송,08:10:30,08:10:30,통과,동해선,월화수목금
화물,3092,상행,23,센텀,08:12:00,08:12:00,통과,동해선,월화수목금
화물,3092,상행,24,벡스코,08:14:30,08:14:30,통과,동해선,월화수목금
화물,3092,상행,25,신해운,08:19:00,08:19:00,통과,동해선,월화수목금
화물,3092,상행,26,송정,08:23:00,08:23:00,통과,동해선,월화수목금
화물,3092,상행,27,오시리,08:25:00,08:25:00,통과,동해선,월화수목금
화물,3092,상행,28,기장,08:30:30,08:30:30,통과,동해선,월화수목금
화물,3092,상행,29,일광,08:33:30,08:33:30,통과,동해선,월화수목금
화물,3092,상행,30,좌천,08:38:30,08:38:30,통과,동해선,월화수목금
화물,3092,상행,31,월내,08:42:00,08:42:00,통과,동해선,월화수목금
화물,3092,상행,32,서생,08:45:00,08:45:00,통과,동해선,월화수목금
화물,3092,상행,33,남창,08:53:00,08:53:00,통과,동해선,월화수목금
화물,3092,상행,34,망양,08:59:00,08:59:00,통과,동해선,월화수목금
화물,3092,상행,35,용암,09:05:00,09:05:00,통과,울산신항선,월화수목금
화물,3092,상행,36,울산신,09:12:00,09:12:00,종착,울산신항선,월화수목금
근거리,Y3092,상행,1,북철송,06:16:00,06:16:00,시발,신항북선,월화수목금
근거리,Y3092,상행,2,부산항,06:26:00,06:26:00,종착,신항북선,월화수목금
근거리,P3095,하행,1,부산항,20:31:00,20:31:00,시발,부산신항선,금
근거리,P3095,하행,2,장유,20:43:00,20:43:00,통과,부산신항선,금
근거리,P3095,하행,3,진례,20:53:00,20:53:00,통과,부산신항선,금
근거리,P3095,하행,4,진영,20:56:00,20:56:00,통과,경전선,금
근거리,P3095,하행,5,한림정,21:00:00,21:00:00,통과,경전선,금
근거리,P3095,하행,6,낙동강,21:07:00,21:07:00,통과,경전선,금
근거리,P3095,하행,7,삼랑진,21:09:30,21:09:30,통과,경전선,금
근거리,P3095,하행,8,원동,21:16:30,21:16:30,통과,경부선,금
근거리,P3095,하행,9,물금,21:23:30,21:23:30,통과,경부선,금
근거리,P3095,하행,10,화명,21:30:30,21:30:30,통과,경부선,금
근거리,P3095,하행,11,구포,21:33:00,21:33:00,통과,경부선,금
근거리,P3095,하행,12,사상,21:37:00,21:37:00,통과,경부선,금
근거리,P3095,하행,13,주례,21:41:00,21:41:00,통과,가야선,금
근거리,P3095,하행,14,가야,21:46:00,21:46:00,종착,가야선,금
화물,3095,하행,1,울산신,15:00:00,15:00:00,시발,울산신항선,월화수목금
화물,3095,하행,2,용암,15:07:00,15:07:00,통과,울산신항선,월화수목금
화물,3095,하행,3,망양,15:13:00,15:13:00,통과,울산신항선,월화수목금
화물,3095,하행,4,남창,15:18:00,15:18:00,통과,동해선,월화수목금
화물,3095,하행,5,서생,15:26:00,15:26:00,통과,동해선,월화수목금
화물,3095,하행,6,월내,15:29:00,15:29:00,통과,동해선,월화수목금
화물,3095,하행,7,좌천,15:32:30,15:32:30,통과,동해선,월화수목금
화물,3095,하행,8,일광,15:37:30,15:37:30,통과,동해선,월화수목금
화물,3095,하행,9,기장,15:40:30,15:40:30,통과,동해선,월화수목금
화물,3095,하행,10,오시리,15:46:00,15:46:00,통과,동해선,월화수목금
화물,3095,하행,11,송정,15:47:00,15:47:00,통과,동해선,월화수목금
화물,3095,하행,12,신해운,15:50:00,15:50:00,통과,동해선,월화수목금
화물,3095,하행,13,벡스코,15:54:30,15:54:30,통과,동해선,월화수목금
화물,3095,하행,14,센텀,15:56:30,15:56:30,통과,동해선,월화수목금
화물,3095,하행,15,재송,15:58:00,15:58:00,통과,동해선,월화수목금
화물,3095,하행,16,부산원,15:59:30,15:59:30,통과,동해선,월화수목금
화물,3095,하행,17,안락,16:01:00,16:01:00,통과,동해선,월화수목금
화물,3095,하행,18,동래,16:02:00,16:02:00,통과,동해선,월화수목금
화물,3095,하행,19,부교대,16:03:30,16:03:30,통과,동해선,월화수목금
화물,3095,하행,20,거제,16:04:00,16:04:00,통과,동해선,월화수목금
화물,3095,하행,21,거제해,16:05:00,16:05:00,통과,동해선,월화수목금
화물,3095,하행,22,부전,16:08:00,16:08:00,통과,동해선,월화수목금
화물,3095,하행,23,가야,16:13:30,18:11:30,승무원교대,부전선,월화수목금
화물,3095,하행,24,주례,18:16:30,18:16:30,통과,가야선,월화수목금
화물,3095,하행,25,사상,18:20:30,18:20:30,통과,가야선,월화수목금
화물,3095,하행,26,구포,18:24:30,18:24:30,통과,경부선,월화수목금
화물,3095,하행,27,화명,18:27:00,18:27:00,통과,경부선,월화수목금
화물,3095,하행,28,물금,18:34:30,18:34:30,통과,경부선,월화수목금
화물,3095,하행,29,원동,18:42:00,18:42:00,통과,경부선,월화수목금
화물,3095,하행,30,삼랑진,18:51:00,18:52:30,운전취급,경부선,월화수목금
화물,3095,하행,31,낙동강,18:55:30,18:55:30,통과,경전선,월화수목금
화물,3095,하행,32,한림정,19:02:30,19:02:30,통과,경전선,월화수목금
화물,3095,하행,33,진영,19:06:30,19:06:30,통과,경전선,월화수목금
화물,3095,하행,34,진례,19:09:30,19:09:30,통과,경전선,월화수목금
화물,3095,하행,35,장유,19:17:30,19:17:30,통과,부산신항선,월화수목금
화물,3095,하행,36,부산항,19:30:00,19:30:00,종착,부산신항선,월화수목금
근거리,J3095,하행,1,북철송,20:09:00,20:09:00,시발,신항북선,월화수목금
근거리,J3095,하행,2,부산항,20:19:00,20:19:00,종착,신항북선,월화수목금
근거리,R3095,하행,1,부산항,19:31:00,19:31:00,시발,신항북선,월화수목금
근거리,R3095,하행,2,북철송,19:41:00,19:41:00,종착,신항북선,월화수목금
화물,3097,하행,1,부산항,10:29:00,10:29:00,시발,부산신항선,월화수목금
화물,3097,하행,2,장유,10:42:00,10:42:00,통과,부산신항선,월화수목금
화물,3097,하행,3,진례,10:54:00,11:14:00,운전취급,부산신항선,월화수목금
화물,3097,하행,4,창원중,11:23:00,11:23:00,통과,경전선,월화수목금
화물,3097,하행,5,용강,11:29:00,11:29:00,통과,경전선,월화수목금
화물,3097,하행,6,창원,11:32:00,11:32:00,통과,경전선,월화수목금
화물,3097,하행,7,마산,11:37:00,11:41:00,승무원교대,경전선,월화수목금
화물,3097,하행,8,중리,11:47:00,11:47:00,통과,경전선,월화수목금
화물,3097,하행,9,함안,11:54:00,11:54:00,통과,경전선,월화수목금
화물,3097,하행,10,군북,12:00:00,12:00:00,통과,경전선,월화수목금
화물,3097,하행,11,반성,12:11:00,12:11:00,통과,경전선,월화수목금
화물,3097,하행,12,진주,12:22:00,12:22:00,통과,경전선,월화수목금
화물,3097,하행,13,완사,12:33:00,12:33:00,통과,경전선,월화수목금
화물,3097,하행,14,북천,12:41:00,12:41:00,통과,경전선,월화수목금
화물,3097,하행,15,횡천,12:48:00,12:48:00,통과,경전선,월화수목금
화물,3097,하행,16,하동,12:53:00,12:53:00,통과,경전선,월화수목금
화물,3097,하행,17,진상,12:59:00,12:59:00,통과,경전선,월화수목금
화물,3097,하행,18,광양,13:11:00,13:11:00,통과,경전선,월화수목금
화물,3097,하행,19,평화,13:16:00,13:16:00,통과,경전선,월화수목금
화물,3097,하행,20,순천,13:22:00,14:13:00,동력차교체,경전선,월화수목금
화물,3097,하행,21,성산,14:18:30,14:18:30,통과,전라선,월화수목금
화물,3097,하행,22,율촌,14:23:30,14:23:30,통과,전라선,월화수목금
화물,3097,하행,23,덕양,14:32:00,14:32:00,통과,전라선,월화수목금
화물,3097,하행,24,흥국사,14:40:00,14:40:00,종착,여천선,월화수목금
화물,3098,상행,1,흥국사,17:44:00,17:44:00,시발,여천선,월화수목금
화물,3098,상행,2,덕양,17:52:00,17:52:00,통과,여천선,월화수목금
화물,3098,상행,3,율촌,17:59:00,17:59:00,통과,전라선,월화수목금
화물,3098,상행,4,성산,18:04:00,18:04:00,통과,전라선,월화수목금
화물,3098,상행,5,순천,18:09:00,18:34:00,동력차교체,전라선,월화수목금
화물,3098,상행,6,평화,18:39:00,18:39:00,통과,경전선,월화수목금
화물,3098,상행,7,광양,18:43:00,18:43:00,통과,경전선,월화수목금
화물,3098,상행,8,진상,18:54:30,18:54:30,통과,경전선,월화수목금
화물,3098,상행,9,하동,19:00:00,19:00:00,통과,경전선,월화수목금
화물,3098,상행,10,횡천,19:04:30,19:04:30,통과,경전선,월화수목금
화물,3098,상행,11,북천,19:11:00,19:11:00,통과,경전선,월화수목금
화물,3098,상행,12,완사,19:18:30,19:18:30,통과,경전선,월화수목금
화물,3098,상행,13,진주,19:30:00,19:30:00,통과,경전선,월화수목금
화물,3098,상행,14,반성,19:41:00,19:41:00,통과,경전선,월화수목금
화물,3098,상행,15,군북,19:52:00,19:52:00,통과,경전선,월화수목금
화물,3098,상행,16,함안,19:58:00,19:58:00,통과,경전선,월화수목금
화물,3098,상행,17,중리,20:05:00,20:05:00,통과,경전선,월화수목금
화물,3098,상행,18,마산,20:12:00,20:15:00,승무원교대,경전선,월화수목금
화물,3098,상행,19,창원,20:20:00,20:20:00,통과,경전선,월화수목금
화물,3098,상행,20,용강,20:23:00,20:23:00,통과,경전선,월화수목금
화물,3098,상행,21,창원중,20:29:00,20:29:00,통과,경전선,월화수목금
화물,3098,상행,22,진례,20:39:00,21:00:00,운전취급,경전선,월화수목금
화물,3098,상행,23,장유,21:09:00,21:09:00,통과,부산신항선,월화수목금
화물,3098,상행,24,부산항,21:21:00,21:21:00,종착,부산신항선,월화수목금
화물,3099,하행,1,부산진,06:40:00,06:40:00,시발,경부선,월화수목금
화물,3099,하행,2,사상,06:50:00,06:50:00,통과,경부선,월화수목금
화물,3099,하행,3,구포,06:54:30,06:54:30,통과,경부선,월화수목금
화물,3099,하행,4,화명,06:57:30,06:57:30,통과,경부선,월화수목금
화물,3099,하행,5,물금,07:04:30,07:04:30,통과,경부선,월화수목금
화물,3099,하행,6,원동,07:11:00,07:11:00,통과,경부선,월화수목금
화물,3099,하행,7,삼랑진,07:18:30,07:18:30,통과,경부선,월화수목금
화물,3099,하행,8,낙동강,07:22:30,07:22:30,통과,경전선,월화수목금
화물,3099,하행,9,한림정,07:29:30,07:29:30,통과,경전선,월화수목금
화물,3099,하행,10,진영,07:33:30,07:33:30,통과,경전선,월화수목금
화물,3099,하행,11,진례,07:37:00,07:37:00,통과,경전선,월화수목금
화물,3099,하행,12,창원중,07:46:00,07:46:00,통과,경전선,월화수목금
화물,3099,하행,13,용강,07:52:00,07:52:00,통과,경전선,월화수목금
화물,3099,하행,14,창원,07:55:00,07:55:00,통과,경전선,월화수목금
화물,3099,하행,15,마산,08:00:00,08:10:00,승무원교대,경전선,월화수목금
화물,3099,하행,16,중리,08:17:30,08:17:30,통과,경전선,월화수목금
화물,3099,하행,17,함안,08:23:30,08:23:30,통과,경전선,월화수목금
화물,3099,하행,18,군북,08:30:30,08:35:30,대피,경전선,월화수목금
화물,3099,하행,19,반성,08:47:00,08:47:00,통과,경전선,월화수목금
화물,3099,하행,20,진주,08:56:00,08:56:00,통과,경전선,월화수목금
화물,3099,하행,21,완사,09:06:30,09:06:30,통과,경전선,월화수목금
화물,3099,하행,22,북천,09:14:00,09:14:00,통과,경전선,월화수목금
화물,3099,하행,23,횡천,09:20:30,09:20:30,통과,경전선,월화수목금
화물,3099,하행,24,하동,09:25:00,09:25:00,통과,경전선,월화수목금
화물,3099,하행,25,진상,09:30:30,09:30:30,통과,경전선,월화수목금
화물,3099,하행,26,광양,09:42:00,09:42:00,통과,경전선,월화수목금
화물,3099,하행,27,평화,09:46:00,09:46:00,통과,경전선,월화수목금
화물,3099,하행,28,순천,09:52:00,09:52:00,종착,경전선,월화수목금
화물,3101,하행,1,수색,10:07:00,10:07:00,시발,경의선,매일
화물,3101,하행,2,디엠시,10:10:00,10:10:00,통과,경의선,매일
화물,3101,하행,3,가좌,10:13:00,10:13:00,통과,경의선,매일
화물,3101,하행,4,신촌,10:17:00,10:17:00,통과,경의선,매일
화물,3101,하행,5,서울,10:23:00,10:31:00,운전취급,경의선,매일
화물,3101,하행,6,용산,10:36:00,10:36:00,통과,경부선,매일
화물,3101,하행,7,노량진,10:39:30,10:39:30,통과,경부선,매일
화물,3101,하행,8,영등포,10:44:30,10:52:30,대피,경부선,매일
화물,3101,하행,9,금천구,11:00:00,11:00:00,통과,경부선,매일
화물,3101,하행,10,안양,11:04:30,11:04:30,통과,경부선,매일
화물,3101,하행,11,군포,11:08:30,11:08:30,통과,경부선,매일
화물,3101,하행,12,의왕,11:11:30,11:11:30,통과,경부선,매일
화물,3101,하행,13,수원,11:17:30,11:17:30,통과,경부선,매일
화물,3101,하행,14,병점,11:22:30,11:22:30,통과,경부선,매일
화물,3101,하행,15,오산,11:28:00,11:28:00,통과,경부선,매일
화물,3101,하행,16,송탄,11:33:30,11:33:30,통과,경부선,매일
화물,3101,하행,17,서정리,11:36:00,11:40:00,대피,경부선,매일
화물,3101,하행,18,평택,11:47:00,11:47:00,통과,경부선,매일
화물,3101,하행,19,성환,11:54:00,11:54:00,통과,경부선,매일
화물,3101,하행,20,직산,11:58:00,11:58:00,통과,경부선,매일
화물,3101,하행,21,두정,12:01:00,12:01:00,통과,경부선,매일
화물,3101,하행,22,천안,12:05:30,12:25:30,승무원교대,경부선,매일
화물,3101,하행,23,소정리,12:37:00,12:42:00,대피,경부선,매일
화물,3101,하행,24,전의,12:49:00,12:49:00,통과,경부선,매일
화물,3101,하행,25,전동,12:55:00,12:55:00,통과,경부선,매일
화물,3101,하행,26,서창,12:58:00,12:58:00,통과,경부선,매일
화물,3101,하행,27,오송,13:04:00,13:04:00,통과,오송선,매일
화물,3101,하행,28,청주,13:11:00,13:11:00,통과,충북선,매일
화물,3101,하행,29,오근장,13:19:30,13:19:30,통과,충북선,매일
화물,3101,하행,30,청주공,13:22:00,13:22:00,통과,충북선,매일
화물,3101,하행,31,내수,13:26:00,13:26:00,통과,충북선,매일
화물,3101,하행,32,증평,13:32:30,13:32:30,통과,충북선,매일
화물,3101,하행,33,도안,13:37:30,13:37:30,통과,충북선,매일
화물,3101,하행,34,보천,13:45:00,13:45:00,통과,충북선,매일
화물,3101,하행,35,음성,13:52:00,13:52:00,통과,충북선,매일
화물,3101,하행,36,소이,13:56:00,13:56:00,통과,충북선,매일
화물,3101,하행,37,주덕,14:03:00,14:03:00,통과,충북선,매일
화물,3101,하행,38,달천,14:09:00,14:09:00,통과,충북선,매일
화물,3101,하행,39,충주,14:12:30,14:12:30,통과,충북선,매일
화물,3101,하행,40,목행,14:17:30,14:17:30,통과,충북선,매일
화물,3101,하행,41,동량,14:21:30,14:21:30,통과,충북선,매일
화물,3101,하행,42,삼탄,14:28:30,14:28:30,통과,충북선,매일
화물,3101,하행,43,공전,14:33:30,14:33:30,통과,충북선,매일
화물,3101,하행,44,봉양,14:40:30,14:40:30,통과,충북선,매일
화물,3101,하행,45,제천조,14:46:00,15:26:00,화물취급,중앙선,매일
화물,3101,하행,46,제천,15:32:00,15:35:00,승무원교대,중앙선,매일
화물,3101,하행,47,고명,15:40:30,15:40:30,통과,중앙선,매일
화물,3101,하행,48,삼곡,15:46:00,15:46:00,통과,중앙선,매일
화물,3101,하행,49,도담,15:53:00,15:53:00,종착,중앙선,매일
근거리,R3101,하행,1,도담,16:20:00,16:20:00,시발,중앙선,매일
근거리,R3101,하행,2,삼곡,16:27:00,16:27:00,통과,중앙선,매일
근거리,R3101,하행,3,고명,16:33:00,16:33:00,통과,중앙선,매일
근거리,R3101,하행,4,제천,16:39:00,16:39:00,통과,중앙선,매일
근거리,R3101,하행,5,제천조,16:43:00,16:43:00,종착,중앙선,매일
화물,3102,상행,1,도담,05:04:00,05:04:00,시발,중앙선,매일
화물,3102,상행,2,삼곡,05:12:00,05:12:00,통과,중앙선,매일
화물,3102,상행,3,고명,05:17:30,05:17:30,통과,중앙선,매일
화물,3102,상행,4,제천,05:23:00,05:33:00,승무원교대,중앙선,매일
화물,3102,상행,5,제천조,05:37:30,05:37:30,통과,중앙선,매일
화물,3102,상행,6,봉양,05:42:00,05:42:00,통과,중앙선,매일
화물,3102,상행,7,공전,05:51:00,05:58:00,대피,충북선,매일
화물,3102,상행,8,삼탄,06:04:00,06:04:00,통과,충북선,매일
화물,3102,상행,9,동량,06:11:00,06:11:00,통과,충북선,매일
화물,3102,상행,10,목행,06:15:00,06:15:00,통과,충북선,매일
화물,3102,상행,11,충주,06:20:00,06:20:00,통과,충북선,매일
화물,3102,상행,12,달천,06:23:30,06:23:30,통과,충북선,매일
화물,3102,상행,13,주덕,06:29:30,06:29:30,통과,충북선,매일
화물,3102,상행,14,소이,06:36:30,06:36:30,통과,충북선,매일
화물,3102,상행,15,음성,06:40:30,06:40:30,통과,충북선,매일
화물,3102,상행,16,보천,06:47:30,06:47:30,통과,충북선,매일
화물,3102,상행,17,도안,06:55:00,06:55:00,통과,충북선,매일
화물,3102,상행,18,증평,07:00:00,07:00:00,통과,충북선,매일
화물,3102,상행,19,내수,07:07:00,07:07:00,통과,충북선,매일
화물,3102,상행,20,청주공,07:11:00,07:11:00,통과,충북선,매일
화물,3102,상행,21,오근장,07:13:30,07:13:30,통과,충북선,매일
화물,3102,상행,22,청주,07:22:30,07:22:30,통과,충북선,매일
화물,3102,상행,23,오송,07:28:30,07:28:30,통과,충북선,매일
화물,3102,상행,24,서창,07:34:30,07:34:30,통과,오송선,매일
화물,3102,상행,25,전동,07:37:30,07:37:30,통과,경부선,매일
화물,3102,상행,26,전의,07:43:30,07:43:30,통과,경부선,매일
화물,3102,상행,27,소정리,07:49:30,07:49:30,통과,경부선,매일
화물,3102,상행,28,천안,07:59:30,08:02:30,승무원교대,경부선,매일
화물,3102,상행,29,두정,08:07:30,08:07:30,통과,경부선,매일
화물,3102,상행,30,직산,08:10:30,08:10:30,통과,경부선,매일
화물,3102,상행,31,성환,08:15:00,08:15:00,통과,경부선,매일
화물,3102,상행,32,평택,08:22:00,08:22:00,통과,경부선,매일
화물,3102,상행,33,서정리,08:28:30,08:28:30,통과,경부선,매일
화물,3102,상행,34,송탄,08:30:30,08:30:30,통과,경부선,매일
화물,3102,상행,35,오산,08:36:30,08:36:30,통과,경부선,매일
화물,3102,상행,36,병점,08:42:30,08:42:30,통과,경부선,매일
화물,3102,상행,37,수원,08:48:00,08:48:00,통과,경부선,매일
화물,3102,상행,38,의왕,08:55:00,08:55:00,통과,경부선,매일
화물,3102,상행,39,군포,08:58:00,08:58:00,통과,경부선,매일
화물,3102,상행,40,안양,09:02:00,09:02:00,통과,경부선,매일
화물,3102,상행,41,금천구,09:06:30,09:06:30,통과,경부선,매일
화물,3102,상행,42,영등포,09:12:00,09:12:00,통과,경부선,매일
화물,3102,상행,43,노량진,09:15:30,09:15:30,통과,경부선,매일
화물,3102,상행,44,용산,09:19:00,09:19:00,통과,경부선,매일
화물,3102,상행,45,서울,09:23:00,09:35:00,운전취급,경부선,매일
화물,3102,상행,46,신촌,09:39:00,09:39:00,통과,경의선,매일
화물,3102,상행,47,가좌,09:42:30,09:42:30,통과,경의선,매일
화물,3102,상행,48,디엠시,09:45:00,09:45:00,통과,경의선,매일
화물,3102,상행,49,수색,09:47:00,09:47:00,종착,경의선,매일
근거리,R3102,상행,1,제천,04:22:00,04:22:00,시발,중앙선,매일
근거리,R3102,상행,2,고명,04:28:00,04:28:00,통과,중앙선,매일
근거리,R3102,상행,3,삼곡,04:34:00,04:34:00,통과,중앙선,매일
근거리,R3102,상행,4,도담,04:41:00,04:41:00,종착,중앙선,매일
화물,3103,하행,1,수색,12:04:00,12:04:00,시발,경의선,매일
화물,3103,하행,2,디엠시,12:07:00,12:07:00,통과,경의선,매일
화물,3103,하행,3,가좌,12:10:00,12:10:00,통과,경의선,매일
화물,3103,하행,4,신촌,12:14:00,12:14:00,통과,경의선,매일
화물,3103,하행,5,서울,12:20:00,12:26:00,운전취급,경의선,매일
화물,3103,하행,6,용산,12:31:00,12:31:00,통과,경부선,매일
화물,3103,하행,7,노량진,12:34:30,12:34:30,통과,경부선,매일
화물,3103,하행,8,영등포,12:38:00,12:38:00,통과,경부선,매일
화물,3103,하행,9,금천구,12:47:00,12:53:00,대피,경부선,매일
화물,3103,하행,10,안양,12:58:30,12:58:30,통과,경부선,매일
화물,3103,하행,11,군포,13:02:30,13:02:30,통과,경부선,매일
화물,3103,하행,12,의왕,13:05:30,13:05:30,통과,경부선,매일
화물,3103,하행,13,수원,13:10:30,13:10:30,통과,경부선,매일
화물,3103,하행,14,병점,13:15:30,13:15:30,통과,경부선,매일
화물,3103,하행,15,오산,13:21:00,13:21:00,통과,경부선,매일
화물,3103,하행,16,송탄,13:26:30,13:26:30,통과,경부선,매일
화물,3103,하행,17,서정리,13:28:30,13:28:30,통과,경부선,매일
화물,3103,하행,18,평택,13:34:30,13:34:30,통과,경부선,매일
화물,3103,하행,19,성환,13:41:30,13:41:30,통과,경부선,매일
화물,3103,하행,20,직산,13:45:30,13:45:30,통과,경부선,매일
화물,3103,하행,21,두정,13:48:30,13:48:30,통과,경부선,매일
화물,3103,하행,22,천안,13:53:00,14:17:00,승무원교대,경부선,매일
화물,3103,하행,23,소정리,14:28:30,14:33:30,대피,경부선,매일
화물,3103,하행,24,전의,14:40:30,14:40:30,통과,경부선,매일
화물,3103,하행,25,전동,14:46:00,14:46:00,통과,경부선,매일
화물,3103,하행,26,서창,14:49:00,14:49:00,통과,경부선,매일
화물,3103,하행,27,오송,14:56:00,15:02:00,운전취급,오송선,매일
화물,3103,하행,28,청주,15:10:00,15:10:00,통과,충북선,매일
화물,3103,하행,29,오근장,15:20:30,15:50:30,화물취급,충북선,매일
화물,3103,하행,30,청주공,15:54:30,15:54:30,통과,충북선,매일
화물,3103,하행,31,내수,15:58:30,15:58:30,통과,충북선,매일
화물,3103,하행,32,증평,16:05:00,16:05:00,통과,충북선,매일
화물,3103,하행,33,도안,16:10:00,16:10:00,통과,충북선,매일
화물,3103,하행,34,보천,16:17:30,16:17:30,통과,충북선,매일
화물,3103,하행,35,음성,16:24:30,16:24:30,통과,충북선,매일
화물,3103,하행,36,소이,16:28:30,16:28:30,통과,충북선,매일
화물,3103,하행,37,주덕,16:35:30,16:35:30,통과,충북선,매일
화물,3103,하행,38,달천,16:41:30,16:41:30,통과,충북선,매일
화물,3103,하행,39,충주,16:45:00,16:45:00,통과,충북선,매일
화물,3103,하행,40,목행,16:50:00,16:50:00,통과,충북선,매일
화물,3103,하행,41,동량,16:54:00,16:54:00,통과,충북선,매일
화물,3103,하행,42,삼탄,17:01:00,17:01:00,통과,충북선,매일
화물,3103,하행,43,공전,17:06:00,17:06:00,통과,충북선,매일
화물,3103,하행,44,봉양,17:13:00,17:13:00,통과,충북선,매일
화물,3103,하행,45,제천조,17:17:30,17:57:30,화물취급,중앙선,매일
화물,3103,하행,46,제천,18:02:00,18:05:00,승무원교대,중앙선,매일
화물,3103,하행,47,고명,18:10:30,18:10:30,통과,중앙선,매일
화물,3103,하행,48,삼곡,18:16:00,18:16:00,통과,중앙선,매일
화물,3103,하행,49,도담,18:24:00,18:24:00,종착,중앙선,매일
화물,3104,상행,1,도담,07:46:00,07:46:00,시발,중앙선,매일
화물,3104,상행,2,삼곡,07:54:00,07:54:00,통과,중앙선,매일
화물,3104,상행,3,고명,07:59:30,07:59:30,통과,중앙선,매일
화물,3104,상행,4,제천,08:05:00,08:09:00,승무원교대,중앙선,매일
화물,3104,상행,5,제천조,08:14:00,08:14:00,통과,중앙선,매일
화물,3104,상행,6,봉양,08:18:30,08:18:30,통과,중앙선,매일
화물,3104,상행,7,공전,08:26:30,08:26:30,통과,충북선,매일
화물,3104,상행,8,삼탄,08:31:30,08:31:30,통과,충북선,매일
화물,3104,상행,9,동량,08:38:30,08:38:30,통과,충북선,매일
화물,3104,상행,10,목행,08:42:30,08:42:30,통과,충북선,매일
화물,3104,상행,11,충주,08:47:30,08:47:30,통과,충북선,매일
화물,3104,상행,12,달천,08:51:00,08:51:00,통과,충북선,매일
화물,3104,상행,13,주덕,08:57:00,08:57:00,통과,충북선,매일
화물,3104,상행,14,소이,09:04:00,09:04:00,통과,충북선,매일
화물,3104,상행,15,음성,09:08:00,09:08:00,통과,충북선,매일
화물,3104,상행,16,보천,09:15:30,09:15:30,통과,충북선,매일
화물,3104,상행,17,도안,09:23:30,09:23:30,통과,충북선,매일
화물,3104,상행,18,증평,09:28:30,09:28:30,통과,충북선,매일
화물,3104,상행,19,내수,09:35:30,09:35:30,통과,충북선,매일
화물,3104,상행,20,청주공,09:39:30,09:39:30,통과,충북선,매일
화물,3104,상행,21,오근장,09:42:00,09:42:00,통과,충북선,매일
화물,3104,상행,22,청주,09:51:00,09:51:00,통과,충북선,매일
화물,3104,상행,23,오송,09:57:00,09:57:00,통과,충북선,매일
화물,3104,상행,24,서창,10:03:00,10:03:00,통과,오송선,매일
화물,3104,상행,25,전동,10:06:30,10:06:30,통과,경부선,매일
화물,3104,상행,26,전의,10:12:00,10:12:00,통과,경부선,매일
화물,3104,상행,27,소정리,10:17:30,10:17:30,통과,경부선,매일
화물,3104,상행,28,천안,10:27:30,10:37:30,승무원교대,경부선,매일
화물,3104,상행,29,두정,10:42:00,10:42:00,통과,경부선,매일
화물,3104,상행,30,직산,10:45:00,10:45:00,통과,경부선,매일
화물,3104,상행,31,성환,10:49:00,10:49:00,통과,경부선,매일
화물,3104,상행,32,평택,10:56:00,10:56:00,통과,경부선,매일
화물,3104,상행,33,서정리,11:03:30,11:08:30,대피,경부선,매일
화물,3104,상행,34,송탄,11:12:00,11:12:00,통과,경부선,매일
화물,3104,상행,35,오산,11:17:30,11:17:30,통과,경부선,매일
화물,3104,상행,36,병점,11:23:00,11:23:00,통과,경부선,매일
화물,3104,상행,37,수원,11:28:00,11:28:00,통과,경부선,매일
화물,3104,상행,38,의왕,11:35:00,11:35:00,통과,경부선,매일
화물,3104,상행,39,군포,11:39:00,11:39:00,통과,경부선,매일
화물,3104,상행,40,안양,11:43:00,11:43:00,통과,경부선,매일
화물,3104,상행,41,금천구,11:48:00,11:48:00,통과,경부선,매일
화물,3104,상행,42,영등포,11:54:00,11:54:00,통과,경부선,매일
화물,3104,상행,43,노량진,11:57:30,11:57:30,통과,경부선,매일
화물,3104,상행,44,용산,12:02:00,12:02:00,통과,경부선,매일
화물,3104,상행,45,서울,12:07:00,12:07:00,통과,경부선,매일
화물,3104,상행,46,신촌,12:12:00,12:12:00,통과,경의선,매일
화물,3104,상행,47,가좌,12:14:30,12:14:30,통과,경의선,매일
화물,3104,상행,48,디엠시,12:16:30,12:16:30,통과,경의선,매일
화물,3104,상행,49,수색,12:19:00,12:19:00,종착,경의선,매일
화물,3105,하행,1,의왕,16:55:00,16:55:00,시발,경부선,월화수목금
화물,3105,하행,2,수원,17:05:00,17:10:00,대피,경부선,월화수목금
화물,3105,하행,3,병점,17:16:00,17:16:00,통과,경부선,월화수목금
화물,3105,하행,4,오산,17:21:30,17:21:30,통과,경부선,월화수목금
화물,3105,하행,5,송탄,17:27:00,17:27:00,통과,경부선,월화수목금
화물,3105,하행,6,서정리,17:30:00,17:35:00,대피,경부선,월화수목금
화물,3105,하행,7,평택,17:42:00,17:42:00,통과,경부선,월화수목금
화물,3105,하행,8,성환,17:49:00,17:49:00,통과,경부선,월화수목금
화물,3105,하행,9,직산,17:53:00,17:53:00,통과,경부선,월화수목금
화물,3105,하행,10,두정,17:56:00,17:56:00,통과,경부선,월화수목금
화물,3105,하행,11,천안,18:00:00,18:04:30,승무원교대,경부선,월화수목금
화물,3105,하행,12,소정리,18:14:30,18:14:30,통과,경부선,월화수목금
화물,3105,하행,13,전의,18:20:00,18:20:00,통과,경부선,월화수목금
화물,3105,하행,14,전동,18:25:30,18:25:30,통과,경부선,월화수목금
화물,3105,하행,15,서창,18:28:30,18:28:30,통과,경부선,월화수목금
화물,3105,하행,16,오송,18:34:30,18:34:30,통과,오송선,월화수목금
화물,3105,하행,17,청주,18:41:30,18:41:30,통과,충북선,월화수목금
화물,3105,하행,18,오근장,18:50:00,18:50:00,통과,충북선,월화수목금
화물,3105,하행,19,청주공,18:52:30,18:52:30,통과,충북선,월화수목금
화물,3105,하행,20,내수,18:56:30,18:56:30,통과,충북선,월화수목금
화물,3105,하행,21,증평,19:03:00,19:03:00,통과,충북선,월화수목금
화물,3105,하행,22,도안,19:08:00,19:08:00,통과,충북선,월화수목금
화물,3105,하행,23,보천,19:15:30,19:15:30,통과,충북선,월화수목금
화물,3105,하행,24,음성,19:22:30,19:22:30,통과,충북선,월화수목금
화물,3105,하행,25,소이,19:26:30,19:26:30,통과,충북선,월화수목금
화물,3105,하행,26,주덕,19:33:30,19:33:30,통과,충북선,월화수목금
화물,3105,하행,27,달천,19:39:30,19:39:30,통과,충북선,월화수목금
화물,3105,하행,28,충주,19:43:00,19:43:00,통과,충북선,월화수목금
화물,3105,하행,29,목행,19:48:00,19:48:00,통과,충북선,월화수목금
화물,3105,하행,30,동량,19:52:00,19:52:00,통과,충북선,월화수목금
화물,3105,하행,31,삼탄,19:59:00,19:59:00,통과,충북선,월화수목금
화물,3105,하행,32,공전,20:04:00,20:04:00,통과,충북선,월화수목금
화물,3105,하행,33,봉양,20:11:00,20:11:00,통과,충북선,월화수목금
화물,3105,하행,34,제천조,20:15:30,20:15:30,통과,중앙선,월화수목금
화물,3105,하행,35,제천,20:20:30,20:41:00,동력차교체,중앙선,월화수목금
화물,3105,하행,36,입석리,20:57:30,20:57:30,통과,태백선,월화수목금
화물,3105,하행,37,쌍룡,21:03:30,21:03:30,통과,태백선,월화수목금
화물,3105,하행,38,연당,21:13:30,21:13:30,통과,태백선,월화수목금
화물,3105,하행,39,청령포,21:21:00,21:21:00,통과,태백선,월화수목금
화물,3105,하행,40,영월,21:25:00,21:25:00,통과,태백선,월화수목금
화물,3105,하행,41,탄부,21:28:30,21:39:30,대피,태백선,월화수목금
화물,3105,하행,42,연하,21:46:00,21:46:00,통과,태백선,월화수목금
화물,3105,하행,43,석항,21:54:30,21:54:30,통과,태백선,월화수목금
화물,3105,하행,44,예미,21:58:30,21:58:30,통과,태백선,월화수목금
화물,3105,하행,45,조동,22:07:00,22:07:00,통과,태백선,월화수목금
화물,3105,하행,46,자미원,22:12:30,22:12:30,통과,태백선,월화수목금
화물,3105,하행,47,민둥산,22:21:00,22:21:00,통과,태백선,월화수목금
화물,3105,하행,48,사북,22:29:00,22:29:00,통과,태백선,월화수목금
화물,3105,하행,49,고한,22:36:00,22:36:00,통과,태백선,월화수목금
화물,3105,하행,50,추전,22:46:30,22:46:30,통과,태백선,월화수목금
화물,3105,하행,51,태백,22:57:00,22:59:00,승무원교대,태백선,월화수목금
화물,3105,하행,52,문곡,23:04:00,23:04:00,통과,태백선,월화수목금
화물,3105,하행,53,태백분,23:10:00,23:10:00,통과,태백선,월화수목금
화물,3105,하행,54,동백산,23:12:00,23:12:00,통과,태백삼각선,월화수목금
화물,3105,하행,55,솔안,23:25:00,23:25:00,통과,영동선,월화수목금
화물,3105,하행,56,도계솔,23:34:00,23:34:00,통과,영동선,월화수목금
화물,3105,하행,57,도계,23:35:30,23:35:30,통과,영동선,월화수목금
화물,3105,하행,58,고사리,23:41:30,23:41:30,통과,영동선,월화수목금
화물,3105,하행,59,하고사,23:44:00,23:44:00,통과,영동선,월화수목금
화물,3105,하행,60,마차리,23:48:30,23:48:30,통과,영동선,월화수목금
화물,3105,하행,61,신기,23:55:30,23:55:30,통과,영동선,월화수목금
화물,3105,하행,62,상정,00:02:30,00:02:30,통과,영동선,월화수목금
화물,3105,하행,63,미로,00:08:30,00:08:30,통과,영동선,월화수목금
화물,3105,하행,64,도경리,00:13:30,00:13:30,통과,영동선,월화수목금
화물,3105,하행,65,동해,00:25:00,00:25:00,종착,영동선,월화수목금
화물,3106,상행,1,동해,06:52:00,06:52:00,시발,영동선,월화수목금
화물,3106,상행,2,도경리,07:03:30,07:03:30,통과,영동선,월화수목금
화물,3106,상행,3,미로,07:08:30,07:08:30,통과,영동선,월화수목금
화물,3106,상행,4,상정,07:14:30,07:14:30,통과,영동선,월화수목금
화물,3106,상행,5,신기,07:21:30,07:21:30,통과,영동선,월화수목금
화물,3106,상행,6,마차리,07:28:30,07:28:30,통과,영동선,월화수목금
화물,3106,상행,7,하고사,07:33:00,07:33:00,통과,영동선,월화수목금
화물,3106,상행,8,고사리,07:35:30,07:35:30,통과,영동선,월화수목금
화물,3106,상행,9,도계,07:41:30,07:41:30,통과,영동선,월화수목금
화물,3106,상행,10,도계솔,07:43:00,07:43:00,통과,영동선,월화수목금
화물,3106,상행,11,솔안,07:52:00,07:52:00,통과,영동선,월화수목금
화물,3106,상행,12,동백산,08:05:00,08:05:00,통과,영동선,월화수목금
화물,3106,상행,13,태백분,08:07:00,08:07:00,통과,태백삼각선,월화수목금
화물,3106,상행,14,문곡,08:13:00,08:13:00,통과,태백선,월화수목금
화물,3106,상행,15,태백,08:18:00,08:20:00,승무원교대,태백선,월화수목금
화물,3106,상행,16,추전,08:30:00,08:30:00,통과,태백선,월화수목금
화물,3106,상행,17,고한,08:41:30,08:41:30,통과,태백선,월화수목금
화물,3106,상행,18,사북,08:47:30,08:47:30,통과,태백선,월화수목금
화물,3106,상행,19,민둥산,08:55:30,08:55:30,통과,태백선,월화수목금
화물,3106,상행,20,자미원,09:04:00,09:04:00,통과,태백선,월화수목금
화물,3106,상행,21,조동,09:11:00,09:11:00,통과,태백선,월화수목금
화물,3106,상행,22,예미,09:20:30,09:20:30,통과,태백선,월화수목금
화물,3106,상행,23,석항,09:24:30,09:24:30,통과,태백선,월화수목금
화물,3106,상행,24,연하,09:33:00,09:33:00,통과,태백선,월화수목금
화물,3106,상행,25,탄부,09:39:30,09:44:30,교행,태백선,월화수목금
화물,3106,상행,26,영월,09:48:00,09:48:00,통과,태백선,월화수목금
화물,3106,상행,27,청령포,09:52:00,10:10:00,교행,태백선,월화수목금
화물,3106,상행,28,연당,10:17:30,10:37:30,교행,태백선,월화수목금
화물,3106,상행,29,쌍룡,10:47:30,10:47:30,통과,태백선,월화수목금
화물,3106,상행,30,입석리,10:53:30,10:53:30,통과,태백선,월화수목금
화물,3106,상행,31,제천,11:12:00,11:51:00,동력차교체,태백선,월화수목금
화물,3106,상행,32,제천조,11:57:00,12:17:00,화물취급,중앙선,월화수목금
화물,3106,상행,33,봉양,12:22:30,12:22:30,통과,중앙선,월화수목금
화물,3106,상행,34,공전,12:30:30,12:30:30,통과,충북선,월화수목금
화물,3106,상행,35,삼탄,12:35:30,12:35:30,통과,충북선,월화수목금
화물,3106,상행,36,동량,12:42:30,12:42:30,통과,충북선,월화수목금
화물,3106,상행,37,목행,12:46:30,12:46:30,통과,충북선,월화수목금
화물,3106,상행,38,충주,12:51:30,12:51:30,통과,충북선,월화수목금
화물,3106,상행,39,달천,12:55:00,12:55:00,통과,충북선,월화수목금
화물,3106,상행,40,주덕,13:01:00,13:01:00,통과,충북선,월화수목금
화물,3106,상행,41,소이,13:08:00,13:08:00,통과,충북선,월화수목금
화물,3106,상행,42,음성,13:12:00,13:12:00,통과,충북선,월화수목금
화물,3106,상행,43,보천,13:19:30,13:19:30,통과,충북선,월화수목금
화물,3106,상행,44,도안,13:27:30,13:27:30,통과,충북선,월화수목금
화물,3106,상행,45,증평,13:32:30,13:32:30,통과,충북선,월화수목금
화물,3106,상행,46,내수,13:39:30,13:39:30,통과,충북선,월화수목금
화물,3106,상행,47,청주공,13:43:30,13:43:30,통과,충북선,월화수목금
화물,3106,상행,48,오근장,13:46:00,13:46:00,통과,충북선,월화수목금
화물,3106,상행,49,청주,13:55:00,13:55:00,통과,충북선,월화수목금
화물,3106,상행,50,오송,14:01:00,14:01:00,통과,충북선,월화수목금
화물,3106,상행,51,서창,14:07:00,14:07:00,통과,오송선,월화수목금
화물,3106,상행,52,전동,14:11:00,14:11:00,통과,경부선,월화수목금
화물,3106,상행,53,전의,14:16:30,14:16:30,통과,경부선,월화수목금
화물,3106,상행,54,소정리,14:22:00,14:22:00,통과,경부선,월화수목금
화물,3106,상행,55,천안,14:32:00,14:38:30,승무원교대,경부선,월화수목금
화물,3106,상행,56,두정,14:43:30,14:43:30,통과,경부선,월화수목금
화물,3106,상행,57,직산,14:46:30,14:46:30,통과,경부선,월화수목금
화물,3106,상행,58,성환,14:50:30,14:50:30,통과,경부선,월화수목금
화물,3106,상행,59,평택,14:57:30,14:57:30,통과,경부선,월화수목금
화물,3106,상행,60,서정리,15:03:30,15:03:30,통과,경부선,월화수목금
화물,3106,상행,61,송탄,15:05:30,15:05:30,통과,경부선,월화수목금
화물,3106,상행,62,오산,15:11:00,15:11:00,통과,경부선,월화수목금
화물,3106,상행,63,병점,15:16:30,15:16:30,통과,경부선,월화수목금
화물,3106,상행,64,수원,15:22:00,15:22:00,통과,경부선,월화수목금
화물,3106,상행,65,의왕,15:30:00,15:30:00,통과,경부선,월화수목금
화물,3106,상행,66,군포,15:33:00,15:33:00,통과,경부선,월화수목금
화물,3106,상행,67,안양,15:37:30,15:37:30,통과,경부선,월화수목금
화물,3106,상행,68,금천구,15:42:30,15:42:30,통과,경부선,월화수목금
화물,3106,상행,69,영등포,15:49:30,15:49:30,통과,경부선,월화수목금
화물,3106,상행,70,노량진,15:53:00,15:53:00,통과,경부선,월화수목금
화물,3106,상행,71,용산,15:57:30,15:57:30,통과,경부선,월화수목금
화물,3106,상행,72,서울,16:02:30,16:18:30,운전취급,경부선,월화수목금
화물,3106,상행,73,신촌,16:24:00,16:24:00,통과,경의선,월화수목금
화물,3106,상행,74,가좌,16:28:00,16:28:00,통과,경의선,월화수목금
화물,3106,상행,75,디엠시,16:31:00,16:31:00,통과,경의선,월화수목금
화물,3106,상행,76,수색,16:34:00,16:34:00,종착,경의선,월화수목금
화물,3121,하행,1,오봉,05:40:00,05:40:00,시발,남부화물기,매일
화물,3121,하행,2,의왕,05:49:00,05:49:00,통과,남부화물기,매일
화물,3121,하행,3,수원,05:58:30,05:58:30,통과,경부선,매일
화물,3121,하행,4,병점,06:03:30,06:03:30,통과,경부선,매일
화물,3121,하행,5,오산,06:09:30,06:09:30,통과,경부선,매일
화물,3121,하행,6,송탄,06:15:30,06:15:30,통과,경부선,매일
화물,3121,하행,7,서정리,06:17:30,06:17:30,통과,경부선,매일
화물,3121,하행,8,평택,06:23:30,06:23:30,통과,경부선,매일
화물,3121,하행,9,성환,06:30:30,06:30:30,통과,경부선,매일
화물,3121,하행,10,직산,06:34:30,06:34:30,통과,경부선,매일
화물,3121,하행,11,두정,06:37:30,06:37:30,통과,경부선,매일
화물,3121,하행,12,천안,06:41:00,06:45:00,승무원교대,경부선,매일
화물,3121,하행,13,소정리,06:54:00,06:54:00,통과,경부선,매일
화물,3121,하행,14,전의,06:59:30,06:59:30,통과,경부선,매일
화물,3121,하행,15,전동,07:05:00,07:05:00,통과,경부선,매일
화물,3121,하행,16,서창,07:08:00,07:08:00,통과,경부선,매일
화물,3121,하행,17,오송,07:14:00,07:14:00,통과,오송선,매일
화물,3121,하행,18,청주,07:21:00,07:21:00,통과,충북선,매일
화물,3121,하행,19,오근장,07:30:00,07:30:00,통과,충북선,매일
화물,3121,하행,20,청주공,07:32:30,07:32:30,통과,충북선,매일
화물,3121,하행,21,내수,07:36:30,07:36:30,통과,충북선,매일
화물,3121,하행,22,증평,07:43:30,07:43:30,통과,충북선,매일
화물,3121,하행,23,도안,07:48:30,07:48:30,통과,충북선,매일
화물,3121,하행,24,보천,07:56:30,07:56:30,통과,충북선,매일
화물,3121,하행,25,음성,08:04:00,08:04:00,통과,충북선,매일
화물,3121,하행,26,소이,08:08:00,08:08:00,통과,충북선,매일
화물,3121,하행,27,주덕,08:15:00,08:15:00,통과,충북선,매일
화물,3121,하행,28,달천,08:21:00,08:21:00,통과,충북선,매일
화물,3121,하행,29,충주,08:24:30,08:24:30,통과,충북선,매일
화물,3121,하행,30,목행,08:29:30,08:29:30,통과,충북선,매일
화물,3121,하행,31,동량,08:33:30,08:33:30,통과,충북선,매일
화물,3121,하행,32,삼탄,08:40:30,08:40:30,통과,충북선,매일
화물,3121,하행,33,공전,08:45:30,08:45:30,통과,충북선,매일
화물,3121,하행,34,봉양,08:52:30,08:52:30,통과,충북선,매일
화물,3121,하행,35,제천조,08:58:00,08:58:00,종착,중앙선,매일
화물,3122,상행,1,도담,06:16:00,06:16:00,시발,중앙선,매일
화물,3122,상행,2,삼곡,06:24:00,06:24:00,통과,중앙선,매일
화물,3122,상행,3,고명,06:29:30,06:29:30,통과,중앙선,매일
화물,3122,상행,4,제천,06:35:00,06:38:00,승무원교대,중앙선,매일
화물,3122,상행,5,제천조,06:43:00,06:43:00,통과,중앙선,매일
화물,3122,상행,6,봉양,06:47:30,06:47:30,통과,중앙선,매일
화물,3122,상행,7,공전,06:55:30,06:55:30,통과,충북선,매일
화물,3122,상행,8,삼탄,07:00:30,07:00:30,통과,충북선,매일
화물,3122,상행,9,동량,07:07:30,07:07:30,통과,충북선,매일
화물,3122,상행,10,목행,07:11:30,07:11:30,통과,충북선,매일
화물,3122,상행,11,충주,07:16:30,07:16:30,통과,충북선,매일
화물,3122,상행,12,달천,07:20:00,07:20:00,통과,충북선,매일
화물,3122,상행,13,주덕,07:26:00,07:26:00,통과,충북선,매일
화물,3122,상행,14,소이,07:33:00,07:33:00,통과,충북선,매일
화물,3122,상행,15,음성,07:37:00,07:37:00,통과,충북선,매일
화물,3122,상행,16,보천,07:44:30,07:44:30,통과,충북선,매일
화물,3122,상행,17,도안,07:52:30,07:52:30,통과,충북선,매일
화물,3122,상행,18,증평,07:57:30,07:57:30,통과,충북선,매일
화물,3122,상행,19,내수,08:04:30,08:04:30,통과,충북선,매일
화물,3122,상행,20,청주공,08:08:30,08:08:30,통과,충북선,매일
화물,3122,상행,21,오근장,08:11:00,08:11:00,통과,충북선,매일
화물,3122,상행,22,청주,08:20:00,08:20:00,통과,충북선,매일
화물,3122,상행,23,오송,08:26:00,08:26:00,통과,충북선,매일
화물,3122,상행,24,서창,08:33:00,08:40:00,대피,오송선,매일
화물,3122,상행,25,전동,08:44:30,08:44:30,통과,경부선,매일
화물,3122,상행,26,전의,08:50:30,08:50:30,통과,경부선,매일
화물,3122,상행,27,소정리,08:56:30,08:56:30,통과,경부선,매일
화물,3122,상행,28,천안,09:07:00,09:10:00,승무원교대,경부선,매일
화물,3122,상행,29,두정,09:14:30,09:14:30,통과,경부선,매일
화물,3122,상행,30,직산,09:17:30,09:17:30,통과,경부선,매일
화물,3122,상행,31,성환,09:21:30,09:21:30,통과,경부선,매일
화물,3122,상행,32,평택,09:28:30,09:28:30,통과,경부선,매일
화물,3122,상행,33,서정리,09:35:00,09:35:00,통과,경부선,매일
화물,3122,상행,34,송탄,09:37:00,09:37:00,통과,경부선,매일
화물,3122,상행,35,오산,09:44:30,09:49:30,대피,경부선,매일
화물,3122,상행,36,병점,09:57:00,09:57:00,통과,경부선,매일
화물,3122,상행,37,수원,10:02:30,10:02:30,통과,경부선,매일
화물,3122,상행,38,의왕,10:10:30,10:10:30,통과,경부선,매일
화물,3122,상행,39,오봉,10:18:00,10:18:00,종착,남부화물기,매일
화물,3123,하행,1,오봉,05:26:00,05:26:00,시발,남부화물기,월화수목금
화물,3123,하행,2,의왕,05:35:00,05:35:00,통과,남부화물기,월화수목금
화물,3123,하행,3,수원,05:44:30,05:44:30,통과,경부선,월화수목금
화물,3123,하행,4,병점,05:49:30,05:49:30,통과,경부선,월화수목금
화물,3123,하행,5,오산,05:56:00,06:00:00,대피,경부선,월화수목금
화물,3123,하행,6,송탄,06:06:30,06:06:30,통과,경부선,월화수목금
화물,3123,하행,7,서정리,06:08:30,06:08:30,통과,경부선,월화수목금
화물,3123,하행,8,평택,06:14:30,06:14:30,통과,경부선,월화수목금
화물,3123,하행,9,성환,06:21:30,06:21:30,통과,경부선,월화수목금
화물,3123,하행,10,직산,06:25:30,06:25:30,통과,경부선,월화수목금
화물,3123,하행,11,두정,06:28:30,06:28:30,통과,경부선,월화수목금
화물,3123,하행,12,천안,06:32:00,06:34:00,승무원교대,경부선,월화수목금
화물,3123,하행,13,소정리,06:43:00,06:43:00,통과,경부선,월화수목금
화물,3123,하행,14,전의,06:48:30,06:48:30,통과,경부선,월화수목금
화물,3123,하행,15,전동,06:54:00,06:54:00,통과,경부선,월화수목금
화물,3123,하행,16,서창,06:57:00,06:57:00,통과,경부선,월화수목금
화물,3123,하행,17,오송,07:03:00,07:03:00,통과,오송선,월화수목금
화물,3123,하행,18,청주,07:10:00,07:10:00,통과,충북선,월화수목금
화물,3123,하행,19,오근장,07:19:00,07:19:00,통과,충북선,월화수목금
화물,3123,하행,20,청주공,07:21:30,07:21:30,통과,충북선,월화수목금
화물,3123,하행,21,내수,07:25:30,07:25:30,통과,충북선,월화수목금
화물,3123,하행,22,증평,07:32:30,07:32:30,통과,충북선,월화수목금
화물,3123,하행,23,도안,07:37:30,07:37:30,통과,충북선,월화수목금
화물,3123,하행,24,보천,07:45:30,07:45:30,통과,충북선,월화수목금
화물,3123,하행,25,음성,07:53:00,07:53:00,통과,충북선,월화수목금
화물,3123,하행,26,소이,07:57:00,07:57:00,통과,충북선,월화수목금
화물,3123,하행,27,주덕,08:04:00,08:04:00,통과,충북선,월화수목금
화물,3123,하행,28,달천,08:10:00,08:10:00,통과,충북선,월화수목금
화물,3123,하행,29,충주,08:13:30,08:13:30,통과,충북선,월화수목금
화물,3123,하행,30,목행,08:18:30,08:18:30,통과,충북선,월화수목금
화물,3123,하행,31,동량,08:22:30,08:22:30,통과,충북선,월화수목금
화물,3123,하행,32,삼탄,08:29:30,08:29:30,통과,충북선,월화수목금
화물,3123,하행,33,공전,08:34:30,08:34:30,통과,충북선,월화수목금
화물,3123,하행,34,봉양,08:41:30,08:41:30,통과,충북선,월화수목금
화물,3123,하행,35,제천조,08:46:00,08:46:00,통과,중앙선,월화수목금
화물,3123,하행,36,제천,08:51:00,08:59:00,승무원교대,중앙선,월화수목금
화물,3123,하행,37,고명,09:04:30,09:04:30,통과,중앙선,월화수목금
화물,3123,하행,38,삼곡,09:10:00,09:10:00,통과,중앙선,월화수목금
화물,3123,하행,39,도담,09:18:00,09:18:00,종착,중앙선,월화수목금
화물,3125,하행,1,오봉,08:35:00,08:35:00,시발,남부화물기,매일
화물,3125,하행,2,의왕,08:44:00,08:44:00,통과,남부화물기,매일
화물,3125,하행,3,수원,08:53:00,08:53:00,통과,경부선,매일
화물,3125,하행,4,병점,08:58:00,08:58:00,통과,경부선,매일
화물,3125,하행,5,오산,09:03:30,09:03:30,통과,경부선,매일
화물,3125,하행,6,송탄,09:09:00,09:09:00,통과,경부선,매일
화물,3125,하행,7,서정리,09:11:00,09:11:00,통과,경부선,매일
화물,3125,하행,8,평택,09:18:00,09:22:00,대피,경부선,매일
화물,3125,하행,9,성환,09:30:00,09:30:00,통과,경부선,매일
화물,3125,하행,10,직산,09:34:00,09:34:00,통과,경부선,매일
화물,3125,하행,11,두정,09:37:00,09:37:00,통과,경부선,매일
화물,3125,하행,12,천안,09:41:00,09:56:00,승무원교대,경부선,매일
화물,3125,하행,13,소정리,10:06:00,10:06:00,통과,경부선,매일
화물,3125,하행,14,전의,10:11:30,10:11:30,통과,경부선,매일
화물,3125,하행,15,전동,10:17:00,10:17:00,통과,경부선,매일
화물,3125,하행,16,서창,10:20:00,10:20:00,통과,경부선,매일
화물,3125,하행,17,오송,10:26:00,10:26:00,통과,오송선,매일
화물,3125,하행,18,청주,10:33:00,10:33:00,통과,충북선,매일
화물,3125,하행,19,오근장,10:42:00,10:42:00,통과,충북선,매일
화물,3125,하행,20,청주공,10:44:30,10:44:30,통과,충북선,매일
화물,3125,하행,21,내수,10:48:30,10:48:30,통과,충북선,매일
화물,3125,하행,22,증평,10:55:30,10:55:30,통과,충북선,매일
화물,3125,하행,23,도안,11:00:30,11:00:30,통과,충북선,매일
화물,3125,하행,24,보천,11:08:30,11:08:30,통과,충북선,매일
화물,3125,하행,25,음성,11:16:00,11:16:00,통과,충북선,매일
화물,3125,하행,26,소이,11:20:00,11:20:00,통과,충북선,매일
화물,3125,하행,27,주덕,11:27:00,11:27:00,통과,충북선,매일
화물,3125,하행,28,달천,11:33:00,11:33:00,통과,충북선,매일
화물,3125,하행,29,충주,11:36:30,11:36:30,통과,충북선,매일
화물,3125,하행,30,목행,11:41:30,11:41:30,통과,충북선,매일
화물,3125,하행,31,동량,11:45:30,11:45:30,통과,충북선,매일
화물,3125,하행,32,삼탄,11:52:30,11:52:30,통과,충북선,매일
화물,3125,하행,33,공전,11:57:30,11:57:30,통과,충북선,매일
화물,3125,하행,34,봉양,12:04:30,12:04:30,통과,충북선,매일
화물,3125,하행,35,제천조,12:09:00,12:09:00,통과,중앙선,매일
화물,3125,하행,36,제천,12:14:00,12:16:00,승무원교대,중앙선,매일
화물,3125,하행,37,고명,12:21:30,12:21:30,통과,중앙선,매일
화물,3125,하행,38,삼곡,12:27:00,12:27:00,통과,중앙선,매일
화물,3125,하행,39,도담,12:35:00,12:35:00,종착,중앙선,매일
화물,3126,상행,1,입석리,08:00:00,08:00:00,시발,태백선,매일
화물,3126,상행,2,제천,08:20:00,08:24:00,승무원교대,태백선,매일
화물,3126,상행,3,제천조,08:29:00,08:29:00,통과,중앙선,매일
화물,3126,상행,4,봉양,08:33:30,08:33:30,통과,중앙선,매일
화물,3126,상행,5,공전,08:41:30,08:41:30,통과,충북선,매일
화물,3126,상행,6,삼탄,08:46:30,08:46:30,통과,충북선,매일
화물,3126,상행,7,동량,08:53:30,08:53:30,통과,충북선,매일
화물,3126,상행,8,목행,08:57:30,08:57:30,통과,충북선,매일
화물,3126,상행,9,충주,09:02:30,09:02:30,통과,충북선,매일
화물,3126,상행,10,달천,09:06:00,09:06:00,통과,충북선,매일
화물,3126,상행,11,주덕,09:12:00,09:12:00,통과,충북선,매일
화물,3126,상행,12,소이,09:19:00,09:19:00,통과,충북선,매일
화물,3126,상행,13,음성,09:23:00,09:23:00,통과,충북선,매일
화물,3126,상행,14,보천,09:30:30,09:30:30,통과,충북선,매일
화물,3126,상행,15,도안,09:38:30,09:38:30,통과,충북선,매일
화물,3126,상행,16,증평,09:43:30,09:43:30,통과,충북선,매일
화물,3126,상행,17,내수,09:50:30,09:50:30,통과,충북선,매일
화물,3126,상행,18,청주공,09:54:30,09:54:30,통과,충북선,매일
화물,3126,상행,19,오근장,09:57:00,09:57:00,통과,충북선,매일
화물,3126,상행,20,청주,10:06:00,10:06:00,통과,충북선,매일
화물,3126,상행,21,오송,10:12:00,10:12:00,통과,충북선,매일
화물,3126,상행,22,서창,10:18:30,10:18:30,통과,오송선,매일
화물,3126,상행,23,전동,10:22:00,10:22:00,통과,경부선,매일
화물,3126,상행,24,전의,10:27:30,10:27:30,통과,경부선,매일
화물,3126,상행,25,소정리,10:33:00,10:33:00,통과,경부선,매일
화물,3126,상행,26,천안,10:43:00,10:55:00,승무원교대,경부선,매일
화물,3126,상행,27,두정,10:59:00,10:59:00,통과,경부선,매일
화물,3126,상행,28,직산,11:02:00,11:02:00,통과,경부선,매일
화물,3126,상행,29,성환,11:07:30,11:12:30,대피,경부선,매일
화물,3126,상행,30,평택,11:21:00,11:21:00,통과,경부선,매일
화물,3126,상행,31,서정리,11:27:00,11:27:00,통과,경부선,매일
화물,3126,상행,32,송탄,11:29:00,11:29:00,통과,경부선,매일
화물,3126,상행,33,오산,11:34:30,11:34:30,통과,경부선,매일
화물,3126,상행,34,병점,11:40:00,11:40:00,통과,경부선,매일
화물,3126,상행,35,수원,11:45:00,11:45:00,통과,경부선,매일
화물,3126,상행,36,의왕,11:52:00,11:52:00,통과,경부선,매일
화물,3126,상행,37,오봉,12:01:00,12:01:00,종착,남부화물기,매일
근거리,Y3126,상행,1,제천,07:17:00,07:17:00,시발,태백선,매일
근거리,Y3126,상행,2,입석리,07:30:00,07:30:00,종착,태백선,매일
화물,3128,상행,1,제천조,09:57:00,09:57:00,시발,중앙선,매일
화물,3128,상행,2,봉양,10:02:30,10:02:30,통과,중앙선,매일
화물,3128,상행,3,공전,10:10:30,10:10:30,통과,충북선,매일
화물,3128,상행,4,삼탄,10:15:30,10:15:30,통과,충북선,매일
화물,3128,상행,5,동량,10:22:30,10:22:30,통과,충북선,매일
화물,3128,상행,6,목행,10:26:30,10:26:30,통과,충북선,매일
화물,3128,상행,7,충주,10:31:30,10:31:30,통과,충북선,매일
화물,3128,상행,8,달천,10:35:00,10:35:00,통과,충북선,매일
화물,3128,상행,9,주덕,10:41:00,10:41:00,통과,충북선,매일
화물,3128,상행,10,소이,10:48:00,10:48:00,통과,충북선,매일
화물,3128,상행,11,음성,10:52:00,10:52:00,통과,충북선,매일
화물,3128,상행,12,보천,10:59:30,10:59:30,통과,충북선,매일
화물,3128,상행,13,도안,11:07:30,11:07:30,통과,충북선,매일
화물,3128,상행,14,증평,11:12:30,11:12:30,통과,충북선,매일
화물,3128,상행,15,내수,11:19:30,11:19:30,통과,충북선,매일
화물,3128,상행,16,청주공,11:23:30,11:23:30,통과,충북선,매일
화물,3128,상행,17,오근장,11:26:00,11:26:00,통과,충북선,매일
화물,3128,상행,18,청주,11:35:00,11:35:00,통과,충북선,매일
화물,3128,상행,19,오송,11:41:00,11:41:00,통과,충북선,매일
화물,3128,상행,20,서창,11:47:00,11:47:00,통과,오송선,매일
화물,3128,상행,21,전동,11:50:00,11:50:00,통과,경부선,매일
화물,3128,상행,22,전의,11:56:00,11:56:00,통과,경부선,매일
화물,3128,상행,23,소정리,12:02:00,12:02:00,통과,경부선,매일
화물,3128,상행,24,천안,12:13:00,12:45:00,승무원교대,경부선,매일
화물,3128,상행,25,두정,12:49:30,12:49:30,통과,경부선,매일
화물,3128,상행,26,직산,12:52:30,12:52:30,통과,경부선,매일
화물,3128,상행,27,성환,12:56:30,12:56:30,통과,경부선,매일
화물,3128,상행,28,평택,13:03:30,13:03:30,통과,경부선,매일
화물,3128,상행,29,서정리,13:09:30,13:09:30,통과,경부선,매일
화물,3128,상행,30,송탄,13:11:30,13:11:30,통과,경부선,매일
화물,3128,상행,31,오산,13:17:00,13:17:00,통과,경부선,매일
화물,3128,상행,32,병점,13:22:30,13:22:30,통과,경부선,매일
화물,3128,상행,33,수원,13:27:30,13:27:30,통과,경부선,매일
화물,3128,상행,34,의왕,13:36:00,13:36:00,통과,경부선,매일
화물,3128,상행,35,오봉,13:45:00,13:45:00,종착,남부화물기,매일
화물,3129,하행,1,오봉,10:06:00,10:06:00,시발,남부화물기,매일
화물,3129,하행,2,의왕,10:15:00,10:15:00,통과,남부화물기,매일
화물,3129,하행,3,수원,10:24:00,10:24:00,통과,경부선,매일
화물,3129,하행,4,병점,10:29:00,10:29:00,통과,경부선,매일
화물,3129,하행,5,오산,10:35:30,10:40:30,대피,경부선,매일
화물,3129,하행,6,송탄,10:47:00,10:47:00,통과,경부선,매일
화물,3129,하행,7,서정리,10:49:00,10:49:00,통과,경부선,매일
화물,3129,하행,8,평택,10:55:00,10:55:00,통과,경부선,매일
화물,3129,하행,9,성환,11:02:00,11:02:00,통과,경부선,매일
화물,3129,하행,10,직산,11:06:00,11:06:00,통과,경부선,매일
화물,3129,하행,11,두정,11:09:00,11:09:00,통과,경부선,매일
화물,3129,하행,12,천안,11:13:00,11:34:00,화물취급,경부선,매일
화물,3129,하행,13,소정리,11:44:00,11:44:00,통과,경부선,매일
화물,3129,하행,14,전의,11:49:30,11:49:30,통과,경부선,매일
화물,3129,하행,15,전동,11:55:00,11:55:00,통과,경부선,매일
화물,3129,하행,16,서창,11:57:30,11:57:30,통과,경부선,매일
화물,3129,하행,17,오송,12:03:30,12:03:30,통과,오송선,매일
화물,3129,하행,18,청주,12:09:30,12:09:30,통과,충북선,매일
화물,3129,하행,19,오근장,12:18:00,12:18:00,통과,충북선,매일
화물,3129,하행,20,청주공,12:20:30,12:20:30,통과,충북선,매일
화물,3129,하행,21,내수,12:24:30,12:24:30,통과,충북선,매일
화물,3129,하행,22,증평,12:31:00,12:31:00,통과,충북선,매일
화물,3129,하행,23,도안,12:36:00,12:36:00,통과,충북선,매일
화물,3129,하행,24,보천,12:43:30,12:43:30,통과,충북선,매일
화물,3129,하행,25,음성,12:50:30,12:50:30,통과,충북선,매일
화물,3129,하행,26,소이,12:54:30,12:54:30,통과,충북선,매일
화물,3129,하행,27,주덕,13:01:30,13:01:30,통과,충북선,매일
화물,3129,하행,28,달천,13:07:30,13:07:30,통과,충북선,매일
화물,3129,하행,29,충주,13:11:00,13:11:00,통과,충북선,매일
화물,3129,하행,30,목행,13:16:00,13:16:00,통과,충북선,매일
화물,3129,하행,31,동량,13:20:00,13:20:00,통과,충북선,매일
화물,3129,하행,32,삼탄,13:27:00,13:27:00,통과,충북선,매일
화물,3129,하행,33,공전,13:32:00,13:32:00,통과,충북선,매일
화물,3129,하행,34,봉양,13:39:00,13:39:00,통과,충북선,매일
화물,3129,하행,35,제천조,13:45:00,14:25:00,화물취급,중앙선,매일
화물,3129,하행,36,제천,14:31:00,14:33:00,승무원교대,중앙선,매일
화물,3129,하행,37,입석리,14:53:00,14:53:00,종착,태백선,매일
화물,3130,상행,1,도담,10:26:00,10:26:00,시발,중앙선,매일
화물,3130,상행,2,삼곡,10:34:00,10:34:00,통과,중앙선,매일
화물,3130,상행,3,고명,10:39:30,10:39:30,통과,중앙선,매일
화물,3130,상행,4,제천,10:45:00,10:50:00,승무원교대,중앙선,매일
화물,3130,상행,5,제천조,10:56:00,11:20:00,화물취급,중앙선,매일
화물,3130,상행,6,봉양,11:25:30,11:25:30,통과,중앙선,매일
화물,3130,상행,7,공전,11:33:30,11:33:30,통과,충북선,매일
화물,3130,상행,8,삼탄,11:38:30,11:38:30,통과,충북선,매일
화물,3130,상행,9,동량,11:45:30,11:45:30,통과,충북선,매일
화물,3130,상행,10,목행,11:49:30,11:49:30,통과,충북선,매일
화물,3130,상행,11,충주,11:54:30,11:54:30,통과,충북선,매일
화물,3130,상행,12,달천,11:58:00,11:58:00,통과,충북선,매일
화물,3130,상행,13,주덕,12:04:00,12:04:00,통과,충북선,매일
화물,3130,상행,14,소이,12:11:00,12:11:00,통과,충북선,매일
화물,3130,상행,15,음성,12:15:00,12:15:00,통과,충북선,매일
화물,3130,상행,16,보천,12:22:30,12:22:30,통과,충북선,매일
화물,3130,상행,17,도안,12:30:30,12:30:30,통과,충북선,매일
화물,3130,상행,18,증평,12:35:30,12:35:30,통과,충북선,매일
화물,3130,상행,19,내수,12:42:30,12:42:30,통과,충북선,매일
화물,3130,상행,20,청주공,12:46:30,12:46:30,통과,충북선,매일
화물,3130,상행,21,오근장,12:49:00,12:49:00,통과,충북선,매일
화물,3130,상행,22,청주,12:58:00,12:58:00,통과,충북선,매일
화물,3130,상행,23,오송,13:04:00,13:04:00,통과,충북선,매일
화물,3130,상행,24,서창,13:10:00,13:10:00,통과,오송선,매일
화물,3130,상행,25,전동,13:13:00,13:13:00,통과,경부선,매일
화물,3130,상행,26,전의,13:19:00,13:19:00,통과,경부선,매일
화물,3130,상행,27,소정리,13:25:00,13:25:00,통과,경부선,매일
화물,3130,상행,28,천안,13:35:00,13:39:00,승무원교대,경부선,매일
화물,3130,상행,29,두정,13:44:00,13:44:00,통과,경부선,매일
화물,3130,상행,30,직산,13:47:00,13:47:00,통과,경부선,매일
화물,3130,상행,31,성환,13:51:30,13:51:30,통과,경부선,매일
화물,3130,상행,32,평택,13:58:30,13:58:30,통과,경부선,매일
화물,3130,상행,33,서정리,14:04:30,14:04:30,통과,경부선,매일
화물,3130,상행,34,송탄,14:06:30,14:06:30,통과,경부선,매일
화물,3130,상행,35,오산,14:12:00,14:12:00,통과,경부선,매일
화물,3130,상행,36,병점,14:17:30,14:17:30,통과,경부선,매일
화물,3130,상행,37,수원,14:22:30,14:22:30,통과,경부선,매일
화물,3130,상행,38,의왕,14:31:00,14:31:00,통과,경부선,매일
화물,3130,상행,39,오봉,14:40:00,14:40:00,종착,남부화물기,매일
화물,3132,상행,1,도담,10:54:00,10:54:00,시발,중앙선,매일
화물,3132,상행,2,삼곡,11:02:00,11:02:00,통과,중앙선,매일
화물,3132,상행,3,고명,11:07:30,11:07:30,통과,중앙선,매일
화물,3132,상행,4,제천,11:13:00,11:17:00,승무원교대,중앙선,매일
화물,3132,상행,5,제천조,11:23:00,11:48:00,화물취급,중앙선,매일
화물,3132,상행,6,봉양,11:53:30,11:53:30,통과,중앙선,매일
화물,3132,상행,7,공전,12:01:30,12:01:30,통과,충북선,매일
화물,3132,상행,8,삼탄,12:06:30,12:06:30,통과,충북선,매일
화물,3132,상행,9,동량,12:13:30,12:13:30,통과,충북선,매일
화물,3132,상행,10,목행,12:17:30,12:17:30,통과,충북선,매일
화물,3132,상행,11,충주,12:22:30,12:22:30,통과,충북선,매일
화물,3132,상행,12,달천,12:26:00,12:26:00,통과,충북선,매일
화물,3132,상행,13,주덕,12:32:00,12:32:00,통과,충북선,매일
화물,3132,상행,14,소이,12:39:00,12:39:00,통과,충북선,매일
화물,3132,상행,15,음성,12:43:00,12:43:00,통과,충북선,매일
화물,3132,상행,16,보천,12:50:30,12:50:30,통과,충북선,매일
화물,3132,상행,17,도안,12:58:30,12:58:30,통과,충북선,매일
화물,3132,상행,18,증평,13:03:30,13:03:30,통과,충북선,매일
화물,3132,상행,19,내수,13:10:30,13:10:30,통과,충북선,매일
화물,3132,상행,20,청주공,13:14:30,13:14:30,통과,충북선,매일
화물,3132,상행,21,오근장,13:17:00,13:17:00,통과,충북선,매일
화물,3132,상행,22,청주,13:26:00,13:26:00,통과,충북선,매일
화물,3132,상행,23,오송,13:32:00,13:32:00,통과,충북선,매일
화물,3132,상행,24,서창,13:39:00,13:39:00,통과,오송선,매일
화물,3132,상행,25,전동,13:42:00,13:42:00,통과,경부선,매일
화물,3132,상행,26,전의,13:47:30,13:47:30,통과,경부선,매일
화물,3132,상행,27,소정리,13:53:00,13:53:00,통과,경부선,매일
화물,3132,상행,28,천안,14:03:00,14:08:00,승무원교대,경부선,매일
화물,3132,상행,29,두정,14:12:30,14:12:30,통과,경부선,매일
화물,3132,상행,30,직산,14:17:00,14:27:00,대피,경부선,매일
화물,3132,상행,31,성환,14:32:30,14:32:30,통과,경부선,매일
화물,3132,상행,32,평택,14:39:30,14:39:30,통과,경부선,매일
화물,3132,상행,33,서정리,14:45:30,14:45:30,통과,경부선,매일
화물,3132,상행,34,송탄,14:47:30,14:47:30,통과,경부선,매일
화물,3132,상행,35,오산,14:54:00,15:04:00,대피,경부선,매일
화물,3132,상행,36,병점,15:10:30,15:10:30,통과,경부선,매일
화물,3132,상행,37,수원,15:15:30,15:15:30,통과,경부선,매일
화물,3132,상행,38,의왕,15:24:00,15:24:00,통과,경부선,매일
화물,3132,상행,39,오봉,15:33:00,15:33:00,종착,남부화물기,매일
화물,3133,하행,1,오봉,09:56:00,09:56:00,시발,남부화물기,월화수목금
화물,3133,하행,2,의왕,10:05:00,10:05:00,통과,남부화물기,월화수목금
화물,3133,하행,3,수원,10:15:00,11:45:00,화물취급,경부선,월화수목금
화물,3133,하행,4,병점,11:52:00,11:52:00,통과,경부선,월화수목금
화물,3133,하행,5,오산,11:58:00,11:58:00,통과,경부선,월화수목금
화물,3133,하행,6,송탄,12:04:00,12:04:00,통과,경부선,월화수목금
화물,3133,하행,7,서정리,12:06:00,12:06:00,통과,경부선,월화수목금
화물,3133,하행,8,평택,12:12:30,12:12:30,통과,경부선,월화수목금
화물,3133,하행,9,성환,12:19:30,12:19:30,통과,경부선,월화수목금
화물,3133,하행,10,직산,12:24:00,12:24:00,통과,경부선,월화수목금
화물,3133,하행,11,두정,12:27:00,12:27:00,통과,경부선,월화수목금
화물,3133,하행,12,천안,12:31:00,12:51:00,승무원교대,경부선,월화수목금
화물,3133,하행,13,소정리,13:01:00,13:01:00,통과,경부선,월화수목금
화물,3133,하행,14,전의,13:07:00,13:07:00,통과,경부선,월화수목금
화물,3133,하행,15,전동,13:13:00,13:13:00,통과,경부선,월화수목금
화물,3133,하행,16,서창,13:16:00,13:16:00,통과,경부선,월화수목금
화물,3133,하행,17,오송,13:22:00,13:22:00,통과,오송선,월화수목금
화물,3133,하행,18,청주,13:29:00,13:29:00,통과,충북선,월화수목금
화물,3133,하행,19,오근장,13:38:00,13:38:00,통과,충북선,월화수목금
화물,3133,하행,20,청주공,13:40:30,13:40:30,통과,충북선,월화수목금
화물,3133,하행,21,내수,13:44:30,13:44:30,통과,충북선,월화수목금
화물,3133,하행,22,증평,13:51:30,13:51:30,통과,충북선,월화수목금
화물,3133,하행,23,도안,13:56:30,13:56:30,통과,충북선,월화수목금
화물,3133,하행,24,보천,14:04:00,14:04:00,통과,충북선,월화수목금
화물,3133,하행,25,음성,14:11:00,14:11:00,통과,충북선,월화수목금
화물,3133,하행,26,소이,14:15:00,14:15:00,통과,충북선,월화수목금
화물,3133,하행,27,주덕,14:22:00,14:22:00,통과,충북선,월화수목금
화물,3133,하행,28,달천,14:28:00,14:28:00,통과,충북선,월화수목금
화물,3133,하행,29,충주,14:31:30,14:31:30,통과,충북선,월화수목금
화물,3133,하행,30,목행,14:36:30,14:36:30,통과,충북선,월화수목금
화물,3133,하행,31,동량,14:40:30,14:40:30,통과,충북선,월화수목금
화물,3133,하행,32,삼탄,14:47:30,14:47:30,통과,충북선,월화수목금
화물,3133,하행,33,공전,14:52:30,14:52:30,통과,충북선,월화수목금
화물,3133,하행,34,봉양,14:59:30,14:59:30,통과,충북선,월화수목금
화물,3133,하행,35,제천조,15:05:00,15:45:00,화물취급,중앙선,월화수목금
화물,3133,하행,36,제천,15:51:00,15:54:00,승무원교대,중앙선,월화수목금
화물,3133,하행,37,입석리,16:14:00,16:14:00,종착,태백선,월화수목금
화물,3135,하행,1,오봉,12:04:00,12:04:00,시발,남부화물기,매일
화물,3135,하행,2,의왕,12:13:00,12:13:00,통과,남부화물기,매일
화물,3135,하행,3,수원,12:22:00,12:22:00,통과,경부선,매일
화물,3135,하행,4,병점,12:27:00,12:27:00,통과,경부선,매일
화물,3135,하행,5,오산,12:32:30,12:32:30,통과,경부선,매일
화물,3135,하행,6,송탄,12:38:00,12:38:00,통과,경부선,매일
화물,3135,하행,7,서정리,12:40:00,12:40:00,통과,경부선,매일
화물,3135,하행,8,평택,12:46:00,12:46:00,통과,경부선,매일
화물,3135,하행,9,성환,12:53:00,12:53:00,통과,경부선,매일
화물,3135,하행,10,직산,12:57:00,12:57:00,통과,경부선,매일
화물,3135,하행,11,두정,13:00:00,13:00:00,통과,경부선,매일
화물,3135,하행,12,천안,13:04:00,13:35:00,화물취급,경부선,매일
화물,3135,하행,13,소정리,13:45:00,13:45:00,통과,경부선,매일
화물,3135,하행,14,전의,13:50:30,13:50:30,통과,경부선,매일
화물,3135,하행,15,전동,13:56:00,13:56:00,통과,경부선,매일
화물,3135,하행,16,서창,13:59:00,13:59:00,통과,경부선,매일
화물,3135,하행,17,오송,14:05:00,14:05:00,통과,오송선,매일
화물,3135,하행,18,청주,14:12:00,14:12:00,통과,충북선,매일
화물,3135,하행,19,오근장,14:21:00,14:21:00,통과,충북선,매일
화물,3135,하행,20,청주공,14:23:30,14:23:30,통과,충북선,매일
화물,3135,하행,21,내수,14:27:30,14:27:30,통과,충북선,매일
화물,3135,하행,22,증평,14:34:30,14:34:30,통과,충북선,매일
화물,3135,하행,23,도안,14:39:30,14:39:30,통과,충북선,매일
화물,3135,하행,24,보천,14:47:30,14:47:30,통과,충북선,매일
화물,3135,하행,25,음성,14:55:00,14:55:00,통과,충북선,매일
화물,3135,하행,26,소이,14:59:00,14:59:00,통과,충북선,매일
화물,3135,하행,27,주덕,15:06:00,15:06:00,통과,충북선,매일
화물,3135,하행,28,달천,15:12:00,15:12:00,통과,충북선,매일
화물,3135,하행,29,충주,15:15:30,15:15:30,통과,충북선,매일
화물,3135,하행,30,목행,15:20:30,15:20:30,통과,충북선,매일
화물,3135,하행,31,동량,15:24:30,15:24:30,통과,충북선,매일
화물,3135,하행,32,삼탄,15:31:30,15:31:30,통과,충북선,매일
화물,3135,하행,33,공전,15:36:30,15:36:30,통과,충북선,매일
화물,3135,하행,34,봉양,15:43:30,15:43:30,통과,충북선,매일
화물,3135,하행,35,제천조,15:49:00,16:28:00,화물취급,중앙선,매일
화물,3135,하행,36,제천,16:34:00,16:40:00,승무원교대,중앙선,매일
화물,3135,하행,37,고명,16:45:00,16:45:00,통과,중앙선,매일
화물,3135,하행,38,삼곡,16:52:00,16:52:00,통과,중앙선,매일
화물,3135,하행,39,도담,17:00:00,17:00:00,종착,중앙선,매일
화물,3138,상행,1,입석리,15:41:00,15:41:00,시발,태백선,매일
화물,3138,상행,2,제천,16:01:00,16:04:30,승무원교대,태백선,매일
화물,3138,상행,3,제천조,16:10:30,16:35:30,화물취급,중앙선,매일
화물,3138,상행,4,봉양,16:41:00,16:41:00,통과,중앙선,매일
화물,3138,상행,5,공전,16:49:00,16:49:00,통과,충북선,매일
화물,3138,상행,6,삼탄,16:54:00,16:54:00,통과,충북선,매일
화물,3138,상행,7,동량,17:01:00,17:01:00,통과,충북선,매일
화물,3138,상행,8,목행,17:05:00,17:05:00,통과,충북선,매일
화물,3138,상행,9,충주,17:10:00,17:10:00,통과,충북선,매일
화물,3138,상행,10,달천,17:13:30,17:13:30,통과,충북선,매일
화물,3138,상행,11,주덕,17:19:30,17:19:30,통과,충북선,매일
화물,3138,상행,12,소이,17:26:30,17:26:30,통과,충북선,매일
화물,3138,상행,13,음성,17:30:30,17:30:30,통과,충북선,매일
화물,3138,상행,14,보천,17:38:00,17:38:00,통과,충북선,매일
화물,3138,상행,15,도안,17:46:00,17:46:00,통과,충북선,매일
화물,3138,상행,16,증평,17:51:00,17:51:00,통과,충북선,매일
화물,3138,상행,17,내수,17:58:00,17:58:00,통과,충북선,매일
화물,3138,상행,18,청주공,18:02:00,18:02:00,통과,충북선,매일
화물,3138,상행,19,오근장,18:04:30,18:04:30,통과,충북선,매일
화물,3138,상행,20,청주,18:13:30,18:13:30,통과,충북선,매일
화물,3138,상행,21,오송,18:19:30,18:19:30,통과,충북선,매일
화물,3138,상행,22,서창,18:25:30,18:25:30,통과,오송선,매일
화물,3138,상행,23,전동,18:28:30,18:28:30,통과,경부선,매일
화물,3138,상행,24,전의,18:34:00,18:34:00,통과,경부선,매일
화물,3138,상행,25,소정리,18:39:30,18:39:30,통과,경부선,매일
화물,3138,상행,26,천안,18:49:30,18:55:00,승무원교대,경부선,매일
화물,3138,상행,27,두정,18:59:30,18:59:30,통과,경부선,매일
화물,3138,상행,28,직산,19:02:30,19:02:30,통과,경부선,매일
화물,3138,상행,29,성환,19:06:30,19:06:30,통과,경부선,매일
화물,3138,상행,30,평택,19:13:30,19:13:30,통과,경부선,매일
화물,3138,상행,31,서정리,19:19:30,19:19:30,통과,경부선,매일
화물,3138,상행,32,송탄,19:21:30,19:21:30,통과,경부선,매일
화물,3138,상행,33,오산,19:27:00,19:27:00,통과,경부선,매일
화물,3138,상행,34,병점,19:32:30,19:32:30,통과,경부선,매일
화물,3138,상행,35,수원,19:37:30,19:37:30,통과,경부선,매일
화물,3138,상행,36,의왕,19:46:00,19:46:00,통과,경부선,매일
화물,3138,상행,37,오봉,19:55:00,19:55:00,종착,남부화물기,매일
화물,3139,하행,1,오봉,18:02:00,18:02:00,시발,남부화물기,매일
화물,3139,하행,2,의왕,18:11:00,18:11:00,통과,남부화물기,매일
화물,3139,하행,3,수원,18:20:00,18:20:00,통과,경부선,매일
화물,3139,하행,4,병점,18:25:00,18:25:00,통과,경부선,매일
화물,3139,하행,5,오산,18:31:30,18:36:30,대피,경부선,매일
화물,3139,하행,6,송탄,18:43:00,18:43:00,통과,경부선,매일
화물,3139,하행,7,서정리,18:46:00,18:51:00,대피,경부선,매일
화물,3139,하행,8,평택,18:58:00,18:58:00,통과,경부선,매일
화물,3139,하행,9,성환,19:05:00,19:05:00,통과,경부선,매일
화물,3139,하행,10,직산,19:09:00,19:09:00,통과,경부선,매일
화물,3139,하행,11,두정,19:12:00,19:12:00,통과,경부선,매일
화물,3139,하행,12,천안,19:16:00,19:22:00,승무원교대,경부선,매일
화물,3139,하행,13,소정리,19:32:00,19:32:00,통과,경부선,매일
화물,3139,하행,14,전의,19:37:30,19:37:30,통과,경부선,매일
화물,3139,하행,15,전동,19:43:00,19:43:00,통과,경부선,매일
화물,3139,하행,16,서창,19:46:00,19:46:00,통과,경부선,매일
화물,3139,하행,17,오송,19:52:00,19:52:00,통과,오송선,매일
화물,3139,하행,18,청주,19:59:00,19:59:00,통과,충북선,매일
화물,3139,하행,19,오근장,20:08:00,20:08:00,통과,충북선,매일
화물,3139,하행,20,청주공,20:10:30,20:10:30,통과,충북선,매일
화물,3139,하행,21,내수,20:14:30,20:14:30,통과,충북선,매일
화물,3139,하행,22,증평,20:21:00,20:21:00,통과,충북선,매일
화물,3139,하행,23,도안,20:26:00,20:26:00,통과,충북선,매일
화물,3139,하행,24,보천,20:33:30,20:33:30,통과,충북선,매일
화물,3139,하행,25,음성,20:41:00,20:41:00,통과,충북선,매일
화물,3139,하행,26,소이,20:45:00,20:45:00,통과,충북선,매일
화물,3139,하행,27,주덕,20:52:00,20:52:00,통과,충북선,매일
화물,3139,하행,28,달천,20:58:00,20:58:00,통과,충북선,매일
화물,3139,하행,29,충주,21:01:30,21:01:30,통과,충북선,매일
화물,3139,하행,30,목행,21:06:30,21:06:30,통과,충북선,매일
화물,3139,하행,31,동량,21:10:30,21:10:30,통과,충북선,매일
화물,3139,하행,32,삼탄,21:17:30,21:17:30,통과,충북선,매일
화물,3139,하행,33,공전,21:22:30,21:22:30,통과,충북선,매일
화물,3139,하행,34,봉양,21:29:30,21:29:30,통과,충북선,매일
화물,3139,하행,35,제천조,21:35:00,22:26:00,화물취급,중앙선,매일
화물,3139,하행,36,제천,22:32:00,22:34:00,승무원교대,중앙선,매일
화물,3139,하행,37,입석리,22:54:00,22:54:00,종착,태백선,매일
근거리,R3139,상행,1,입석리,23:14:00,23:14:00,시발,태백선,매일
근거리,R3139,상행,2,제천,23:32:00,23:32:00,종착,태백선,매일
화물,3140,상행,1,도담,20:03:00,20:03:00,시발,중앙선,월화수목금
화물,3140,상행,2,삼곡,20:11:00,20:11:00,통과,중앙선,월화수목금
화물,3140,상행,3,고명,20:16:30,20:16:30,통과,중앙선,월화수목금
화물,3140,상행,4,제천,20:22:00,20:27:00,승무원교대,중앙선,월화수목금
화물,3140,상행,5,제천조,20:32:00,20:32:00,통과,중앙선,월화수목금
화물,3140,상행,6,봉양,20:36:30,20:36:30,통과,중앙선,월화수목금
화물,3140,상행,7,공전,20:44:30,20:44:30,통과,충북선,월화수목금
화물,3140,상행,8,삼탄,20:49:30,20:49:30,통과,충북선,월화수목금
화물,3140,상행,9,동량,20:56:30,20:56:30,통과,충북선,월화수목금
화물,3140,상행,10,목행,21:00:30,21:00:30,통과,충북선,월화수목금
화물,3140,상행,11,충주,21:05:30,21:05:30,통과,충북선,월화수목금
화물,3140,상행,12,달천,21:09:00,21:09:00,통과,충북선,월화수목금
화물,3140,상행,13,주덕,21:15:00,21:15:00,통과,충북선,월화수목금
화물,3140,상행,14,소이,21:22:00,21:22:00,통과,충북선,월화수목금
화물,3140,상행,15,음성,21:26:00,21:26:00,통과,충북선,월화수목금
화물,3140,상행,16,보천,21:33:30,21:33:30,통과,충북선,월화수목금
화물,3140,상행,17,도안,21:41:30,21:41:30,통과,충북선,월화수목금
화물,3140,상행,18,증평,21:46:30,21:46:30,통과,충북선,월화수목금
화물,3140,상행,19,내수,21:53:30,21:53:30,통과,충북선,월화수목금
화물,3140,상행,20,청주공,21:57:30,21:57:30,통과,충북선,월화수목금
화물,3140,상행,21,오근장,22:00:00,22:00:00,통과,충북선,월화수목금
화물,3140,상행,22,청주,22:09:00,22:09:00,통과,충북선,월화수목금
화물,3140,상행,23,오송,22:15:00,22:15:00,통과,충북선,월화수목금
화물,3140,상행,24,서창,22:21:00,22:21:00,통과,오송선,월화수목금
화물,3140,상행,25,전동,22:24:00,22:24:00,통과,경부선,월화수목금
화물,3140,상행,26,전의,22:30:00,22:30:00,통과,경부선,월화수목금
화물,3140,상행,27,소정리,22:36:00,22:36:00,통과,경부선,월화수목금
화물,3140,상행,28,천안,22:47:00,22:53:00,승무원교대,경부선,월화수목금
화물,3140,상행,29,두정,22:57:00,22:57:00,통과,경부선,월화수목금
화물,3140,상행,30,직산,23:00:00,23:00:00,통과,경부선,월화수목금
화물,3140,상행,31,성환,23:06:00,23:10:00,대피,경부선,월화수목금
화물,3140,상행,32,평택,23:18:30,23:18:30,통과,경부선,월화수목금
화물,3140,상행,33,서정리,23:25:00,23:25:00,통과,경부선,월화수목금
화물,3140,상행,34,송탄,23:27:00,23:27:00,통과,경부선,월화수목금
화물,3140,상행,35,오산,23:33:00,23:33:00,통과,경부선,월화수목금
화물,3140,상행,36,병점,23:39:00,23:39:00,통과,경부선,월화수목금
화물,3140,상행,37,수원,23:44:30,23:44:30,통과,경부선,월화수목금
화물,3140,상행,38,의왕,23:54:00,23:54:00,통과,경부선,월화수목금
화물,3140,상행,39,오봉,00:02:00,00:02:00,종착,남부화물기,월화수목금
화물,3141,하행,1,오봉,15:41:00,15:41:00,시발,남부화물기,매일
화물,3141,하행,2,의왕,15:50:00,15:50:00,통과,남부화물기,매일
화물,3141,하행,3,수원,15:59:00,15:59:00,통과,경부선,매일
화물,3141,하행,4,병점,16:04:00,16:04:00,통과,경부선,매일
화물,3141,하행,5,오산,16:09:30,16:09:30,통과,경부선,매일
화물,3141,하행,6,송탄,16:15:00,16:15:00,통과,경부선,매일
화물,3141,하행,7,서정리,16:17:00,16:27:00,대피,경부선,매일
화물,3141,하행,8,평택,16:35:00,16:35:00,통과,경부선,매일
화물,3141,하행,9,성환,16:42:00,16:42:00,통과,경부선,매일
화물,3141,하행,10,직산,16:46:00,16:46:00,통과,경부선,매일
화물,3141,하행,11,두정,16:49:00,16:49:00,통과,경부선,매일
화물,3141,하행,12,천안,16:53:00,17:13:00,승무원교대,경부선,매일
화물,3141,하행,13,소정리,17:23:00,17:23:00,통과,경부선,매일
화물,3141,하행,14,전의,17:28:30,17:28:30,통과,경부선,매일
화물,3141,하행,15,전동,17:34:00,17:34:00,통과,경부선,매일
화물,3141,하행,16,서창,17:37:00,17:37:00,통과,경부선,매일
화물,3141,하행,17,오송,17:43:00,17:43:00,통과,오송선,매일
화물,3141,하행,18,청주,17:48:00,17:48:00,통과,충북선,매일
화물,3141,하행,19,오근장,17:57:00,17:57:00,통과,충북선,매일
화물,3141,하행,20,청주공,17:59:30,17:59:30,통과,충북선,매일
화물,3141,하행,21,내수,18:03:30,18:03:30,통과,충북선,매일
화물,3141,하행,22,증평,18:10:30,18:10:30,통과,충북선,매일
화물,3141,하행,23,도안,18:15:30,18:15:30,통과,충북선,매일
화물,3141,하행,24,보천,18:23:30,18:23:30,통과,충북선,매일
화물,3141,하행,25,음성,18:31:00,18:31:00,통과,충북선,매일
화물,3141,하행,26,소이,18:35:00,18:35:00,통과,충북선,매일
화물,3141,하행,27,주덕,18:42:00,18:42:00,통과,충북선,매일
화물,3141,하행,28,달천,18:48:00,18:48:00,통과,충북선,매일
화물,3141,하행,29,충주,18:51:30,18:51:30,통과,충북선,매일
화물,3141,하행,30,목행,18:56:30,18:56:30,통과,충북선,매일
화물,3141,하행,31,동량,19:00:30,19:00:30,통과,충북선,매일
화물,3141,하행,32,삼탄,19:07:30,19:07:30,통과,충북선,매일
화물,3141,하행,33,공전,19:12:30,19:12:30,통과,충북선,매일
화물,3141,하행,34,봉양,19:19:30,19:19:30,통과,충북선,매일
화물,3141,하행,35,제천조,19:25:00,20:05:00,화물취급,중앙선,매일
화물,3141,하행,36,제천,20:10:00,20:13:00,승무원교대,중앙선,매일
화물,3141,하행,37,고명,20:18:30,20:18:30,통과,중앙선,매일
화물,3141,하행,38,삼곡,20:24:00,20:24:00,통과,중앙선,매일
화물,3141,하행,39,도담,20:31:00,20:31:00,종착,중앙선,매일
화물,3171,하행,1,입석리,05:50:00,05:50:00,시발,태백선,매일
화물,3171,하행,2,제천,06:06:30,06:08:30,승무원교대,태백선,매일
화물,3171,하행,3,제천조,06:11:30,06:11:30,통과,중앙선,매일
화물,3171,하행,4,봉양,06:15:00,06:15:00,통과,중앙선,매일
화물,3171,하행,5,공전,06:23:00,06:23:00,통과,충북선,매일
화물,3171,하행,6,삼탄,06:28:00,06:28:00,통과,충북선,매일
화물,3171,하행,7,동량,06:35:00,06:35:00,통과,충북선,매일
화물,3171,하행,8,목행,06:39:00,06:39:00,통과,충북선,매일
화물,3171,하행,9,충주,06:44:00,06:44:00,통과,충북선,매일
화물,3171,하행,10,달천,06:47:30,06:47:30,통과,충북선,매일
화물,3171,하행,11,주덕,06:53:30,06:53:30,통과,충북선,매일
화물,3171,하행,12,소이,07:00:30,07:00:30,통과,충북선,매일
화물,3171,하행,13,음성,07:04:30,07:04:30,통과,충북선,매일
화물,3171,하행,14,보천,07:12:00,07:12:00,통과,충북선,매일
화물,3171,하행,15,도안,07:20:00,07:20:00,통과,충북선,매일
화물,3171,하행,16,증평,07:25:00,07:25:00,통과,충북선,매일
화물,3171,하행,17,내수,07:32:00,07:32:00,통과,충북선,매일
화물,3171,하행,18,청주공,07:36:00,07:36:00,통과,충북선,매일
화물,3171,하행,19,오근장,07:38:30,07:38:30,통과,충북선,매일
화물,3171,하행,20,청주,07:47:30,07:47:30,통과,충북선,매일
화물,3171,하행,21,오송,07:53:30,07:53:30,통과,충북선,매일
화물,3171,하행,22,조치원,07:57:30,07:57:30,통과,충북선,매일
화물,3171,하행,23,내판,08:02:00,08:02:00,통과,경부선,매일
화물,3171,하행,24,부강,08:06:00,08:06:00,통과,경부선,매일
화물,3171,하행,25,매포,08:09:30,08:09:30,통과,경부선,매일
화물,3171,하행,26,신탄진,08:15:30,08:15:30,통과,경부선,매일
화물,3171,하행,27,회덕,08:20:30,08:20:30,통과,경부선,매일
화물,3171,하행,28,대전조,08:26:00,08:39:30,승무원교대,경부선,매일
화물,3171,하행,29,서대전,08:48:30,08:48:30,통과,호남선,매일
화물,3171,하행,30,가수원,08:54:00,08:54:00,통과,호남선,매일
화물,3171,하행,31,흑석리,08:59:00,08:59:00,통과,호남선,매일
화물,3171,하행,32,계룡,09:06:00,09:06:00,통과,호남선,매일
화물,3171,하행,33,개태사,09:14:00,09:14:00,통과,호남선,매일
화물,3171,하행,34,연산,09:18:30,09:18:30,통과,호남선,매일
화물,3171,하행,35,부황,09:23:00,09:23:00,통과,호남선,매일
화물,3171,하행,36,논산,09:28:30,09:28:30,통과,호남선,매일
화물,3171,하행,37,채운,09:34:30,09:34:30,통과,호남선,매일
화물,3171,하행,38,강경,09:37:30,09:37:30,통과,호남선,매일
화물,3171,하행,39,용동,09:43:00,09:43:00,통과,호남선,매일
화물,3171,하행,40,함열,09:47:30,09:47:30,통과,호남선,매일
화물,3171,하행,41,황등,09:55:30,09:55:30,통과,호남선,매일
화물,3171,하행,42,익산,10:03:00,10:12:30,승무원교대,호남선,매일
화물,3171,하행,43,동익산,10:16:00,10:16:00,통과,전라선,매일
화물,3171,하행,44,삼례,10:25:00,10:25:00,통과,전라선,매일
화물,3171,하행,45,동산,10:30:00,10:30:00,종착,전라선,매일
근거리,R3171,하행,1,제천,05:16:00,05:16:00,시발,태백선,매일
근거리,R3171,하행,2,입석리,05:29:00,05:29:00,종착,태백선,매일
화물,3172,상행,1,동산,14:05:00,14:05:00,시발,전라선,매일
화물,3172,상행,2,삼례,14:10:30,14:10:30,통과,전라선,매일
화물,3172,상행,3,동익산,14:19:30,14:19:30,통과,전라선,매일
화물,3172,상행,4,익산,14:23:30,14:25:30,승무원교대,전라선,매일
화물,3172,상행,5,황등,14:33:00,14:33:00,통과,호남선,매일
화물,3172,상행,6,함열,14:41:00,14:41:00,통과,호남선,매일
화물,3172,상행,7,용동,14:45:30,14:45:30,통과,호남선,매일
화물,3172,상행,8,강경,14:51:00,14:51:00,통과,호남선,매일
화물,3172,상행,9,채운,14:54:00,14:54:00,통과,호남선,매일
화물,3172,상행,10,논산,15:00:00,15:00:00,통과,호남선,매일
화물,3172,상행,11,부황,15:05:30,15:05:30,통과,호남선,매일
화물,3172,상행,12,연산,15:10:00,15:10:00,통과,호남선,매일
화물,3172,상행,13,개태사,15:14:30,15:14:30,통과,호남선,매일
화물,3172,상행,14,계룡,15:22:30,15:22:30,통과,호남선,매일
화물,3172,상행,15,흑석리,15:29:30,15:29:30,통과,호남선,매일
화물,3172,상행,16,가수원,15:34:30,15:34:30,통과,호남선,매일
화물,3172,상행,17,서대전,15:40:00,15:40:00,통과,호남선,매일
화물,3172,상행,18,대전조,15:46:30,15:54:30,승무원교대,호남선,매일
화물,3172,상행,19,회덕,16:00:00,16:00:00,통과,경부선,매일
화물,3172,상행,20,신탄진,16:07:00,16:50:30,화물취급,경부선,매일
화물,3172,상행,21,매포,17:00:00,17:04:00,대피,경부선,매일
화물,3172,상행,22,부강,17:09:30,17:09:30,통과,경부선,매일
화물,3172,상행,23,내판,17:13:30,17:13:30,통과,경부선,매일
화물,3172,상행,24,조치원,17:19:00,17:19:00,통과,경부선,매일
화물,3172,상행,25,오송,17:24:30,17:24:30,통과,충북선,매일
화물,3172,상행,26,청주,17:31:30,17:31:30,통과,충북선,매일
화물,3172,상행,27,오근장,17:40:30,17:40:30,통과,충북선,매일
화물,3172,상행,28,청주공,17:43:00,17:43:00,통과,충북선,매일
화물,3172,상행,29,내수,17:47:00,17:47:00,통과,충북선,매일
화물,3172,상행,30,증평,17:54:00,17:54:00,통과,충북선,매일
화물,3172,상행,31,도안,17:59:00,17:59:00,통과,충북선,매일
화물,3172,상행,32,보천,18:07:00,18:07:00,통과,충북선,매일
화물,3172,상행,33,음성,18:14:30,18:14:30,통과,충북선,매일
화물,3172,상행,34,소이,18:18:30,18:18:30,통과,충북선,매일
화물,3172,상행,35,주덕,18:25:30,18:25:30,통과,충북선,매일
화물,3172,상행,36,달천,18:31:30,18:31:30,통과,충북선,매일
화물,3172,상행,37,충주,18:35:00,18:35:00,통과,충북선,매일
화물,3172,상행,38,목행,18:40:00,18:40:00,통과,충북선,매일
화물,3172,상행,39,동량,18:44:00,18:44:00,통과,충북선,매일
화물,3172,상행,40,삼탄,18:51:00,18:51:00,통과,충북선,매일
화물,3172,상행,41,공전,18:56:00,18:56:00,통과,충북선,매일
화물,3172,상행,42,봉양,19:05:00,19:05:00,통과,충북선,매일
화물,3172,상행,43,제천조,19:11:00,19:51:00,화물취급,중앙선,매일
화물,3172,상행,44,제천,19:56:00,19:59:00,승무원교대,중앙선,매일
화물,3172,상행,45,입석리,20:19:00,20:19:00,종착,태백선,매일
근거리,R3172,상행,1,입석리,20:43:00,20:43:00,시발,태백선,매일
근거리,R3172,상행,2,제천,21:01:00,21:01:00,통과,태백선,매일
근거리,R3172,상행,3,제천조,21:05:00,21:05:00,종착,중앙선,매일
화물,3185,하행,1,대전조,11:27:00,11:27:00,시발,경부선,월화수목금
화물,3185,하행,2,회덕,11:32:00,11:32:00,통과,경부선,월화수목금
화물,3185,하행,3,신탄진,11:37:00,11:37:00,통과,경부선,월화수목금
화물,3185,하행,4,매포,11:43:00,11:43:00,통과,경부선,월화수목금
화물,3185,하행,5,부강,11:48:00,12:22:00,화물취급,경부선,월화수목금
화물,3185,하행,6,내판,12:27:30,12:27:30,통과,경부선,월화수목금
화물,3185,하행,7,조치원,12:32:30,12:32:30,통과,경부선,월화수목금
화물,3185,하행,8,오송,12:37:00,12:37:00,통과,충북선,월화수목금
화물,3185,하행,9,청주,12:42:30,12:42:30,통과,충북선,월화수목금
화물,3185,하행,10,오근장,12:51:30,12:51:30,통과,충북선,월화수목금
화물,3185,하행,11,청주공,12:54:00,12:54:00,통과,충북선,월화수목금
화물,3185,하행,12,내수,12:58:00,12:58:00,통과,충북선,월화수목금
화물,3185,하행,13,증평,13:05:00,13:05:00,통과,충북선,월화수목금
화물,3185,하행,14,도안,13:10:00,13:10:00,통과,충북선,월화수목금
화물,3185,하행,15,보천,13:18:00,13:18:00,통과,충북선,월화수목금
화물,3185,하행,16,음성,13:25:30,13:25:30,통과,충북선,월화수목금
화물,3185,하행,17,소이,13:29:30,13:29:30,통과,충북선,월화수목금
화물,3185,하행,18,주덕,13:36:30,13:36:30,통과,충북선,월화수목금
화물,3185,하행,19,달천,13:42:30,13:42:30,통과,충북선,월화수목금
화물,3185,하행,20,충주,13:46:00,13:46:00,통과,충북선,월화수목금
화물,3185,하행,21,목행,13:51:00,13:51:00,통과,충북선,월화수목금
화물,3185,하행,22,동량,13:55:00,13:55:00,통과,충북선,월화수목금
화물,3185,하행,23,삼탄,14:02:00,14:02:00,통과,충북선,월화수목금
화물,3185,하행,24,공전,14:07:00,14:07:00,통과,충북선,월화수목금
화물,3185,하행,25,봉양,14:14:00,14:14:00,통과,충북선,월화수목금
화물,3185,하행,26,제천조,14:19:30,15:06:00,화물취급,중앙선,월화수목금
화물,3185,하행,27,제천,15:12:00,15:18:00,승무원교대,중앙선,월화수목금
화물,3185,하행,28,입석리,15:38:00,15:38:00,종착,태백선,월화수목금
화물,3186,하행,1,제천조,06:04:00,06:04:00,시발,중앙선,월화수목금
화물,3186,하행,2,봉양,06:09:00,06:09:00,통과,중앙선,월화수목금
화물,3186,하행,3,공전,06:17:00,06:17:00,통과,충북선,월화수목금
화물,3186,하행,4,삼탄,06:22:00,06:22:00,통과,충북선,월화수목금
화물,3186,하행,5,동량,06:29:00,06:29:00,통과,충북선,월화수목금
화물,3186,하행,6,목행,06:33:00,06:33:00,통과,충북선,월화수목금
화물,3186,하행,7,충주,06:38:00,06:38:00,통과,충북선,월화수목금
화물,3186,하행,8,달천,06:41:30,06:41:30,통과,충북선,월화수목금
화물,3186,하행,9,주덕,06:47:30,06:47:30,통과,충북선,월화수목금
화물,3186,하행,10,소이,06:54:30,06:54:30,통과,충북선,월화수목금
화물,3186,하행,11,음성,06:58:30,06:58:30,통과,충북선,월화수목금
화물,3186,하행,12,보천,07:06:00,07:06:00,통과,충북선,월화수목금
화물,3186,하행,13,도안,07:14:00,07:14:00,통과,충북선,월화수목금
화물,3186,하행,14,증평,07:19:00,07:19:00,통과,충북선,월화수목금
화물,3186,하행,15,내수,07:26:00,07:26:00,통과,충북선,월화수목금
화물,3186,하행,16,청주공,07:30:00,07:30:00,통과,충북선,월화수목금
화물,3186,하행,17,오근장,07:32:30,07:32:30,통과,충북선,월화수목금
화물,3186,하행,18,청주,07:41:30,07:41:30,통과,충북선,월화수목금
화물,3186,하행,19,오송,07:47:30,07:47:30,통과,충북선,월화수목금
화물,3186,하행,20,조치원,07:51:30,07:51:30,통과,충북선,월화수목금
화물,3186,하행,21,내판,07:56:00,07:56:00,통과,경부선,월화수목금
화물,3186,하행,22,부강,08:00:00,08:00:00,통과,경부선,월화수목금
화물,3186,하행,23,매포,08:03:30,08:03:30,통과,경부선,월화수목금
화물,3186,하행,24,신탄진,08:09:30,08:09:30,통과,경부선,월화수목금
화물,3186,하행,25,회덕,08:14:30,08:14:30,통과,경부선,월화수목금
화물,3186,하행,26,대전조,08:20:00,08:22:00,승무원교대,경부선,월화수목금
화물,3186,하행,27,서대전,08:31:00,08:31:00,통과,호남선,월화수목금
화물,3186,하행,28,가수원,08:36:30,08:36:30,통과,호남선,월화수목금
화물,3186,하행,29,흑석리,08:42:00,08:42:00,종착,호남선,월화수목금
근거리,R3186,상행,1,흑석리,09:45:00,09:45:00,시발,호남선,월화수목금
근거리,R3186,상행,2,가수원,09:50:00,09:50:00,통과,호남선,월화수목금
근거리,R3186,상행,3,서대전,09:55:30,09:55:30,통과,호남선,월화수목금
근거리,R3186,상행,4,대전조,10:05:00,10:05:00,종착,호남선,월화수목금
화물,3188,상행,1,도담,07:06:00,07:06:00,시발,중앙선,매일
화물,3188,상행,2,삼곡,07:14:00,07:14:00,통과,중앙선,매일
화물,3188,상행,3,고명,07:19:30,07:19:30,통과,중앙선,매일
화물,3188,상행,4,제천,07:25:00,07:28:00,승무원교대,중앙선,매일
화물,3188,상행,5,제천조,07:33:00,07:33:00,통과,중앙선,매일
화물,3188,상행,6,봉양,07:37:30,07:37:30,통과,중앙선,매일
화물,3188,상행,7,공전,07:45:30,07:45:30,통과,충북선,매일
화물,3188,상행,8,삼탄,07:50:30,07:50:30,통과,충북선,매일
화물,3188,상행,9,동량,07:57:30,07:57:30,통과,충북선,매일
화물,3188,상행,10,목행,08:01:30,08:01:30,통과,충북선,매일
화물,3188,상행,11,충주,08:06:30,08:06:30,통과,충북선,매일
화물,3188,상행,12,달천,08:10:00,08:10:00,통과,충북선,매일
화물,3188,상행,13,주덕,08:16:00,08:16:00,통과,충북선,매일
화물,3188,상행,14,소이,08:23:00,08:23:00,통과,충북선,매일
화물,3188,상행,15,음성,08:27:00,08:27:00,통과,충북선,매일
화물,3188,상행,16,보천,08:34:30,08:34:30,통과,충북선,매일
화물,3188,상행,17,도안,08:42:30,08:42:30,통과,충북선,매일
화물,3188,상행,18,증평,08:47:30,08:47:30,통과,충북선,매일
화물,3188,상행,19,내수,08:54:30,08:54:30,통과,충북선,매일
화물,3188,상행,20,청주공,08:58:30,08:58:30,통과,충북선,매일
화물,3188,상행,21,오근장,09:01:00,09:01:00,통과,충북선,매일
화물,3188,상행,22,청주,09:09:30,09:09:30,통과,충북선,매일
화물,3188,상행,23,오송,09:16:30,09:20:30,교행,충북선,매일
화물,3188,상행,24,조치원,09:24:30,09:24:30,통과,충북선,매일
화물,3188,상행,25,내판,09:29:00,09:29:00,통과,경부선,매일
화물,3188,상행,26,부강,09:34:00,10:04:00,화물취급,경부선,매일
화물,3188,상행,27,매포,10:08:30,10:08:30,통과,경부선,매일
화물,3188,상행,28,신탄진,10:14:30,10:14:30,통과,경부선,매일
화물,3188,상행,29,회덕,10:19:30,10:19:30,통과,경부선,매일
화물,3188,상행,30,대전조,10:25:00,10:25:00,종착,경부선,매일
화물,3191,하행,1,대전조,05:55:00,05:55:00,시발,경부선,월화수목금
화물,3191,하행,2,회덕,06:00:30,06:00:30,통과,경부선,월화수목금
화물,3191,하행,3,신탄진,06:05:30,06:05:30,통과,경부선,월화수목금
화물,3191,하행,4,매포,06:11:30,06:11:30,통과,경부선,월화수목금
화물,3191,하행,5,부강,06:15:00,06:15:00,통과,경부선,월화수목금
화물,3191,하행,6,내판,06:19:00,06:19:00,통과,경부선,월화수목금
화물,3191,하행,7,조치원,06:23:30,06:23:30,통과,경부선,월화수목금
화물,3191,하행,8,오송,06:29:00,06:29:00,통과,충북선,월화수목금
화물,3191,하행,9,청주,06:35:00,06:35:00,통과,충북선,월화수목금
화물,3191,하행,10,오근장,06:44:00,06:44:00,통과,충북선,월화수목금
화물,3191,하행,11,청주공,06:46:30,06:46:30,통과,충북선,월화수목금
화물,3191,하행,12,내수,06:50:30,06:50:30,통과,충북선,월화수목금
화물,3191,하행,13,증평,06:57:30,06:57:30,통과,충북선,월화수목금
화물,3191,하행,14,도안,07:02:30,07:02:30,통과,충북선,월화수목금
화물,3191,하행,15,보천,07:10:30,07:10:30,통과,충북선,월화수목금
화물,3191,하행,16,음성,07:18:00,07:18:00,통과,충북선,월화수목금
화물,3191,하행,17,소이,07:22:00,07:22:00,통과,충북선,월화수목금
화물,3191,하행,18,주덕,07:29:00,07:29:00,통과,충북선,월화수목금
화물,3191,하행,19,달천,07:35:00,07:35:00,통과,충북선,월화수목금
화물,3191,하행,20,충주,07:38:30,07:38:30,통과,충북선,월화수목금
화물,3191,하행,21,목행,07:43:30,07:43:30,통과,충북선,월화수목금
화물,3191,하행,22,동량,07:47:30,07:47:30,통과,충북선,월화수목금
화물,3191,하행,23,삼탄,07:54:30,07:54:30,통과,충북선,월화수목금
화물,3191,하행,24,공전,08:00:30,08:08:30,대피,충북선,월화수목금
화물,3191,하행,25,봉양,08:16:30,08:16:30,통과,충북선,월화수목금
화물,3191,하행,26,제천조,08:21:00,08:21:00,통과,중앙선,월화수목금
화물,3191,하행,27,제천,08:26:00,08:52:00,동력차교체,중앙선,월화수목금
화물,3191,하행,28,입석리,09:10:30,09:10:30,통과,태백선,월화수목금
화물,3191,하행,29,쌍룡,09:16:30,09:16:30,통과,태백선,월화수목금
화물,3191,하행,30,연당,09:26:30,09:26:30,통과,태백선,월화수목금
화물,3191,하행,31,청령포,09:34:00,09:34:00,통과,태백선,월화수목금
화물,3191,하행,32,영월,09:38:30,09:38:30,통과,태백선,월화수목금
화물,3191,하행,33,탄부,09:42:00,09:42:00,통과,태백선,월화수목금
화물,3191,하행,34,연하,09:48:00,09:50:00,교행,태백선,월화수목금
화물,3191,하행,35,석항,09:58:30,09:58:30,통과,태백선,월화수목금
화물,3191,하행,36,예미,10:02:30,10:02:30,통과,태백선,월화수목금
화물,3191,하행,37,조동,10:11:00,10:11:00,통과,태백선,월화수목금
화물,3191,하행,38,자미원,10:16:30,10:16:30,통과,태백선,월화수목금
화물,3191,하행,39,민둥산,10:25:00,10:25:00,통과,태백선,월화수목금
화물,3191,하행,40,사북,10:33:00,10:33:00,통과,태백선,월화수목금
화물,3191,하행,41,고한,10:39:00,10:39:00,통과,태백선,월화수목금
화물,3191,하행,42,추전,10:50:30,10:54:30,교행,태백선,월화수목금
화물,3191,하행,43,태백,11:05:00,11:22:00,승무원교대,태백선,월화수목금
화물,3191,하행,44,문곡,11:27:00,11:27:00,통과,태백선,월화수목금
화물,3191,하행,45,태백분,11:33:00,11:33:00,통과,태백선,월화수목금
화물,3191,하행,46,동백산,11:35:00,11:35:00,통과,태백삼각선,월화수목금
화물,3191,하행,47,솔안,11:48:00,12:05:00,교행,영동선,월화수목금
화물,3191,하행,48,도계솔,12:13:30,12:13:30,통과,영동선,월화수목금
화물,3191,하행,49,도계,12:15:00,12:15:00,통과,영동선,월화수목금
화물,3191,하행,50,고사리,12:21:00,12:21:00,통과,영동선,월화수목금
화물,3191,하행,51,하고사,12:23:30,12:23:30,통과,영동선,월화수목금
화물,3191,하행,52,마차리,12:28:00,12:31:30,교행,영동선,월화수목금
화물,3191,하행,53,신기,12:38:30,12:38:30,통과,영동선,월화수목금
화물,3191,하행,54,상정,12:45:30,12:49:00,교행,영동선,월화수목금
화물,3191,하행,55,미로,12:55:00,12:55:00,통과,영동선,월화수목금
화물,3191,하행,56,도경리,13:00:00,13:19:00,교행,영동선,월화수목금
화물,3191,하행,57,동해,13:30:00,13:30:00,종착,영동선,월화수목금
화물,3192,상행,1,동해,17:11:00,17:11:00,시발,영동선,일월화수목
화물,3192,상행,2,도경리,17:22:30,17:27:30,교행,영동선,일월화수목
화물,3192,상행,3,미로,17:32:30,17:42:30,교행,영동선,일월화수목
화물,3192,상행,4,상정,17:48:30,17:52:30,교행,영동선,일월화수목
화물,3192,상행,5,신기,17:59:30,17:59:30,통과,영동선,일월화수목
화물,3192,상행,6,마차리,18:06:30,18:06:30,통과,영동선,일월화수목
화물,3192,상행,7,하고사,18:11:00,18:11:00,통과,영동선,일월화수목
화물,3192,상행,8,고사리,18:13:30,18:13:30,통과,영동선,일월화수목
화물,3192,상행,9,도계,18:19:30,18:19:30,통과,영동선,일월화수목
화물,3192,상행,10,도계솔,18:21:00,18:21:00,통과,영동선,일월화수목
화물,3192,상행,11,솔안,18:30:00,18:30:00,통과,영동선,일월화수목
화물,3192,상행,12,동백산,18:43:00,18:43:00,통과,영동선,일월화수목
화물,3192,상행,13,태백분,18:45:00,18:45:00,통과,태백삼각선,일월화수목
화물,3192,상행,14,문곡,18:51:00,18:51:00,통과,태백선,일월화수목
화물,3192,상행,15,태백,18:56:00,18:58:00,승무원교대,태백선,일월화수목
화물,3192,상행,16,추전,19:08:00,19:08:00,통과,태백선,일월화수목
화물,3192,상행,17,고한,19:19:00,19:19:00,통과,태백선,일월화수목
화물,3192,상행,18,사북,19:25:00,19:25:00,통과,태백선,일월화수목
화물,3192,상행,19,민둥산,19:33:00,19:36:30,교행,태백선,일월화수목
화물,3192,상행,20,자미원,19:45:00,19:45:00,통과,태백선,일월화수목
화물,3192,상행,21,조동,19:52:00,19:52:00,통과,태백선,일월화수목
화물,3192,상행,22,예미,20:00:00,20:00:00,통과,태백선,일월화수목
화물,3192,상행,23,석항,20:04:00,20:04:00,통과,태백선,일월화수목
화물,3192,상행,24,연하,20:12:00,20:12:00,통과,태백선,일월화수목
화물,3192,상행,25,탄부,20:18:30,20:18:30,통과,태백선,일월화수목
화물,3192,상행,26,영월,20:22:00,20:22:00,통과,태백선,일월화수목
화물,3192,상행,27,청령포,20:26:00,20:26:00,통과,태백선,일월화수목
화물,3192,상행,28,연당,20:33:30,20:33:30,통과,태백선,일월화수목
화물,3192,상행,29,쌍룡,20:43:30,20:43:30,통과,태백선,일월화수목
화물,3192,상행,30,입석리,20:49:30,21:01:00,대피,태백선,일월화수목
화물,3192,상행,31,제천,21:19:00,21:24:00,승무원교대,태백선,일월화수목
화물,3192,상행,32,제천조,21:29:00,07:52:00,화물취급,중앙선,일월화수목
화물,3192,상행,33,봉양,07:56:30,07:56:30,통과,중앙선,일월화수목
화물,3192,상행,34,공전,08:04:30,08:04:30,통과,충북선,일월화수목
화물,3192,상행,35,삼탄,08:09:30,08:09:30,통과,충북선,일월화수목
화물,3192,상행,36,동량,08:16:30,08:16:30,통과,충북선,일월화수목
화물,3192,상행,37,목행,08:20:30,08:20:30,통과,충북선,일월화수목
화물,3192,상행,38,충주,08:25:30,08:25:30,통과,충북선,일월화수목
화물,3192,상행,39,달천,08:29:00,08:29:00,통과,충북선,일월화수목
화물,3192,상행,40,주덕,08:35:00,08:35:00,통과,충북선,일월화수목
화물,3192,상행,41,소이,08:42:00,08:42:00,통과,충북선,일월화수목
화물,3192,상행,42,음성,08:46:00,08:46:00,통과,충북선,일월화수목
화물,3192,상행,43,보천,08:55:00,09:04:00,대피,충북선,일월화수목
화물,3192,상행,44,도안,09:13:30,09:13:30,통과,충북선,일월화수목
화물,3192,상행,45,증평,09:18:30,09:18:30,통과,충북선,일월화수목
화물,3192,상행,46,내수,09:25:30,09:25:30,통과,충북선,일월화수목
화물,3192,상행,47,청주공,09:29:30,09:29:30,통과,충북선,일월화수목
화물,3192,상행,48,오근장,09:32:00,09:32:00,통과,충북선,일월화수목
화물,3192,상행,49,청주,09:41:00,09:41:00,통과,충북선,일월화수목
화물,3192,상행,50,오송,09:47:00,09:47:00,통과,충북선,일월화수목
화물,3192,상행,51,조치원,09:51:00,09:51:00,통과,충북선,일월화수목
화물,3192,상행,52,내판,09:55:30,09:55:30,통과,경부선,일월화수목
화물,3192,상행,53,부강,09:59:30,09:59:30,통과,경부선,일월화수목
화물,3192,상행,54,매포,10:04:00,10:34:00,화물취급,경부선,일월화수목
화물,3192,상행,55,신탄진,10:40:00,10:40:00,통과,경부선,일월화수목
화물,3192,상행,56,회덕,10:44:30,10:44:30,통과,경부선,일월화수목
화물,3192,상행,57,대전조,10:50:00,10:50:00,종착,경부선,일월화수목
화물,3193,하행,1,대전조,15:33:00,15:33:00,시발,경부선,매일
화물,3193,하행,2,회덕,15:38:30,15:38:30,통과,경부선,매일
화물,3193,하행,3,신탄진,15:44:30,16:09:30,화물취급,경부선,매일
화물,3193,하행,4,매포,16:16:30,16:16:30,통과,경부선,매일
화물,3193,하행,5,부강,16:20:00,16:20:00,통과,경부선,매일
화물,3193,하행,6,내판,16:24:00,16:24:00,통과,경부선,매일
화물,3193,하행,7,조치원,16:28:30,16:28:30,통과,경부선,매일
화물,3193,하행,8,오송,16:34:00,16:34:00,통과,충북선,매일
화물,3193,하행,9,청주,16:41:00,16:41:00,통과,충북선,매일
화물,3193,하행,10,오근장,16:50:00,16:50:00,통과,충북선,매일
화물,3193,하행,11,청주공,16:52:30,16:52:30,통과,충북선,매일
화물,3193,하행,12,내수,16:56:30,16:56:30,통과,충북선,매일
화물,3193,하행,13,증평,17:03:30,17:03:30,통과,충북선,매일
화물,3193,하행,14,도안,17:08:30,17:08:30,통과,충북선,매일
화물,3193,하행,15,보천,17:16:30,17:16:30,통과,충북선,매일
화물,3193,하행,16,음성,17:24:00,17:24:00,통과,충북선,매일
화물,3193,하행,17,소이,17:28:00,17:28:00,통과,충북선,매일
화물,3193,하행,18,주덕,17:35:00,17:35:00,통과,충북선,매일
화물,3193,하행,19,달천,17:41:00,17:41:00,통과,충북선,매일
화물,3193,하행,20,충주,17:44:30,17:44:30,통과,충북선,매일
화물,3193,하행,21,목행,17:49:30,17:49:30,통과,충북선,매일
화물,3193,하행,22,동량,17:53:30,17:53:30,통과,충북선,매일
화물,3193,하행,23,삼탄,18:00:30,18:00:30,통과,충북선,매일
화물,3193,하행,24,공전,18:05:30,18:05:30,통과,충북선,매일
화물,3193,하행,25,봉양,18:12:30,18:12:30,통과,충북선,매일
화물,3193,하행,26,제천조,18:18:00,18:58:00,화물취급,중앙선,매일
화물,3193,하행,27,제천,19:03:00,19:10:00,승무원교대,중앙선,매일
화물,3193,하행,28,입석리,19:30:00,19:30:00,종착,태백선,매일
화물,3195,하행,1,대전조,13:40:00,13:40:00,시발,경부선,월화수목금
화물,3195,하행,2,회덕,13:45:30,13:45:30,통과,경부선,월화수목금
화물,3195,하행,3,신탄진,13:52:00,13:52:00,통과,경부선,월화수목금
화물,3195,하행,4,매포,13:59:00,14:33:00,화물취급,경부선,월화수목금
화물,3195,하행,5,부강,14:37:30,14:37:30,통과,경부선,월화수목금
화물,3195,하행,6,내판,14:41:30,14:41:30,통과,경부선,월화수목금
화물,3195,하행,7,조치원,14:48:00,14:51:00,교행,경부선,월화수목금
화물,3195,하행,8,오송,14:57:30,14:57:30,통과,충북선,월화수목금
화물,3195,하행,9,청주,15:04:30,15:04:30,통과,충북선,월화수목금
화물,3195,하행,10,오근장,15:13:30,15:13:30,통과,충북선,월화수목금
화물,3195,하행,11,청주공,15:16:00,15:16:00,통과,충북선,월화수목금
화물,3195,하행,12,내수,15:20:00,15:20:00,통과,충북선,월화수목금
화물,3195,하행,13,증평,15:27:00,15:27:00,통과,충북선,월화수목금
화물,3195,하행,14,도안,15:32:00,15:32:00,통과,충북선,월화수목금
화물,3195,하행,15,보천,15:40:00,15:40:00,통과,충북선,월화수목금
화물,3195,하행,16,음성,15:47:30,15:47:30,통과,충북선,월화수목금
화물,3195,하행,17,소이,15:51:30,15:51:30,통과,충북선,월화수목금
화물,3195,하행,18,주덕,15:58:30,15:58:30,통과,충북선,월화수목금
화물,3195,하행,19,달천,16:04:30,16:04:30,통과,충북선,월화수목금
화물,3195,하행,20,충주,16:08:00,16:08:00,통과,충북선,월화수목금
화물,3195,하행,21,목행,16:13:00,16:13:00,통과,충북선,월화수목금
화물,3195,하행,22,동량,16:17:00,16:17:00,통과,충북선,월화수목금
화물,3195,하행,23,삼탄,16:24:00,16:24:00,통과,충북선,월화수목금
화물,3195,하행,24,공전,16:29:00,16:29:00,통과,충북선,월화수목금
화물,3195,하행,25,봉양,16:36:00,16:36:00,통과,충북선,월화수목금
화물,3195,하행,26,제천조,16:41:00,16:41:00,통과,중앙선,월화수목금
화물,3195,하행,27,제천,16:46:00,16:50:00,승무원교대,중앙선,월화수목금
화물,3195,하행,28,고명,16:55:00,16:55:00,통과,중앙선,월화수목금
화물,3195,하행,29,삼곡,17:00:30,17:00:30,통과,중앙선,월화수목금
화물,3195,하행,30,도담,17:08:00,17:08:00,종착,중앙선,월화수목금
화물,3196,상행,1,제천조,09:24:00,09:24:00,시발,중앙선,월화수목금토
화물,3196,상행,2,봉양,09:29:30,09:29:30,통과,중앙선,월화수목금토
화물,3196,상행,3,공전,09:37:30,09:37:30,통과,충북선,월화수목금토
화물,3196,상행,4,삼탄,09:42:30,09:42:30,통과,충북선,월화수목금토
화물,3196,상행,5,동량,09:49:30,09:49:30,통과,충북선,월화수목금토
화물,3196,상행,6,목행,09:53:30,09:53:30,통과,충북선,월화수목금토
화물,3196,상행,7,충주,09:58:30,09:58:30,통과,충북선,월화수목금토
화물,3196,상행,8,달천,10:02:00,10:02:00,통과,충북선,월화수목금토
화물,3196,상행,9,주덕,10:08:00,10:08:00,통과,충북선,월화수목금토
화물,3196,상행,10,소이,10:15:00,10:15:00,통과,충북선,월화수목금토
화물,3196,상행,11,음성,10:19:00,10:19:00,통과,충북선,월화수목금토
화물,3196,상행,12,보천,10:26:30,10:26:30,통과,충북선,월화수목금토
화물,3196,상행,13,도안,10:34:30,10:34:30,통과,충북선,월화수목금토
화물,3196,상행,14,증평,10:39:30,10:39:30,통과,충북선,월화수목금토
화물,3196,상행,15,내수,10:46:30,10:46:30,통과,충북선,월화수목금토
화물,3196,상행,16,청주공,10:50:30,10:50:30,통과,충북선,월화수목금토
화물,3196,상행,17,오근장,10:53:00,10:53:00,통과,충북선,월화수목금토
화물,3196,상행,18,청주,11:03:00,11:41:00,화물취급,충북선,월화수목금토
화물,3196,상행,19,오송,11:49:00,11:49:00,통과,충북선,월화수목금토
화물,3196,상행,20,조치원,11:53:00,11:53:00,통과,충북선,월화수목금토
화물,3196,상행,21,내판,11:58:00,11:58:00,통과,경부선,월화수목금토
화물,3196,상행,22,부강,12:03:30,12:28:30,화물취급,경부선,월화수목금토
화물,3196,상행,23,매포,12:33:30,12:33:30,통과,경부선,월화수목금토
화물,3196,상행,24,신탄진,12:39:30,12:39:30,통과,경부선,월화수목금토
화물,3196,상행,25,회덕,12:44:30,12:44:30,통과,경부선,월화수목금토
화물,3196,상행,26,대전조,12:50:00,12:50:00,종착,경부선,월화수목금토
화물,3197,하행,1,대전조,15:02:00,15:02:00,시발,경부선,월화수목금토
화물,3197,하행,2,회덕,15:07:30,15:07:30,통과,경부선,월화수목금토
화물,3197,하행,3,신탄진,15:12:30,15:12:30,통과,경부선,월화수목금토
화물,3197,하행,4,매포,15:18:30,15:18:30,통과,경부선,월화수목금토
화물,3197,하행,5,부강,15:23:30,15:43:30,화물취급,경부선,월화수목금토
화물,3197,하행,6,내판,15:49:00,15:49:00,통과,경부선,월화수목금토
화물,3197,하행,7,조치원,15:53:30,15:53:30,통과,경부선,월화수목금토
화물,3197,하행,8,오송,15:59:00,15:59:00,통과,충북선,월화수목금토
화물,3197,하행,9,청주,16:06:30,16:26:30,화물취급,충북선,월화수목금토
화물,3197,하행,10,오근장,16:37:00,16:37:00,통과,충북선,월화수목금토
화물,3197,하행,11,청주공,16:39:30,16:39:30,통과,충북선,월화수목금토
화물,3197,하행,12,내수,16:43:30,16:43:30,통과,충북선,월화수목금토
화물,3197,하행,13,증평,16:50:30,16:50:30,통과,충북선,월화수목금토
화물,3197,하행,14,도안,16:55:30,16:55:30,통과,충북선,월화수목금토
화물,3197,하행,15,보천,17:03:30,17:03:30,통과,충북선,월화수목금토
화물,3197,하행,16,음성,17:11:00,17:11:00,통과,충북선,월화수목금토
화물,3197,하행,17,소이,17:15:00,17:15:00,통과,충북선,월화수목금토
화물,3197,하행,18,주덕,17:22:00,17:22:00,통과,충북선,월화수목금토
화물,3197,하행,19,달천,17:28:00,17:28:00,통과,충북선,월화수목금토
화물,3197,하행,20,충주,17:31:30,17:31:30,통과,충북선,월화수목금토
화물,3197,하행,21,목행,17:36:30,17:36:30,통과,충북선,월화수목금토
화물,3197,하행,22,동량,17:40:30,17:40:30,통과,충북선,월화수목금토
화물,3197,하행,23,삼탄,17:47:30,17:47:30,통과,충북선,월화수목금토
화물,3197,하행,24,공전,17:52:30,17:52:30,통과,충북선,월화수목금토
화물,3197,하행,25,봉양,17:59:30,17:59:30,통과,충북선,월화수목금토
화물,3197,하행,26,제천조,18:05:00,18:47:00,화물취급,중앙선,월화수목금토
화물,3197,하행,27,제천,18:52:00,18:55:00,승무원교대,중앙선,월화수목금토
화물,3197,하행,28,고명,19:00:30,19:00:30,통과,중앙선,월화수목금토
화물,3197,하행,29,삼곡,19:06:00,19:06:00,통과,중앙선,월화수목금토
화물,3197,하행,30,도담,19:14:00,19:14:00,종착,중앙선,월화수목금토
화물,3198,상행,1,입석리,16:40:00,16:40:00,시발,태백선,월화수목금
화물,3198,상행,2,제천,17:00:00,17:03:00,승무원교대,태백선,월화수목금
화물,3198,상행,3,제천조,17:09:00,17:29:00,화물취급,중앙선,월화수목금
화물,3198,상행,4,봉양,17:34:30,17:34:30,통과,중앙선,월화수목금
화물,3198,상행,5,공전,17:42:30,17:42:30,통과,충북선,월화수목금
화물,3198,상행,6,삼탄,17:47:30,17:47:30,통과,충북선,월화수목금
화물,3198,상행,7,동량,17:54:30,17:54:30,통과,충북선,월화수목금
화물,3198,상행,8,목행,17:58:30,17:58:30,통과,충북선,월화수목금
화물,3198,상행,9,충주,18:03:30,18:03:30,통과,충북선,월화수목금
화물,3198,상행,10,달천,18:07:00,18:07:00,통과,충북선,월화수목금
화물,3198,상행,11,주덕,18:13:00,18:13:00,통과,충북선,월화수목금
화물,3198,상행,12,소이,18:20:00,18:20:00,통과,충북선,월화수목금
화물,3198,상행,13,음성,18:24:00,18:24:00,통과,충북선,월화수목금
화물,3198,상행,14,보천,18:31:30,18:31:30,통과,충북선,월화수목금
화물,3198,상행,15,도안,18:39:30,18:39:30,통과,충북선,월화수목금
화물,3198,상행,16,증평,18:44:30,18:44:30,통과,충북선,월화수목금
화물,3198,상행,17,내수,18:51:30,18:51:30,통과,충북선,월화수목금
화물,3198,상행,18,청주공,18:55:30,18:55:30,통과,충북선,월화수목금
화물,3198,상행,19,오근장,18:58:00,18:58:00,통과,충북선,월화수목금
화물,3198,상행,20,청주,19:07:00,19:07:00,통과,충북선,월화수목금
화물,3198,상행,21,오송,19:14:00,19:20:00,교행,충북선,월화수목금
화물,3198,상행,22,조치원,19:26:00,19:31:00,대피,충북선,월화수목금
화물,3198,상행,23,내판,19:36:30,19:36:30,통과,경부선,월화수목금
화물,3198,상행,24,부강,19:40:30,19:40:30,통과,경부선,월화수목금
화물,3198,상행,25,매포,19:44:00,19:44:00,통과,경부선,월화수목금
화물,3198,상행,26,신탄진,19:51:00,20:18:00,화물취급,경부선,월화수목금
화물,3198,상행,27,회덕,20:24:00,20:24:00,통과,경부선,월화수목금
화물,3198,상행,28,대전조,20:29:00,20:29:00,종착,경부선,월화수목금
화물,3215,하행,1,청주,16:15:00,16:15:00,시발,충북선,월화수목금
화물,3215,하행,2,오근장,16:26:00,16:26:00,통과,충북선,월화수목금
화물,3215,하행,3,청주공,16:28:30,16:28:30,통과,충북선,월화수목금
화물,3215,하행,4,내수,16:32:30,16:32:30,통과,충북선,월화수목금
화물,3215,하행,5,증평,16:39:30,16:39:30,통과,충북선,월화수목금
화물,3215,하행,6,도안,16:44:30,16:44:30,통과,충북선,월화수목금
화물,3215,하행,7,보천,16:52:30,16:52:30,통과,충북선,월화수목금
화물,3215,하행,8,음성,17:00:00,17:00:00,통과,충북선,월화수목금
화물,3215,하행,9,소이,17:04:00,17:04:00,통과,충북선,월화수목금
화물,3215,하행,10,주덕,17:11:00,17:11:00,통과,충북선,월화수목금
화물,3215,하행,11,달천,17:17:00,17:17:00,통과,충북선,월화수목금
화물,3215,하행,12,충주,17:20:30,17:20:30,통과,충북선,월화수목금
화물,3215,하행,13,목행,17:25:30,17:25:30,통과,충북선,월화수목금
화물,3215,하행,14,동량,17:29:30,17:29:30,통과,충북선,월화수목금
화물,3215,하행,15,삼탄,17:36:30,17:36:30,통과,충북선,월화수목금
화물,3215,하행,16,공전,17:41:30,17:41:30,통과,충북선,월화수목금
화물,3215,하행,17,봉양,17:48:30,17:48:30,통과,충북선,월화수목금
화물,3215,하행,18,제천조,17:53:00,18:33:00,화물취급,중앙선,월화수목금
화물,3215,하행,19,제천,18:38:00,18:42:00,승무원교대,중앙선,월화수목금
화물,3215,하행,20,입석리,19:01:00,19:01:00,통과,태백선,월화수목금
화물,3215,하행,21,쌍룡,19:08:00,19:08:00,종착,태백선,월화수목금
화물,3216,상행,1,쌍룡,11:08:00,11:08:00,시발,태백선,월화수목금
화물,3216,상행,2,입석리,11:15:00,11:15:00,통과,태백선,월화수목금
화물,3216,상행,3,제천,11:34:00,11:40:00,승무원교대,태백선,월화수목금
화물,3216,상행,4,제천조,11:46:00,12:06:00,화물취급,중앙선,월화수목금
화물,3216,상행,5,봉양,12:11:30,12:11:30,통과,중앙선,월화수목금
화물,3216,상행,6,공전,12:19:30,12:19:30,통과,충북선,월화수목금
화물,3216,상행,7,삼탄,12:24:30,12:24:30,통과,충북선,월화수목금
화물,3216,상행,8,동량,12:31:30,12:31:30,통과,충북선,월화수목금
화물,3216,상행,9,목행,12:35:30,12:35:30,통과,충북선,월화수목금
화물,3216,상행,10,충주,12:40:30,12:40:30,통과,충북선,월화수목금
화물,3216,상행,11,달천,12:44:00,12:44:00,통과,충북선,월화수목금
화물,3216,상행,12,주덕,12:50:00,12:50:00,통과,충북선,월화수목금
화물,3216,상행,13,소이,12:57:00,12:57:00,통과,충북선,월화수목금
화물,3216,상행,14,음성,13:01:00,13:01:00,통과,충북선,월화수목금
화물,3216,상행,15,보천,13:08:30,13:08:30,통과,충북선,월화수목금
화물,3216,상행,16,도안,13:16:30,13:16:30,통과,충북선,월화수목금
화물,3216,상행,17,증평,13:21:30,13:21:30,통과,충북선,월화수목금
화물,3216,상행,18,내수,13:28:30,13:28:30,통과,충북선,월화수목금
화물,3216,상행,19,청주공,13:32:30,13:32:30,통과,충북선,월화수목금
화물,3216,상행,20,오근장,13:35:00,13:35:00,통과,충북선,월화수목금
화물,3216,상행,21,청주,13:45:00,13:45:00,종착,충북선,월화수목금
화물,3221,하행,1,수색,14:22:00,14:22:00,시발,경의선,매일
화물,3221,하행,2,디엠시,14:24:00,14:24:00,통과,경의선,매일
화물,3221,하행,3,가좌,14:27:00,14:27:00,통과,경의선,매일
화물,3221,하행,4,신촌,14:31:00,14:31:00,통과,경의선,매일
화물,3221,하행,5,서울,14:36:00,14:36:00,통과,경의선,매일
화물,3221,하행,6,용산,14:41:00,14:41:00,통과,경부선,매일
화물,3221,하행,7,노량진,14:44:30,14:44:30,통과,경부선,매일
화물,3221,하행,8,영등포,14:47:30,14:47:30,통과,경부선,매일
화물,3221,하행,9,금천구,14:53:30,14:53:30,통과,경부선,매일
화물,3221,하행,10,안양,14:58:00,14:58:00,통과,경부선,매일
화물,3221,하행,11,군포,15:02:30,15:02:30,통과,경부선,매일
화물,3221,하행,12,의왕,15:05:30,15:05:30,통과,경부선,매일
화물,3221,하행,13,수원,15:11:30,15:11:30,통과,경부선,매일
화물,3221,하행,14,병점,15:17:00,15:17:00,통과,경부선,매일
화물,3221,하행,15,오산,15:23:00,15:23:00,통과,경부선,매일
화물,3221,하행,16,송탄,15:29:00,15:29:00,통과,경부선,매일
화물,3221,하행,17,서정리,15:31:00,15:31:00,통과,경부선,매일
화물,3221,하행,18,평택,15:38:00,15:44:00,대피,경부선,매일
화물,3221,하행,19,성환,15:51:00,15:51:00,통과,경부선,매일
화물,3221,하행,20,직산,15:55:30,15:55:30,통과,경부선,매일
화물,3221,하행,21,두정,15:58:30,15:58:30,통과,경부선,매일
화물,3221,하행,22,천안,16:03:00,16:33:00,승무원교대,경부선,매일
화물,3221,하행,23,소정리,16:44:00,16:44:00,통과,경부선,매일
화물,3221,하행,24,전의,16:49:30,16:49:30,통과,경부선,매일
화물,3221,하행,25,전동,16:55:00,16:55:00,통과,경부선,매일
화물,3221,하행,26,서창,16:58:00,16:58:00,통과,경부선,매일
화물,3221,하행,27,오송,17:04:00,17:04:00,통과,오송선,매일
화물,3221,하행,28,청주,17:11:00,17:11:00,통과,충북선,매일
화물,3221,하행,29,오근장,17:20:00,17:20:00,통과,충북선,매일
화물,3221,하행,30,청주공,17:22:30,17:22:30,통과,충북선,매일
화물,3221,하행,31,내수,17:26:30,17:26:30,통과,충북선,매일
화물,3221,하행,32,증평,17:33:30,17:33:30,통과,충북선,매일
화물,3221,하행,33,도안,17:38:30,17:38:30,통과,충북선,매일
화물,3221,하행,34,보천,17:46:30,17:46:30,통과,충북선,매일
화물,3221,하행,35,음성,17:54:00,17:54:00,통과,충북선,매일
화물,3221,하행,36,소이,17:58:00,17:58:00,통과,충북선,매일
화물,3221,하행,37,주덕,18:05:00,18:05:00,통과,충북선,매일
화물,3221,하행,38,달천,18:11:00,18:11:00,통과,충북선,매일
화물,3221,하행,39,충주,18:14:30,18:14:30,통과,충북선,매일
화물,3221,하행,40,목행,18:19:30,18:19:30,통과,충북선,매일
화물,3221,하행,41,동량,18:23:30,18:23:30,통과,충북선,매일
화물,3221,하행,42,삼탄,18:30:30,18:30:30,통과,충북선,매일
화물,3221,하행,43,공전,18:35:30,18:35:30,통과,충북선,매일
화물,3221,하행,44,봉양,18:42:30,18:42:30,통과,충북선,매일
화물,3221,하행,45,제천조,18:48:00,19:28:00,화물취급,중앙선,매일
화물,3221,하행,46,제천,19:33:00,19:36:00,승무원교대,중앙선,매일
화물,3221,하행,47,고명,19:41:30,19:41:30,통과,중앙선,매일
화물,3221,하행,48,삼곡,19:47:00,19:47:00,통과,중앙선,매일
화물,3221,하행,49,도담,19:55:00,19:55:00,종착,중앙선,매일
화물,3222,상행,1,도담,05:52:00,05:52:00,시발,중앙선,매일
화물,3222,상행,2,삼곡,06:00:00,06:00:00,통과,중앙선,매일
화물,3222,상행,3,고명,06:05:30,06:05:30,통과,중앙선,매일
화물,3222,상행,4,제천,06:11:00,06:13:00,승무원교대,중앙선,매일
화물,3222,상행,5,제천조,06:18:00,06:18:00,통과,중앙선,매일
화물,3222,상행,6,봉양,06:22:30,06:22:30,통과,중앙선,매일
화물,3222,상행,7,공전,06:30:00,06:30:00,통과,충북선,매일
화물,3222,상행,8,삼탄,06:35:00,06:35:00,통과,충북선,매일
화물,3222,상행,9,동량,06:42:00,06:42:00,통과,충북선,매일
화물,3222,상행,10,목행,06:46:00,06:46:00,통과,충북선,매일
화물,3222,상행,11,충주,06:51:00,06:51:00,통과,충북선,매일
화물,3222,상행,12,달천,06:54:30,06:54:30,통과,충북선,매일
화물,3222,상행,13,주덕,07:00:30,07:00:30,통과,충북선,매일
화물,3222,상행,14,소이,07:07:00,07:07:00,통과,충북선,매일
화물,3222,상행,15,음성,07:11:00,07:11:00,통과,충북선,매일
화물,3222,상행,16,보천,07:18:30,07:18:30,통과,충북선,매일
화물,3222,상행,17,도안,07:26:30,07:26:30,통과,충북선,매일
화물,3222,상행,18,증평,07:31:30,07:31:30,통과,충북선,매일
화물,3222,상행,19,내수,07:38:30,07:38:30,통과,충북선,매일
화물,3222,상행,20,청주공,07:42:30,07:42:30,통과,충북선,매일
화물,3222,상행,21,오근장,07:45:00,07:45:00,통과,충북선,매일
화물,3222,상행,22,청주,07:53:30,07:53:30,통과,충북선,매일
화물,3222,상행,23,오송,07:59:30,07:59:30,통과,충북선,매일
화물,3222,상행,24,서창,08:05:30,08:05:30,통과,오송선,매일
화물,3222,상행,25,전동,08:08:30,08:08:30,통과,경부선,매일
화물,3222,상행,26,전의,08:14:00,08:14:00,통과,경부선,매일
화물,3222,상행,27,소정리,08:19:00,08:19:00,통과,경부선,매일
화물,3222,상행,28,천안,08:29:00,08:32:00,승무원교대,경부선,매일
화물,3222,상행,29,두정,08:37:00,08:37:00,통과,경부선,매일
화물,3222,상행,30,직산,08:40:00,08:40:00,통과,경부선,매일
화물,3222,상행,31,성환,08:44:00,08:44:00,통과,경부선,매일
화물,3222,상행,32,평택,08:50:00,08:50:00,통과,경부선,매일
화물,3222,상행,33,서정리,08:55:30,08:55:30,통과,경부선,매일
화물,3222,상행,34,송탄,08:57:00,08:57:00,통과,경부선,매일
화물,3222,상행,35,오산,09:02:00,09:02:00,통과,경부선,매일
화물,3222,상행,36,병점,09:07:00,09:07:00,통과,경부선,매일
화물,3222,상행,37,수원,09:12:30,09:12:30,통과,경부선,매일
화물,3222,상행,38,의왕,09:19:30,09:19:30,통과,경부선,매일
화물,3222,상행,39,군포,09:23:30,09:23:30,통과,경부선,매일
화물,3222,상행,40,안양,09:27:30,09:27:30,통과,경부선,매일
화물,3222,상행,41,금천구,09:33:30,09:48:30,대피,경부선,매일
화물,3222,상행,42,영등포,09:55:30,09:55:30,통과,경부선,매일
화물,3222,상행,43,노량진,09:59:30,09:59:30,통과,경부선,매일
화물,3222,상행,44,용산,10:03:00,10:03:00,통과,경부선,매일
화물,3222,상행,45,서울,10:06:00,10:06:00,통과,경부선,매일
화물,3222,상행,46,신촌,10:11:00,10:11:00,통과,경의선,매일
화물,3222,상행,47,가좌,10:14:00,10:14:00,통과,경의선,매일
화물,3222,상행,48,디엠시,10:16:00,10:16:00,통과,경의선,매일
화물,3222,상행,49,수색,10:18:00,10:18:00,종착,경의선,매일
화물,3223,하행,1,수색,15:08:00,15:08:00,시발,경의선,매일
화물,3223,하행,2,디엠시,15:10:00,15:10:00,통과,경의선,매일
화물,3223,하행,3,가좌,15:13:00,15:13:00,통과,경의선,매일
화물,3223,하행,4,신촌,15:17:00,15:17:00,통과,경의선,매일
화물,3223,하행,5,서울,15:22:00,15:25:00,운전취급,경의선,매일
화물,3223,하행,6,용산,15:31:00,15:31:00,통과,경부3선,매일
화물,3223,하행,7,이촌,15:35:00,15:35:00,통과,경원선,매일
화물,3223,하행,8,서빙고,15:37:00,15:37:00,통과,경원선,매일
화물,3223,하행,9,한남,15:39:30,15:39:30,통과,경원선,매일
화물,3223,하행,10,옥수,15:42:00,15:42:00,통과,경원선,매일
화물,3223,하행,11,응봉,15:44:30,15:44:30,통과,경원선,매일
화물,3223,하행,12,왕십리,15:46:30,15:46:30,통과,경원선,매일
화물,3223,하행,13,청량리,15:51:30,16:00:00,승무원교대,경원선,매일
화물,3223,하행,14,회기,16:03:00,16:03:00,통과,중앙선,매일
화물,3223,하행,15,중랑,16:06:00,16:06:00,통과,중앙선,매일
화물,3223,하행,16,상봉,16:07:30,16:07:30,통과,중앙선,매일
화물,3223,하행,17,망우,16:10:00,16:10:00,통과,중앙선,매일
화물,3223,하행,18,1양원,16:13:30,16:13:30,통과,중앙선,매일
화물,3223,하행,19,구리,16:18:00,16:18:00,통과,중앙선,매일
화물,3223,하행,20,도농,16:20:30,16:20:30,통과,중앙선,매일
화물,3223,하행,21,1양정,16:24:30,16:24:30,통과,중앙선,매일
화물,3223,하행,22,덕소,16:28:00,16:28:00,통과,중앙선,매일
화물,3223,하행,23,도심,16:30:00,16:30:00,통과,중앙선,매일
화물,3223,하행,24,팔당,16:34:30,16:34:30,통과,중앙선,매일
화물,3223,하행,25,운길산,16:40:00,16:40:00,통과,중앙선,매일
화물,3223,하행,26,양수,16:42:30,16:46:30,대피,중앙선,매일
화물,3223,하행,27,신원,16:52:00,16:52:00,통과,중앙선,매일
화물,3223,하행,28,국수,16:54:30,16:54:30,통과,중앙선,매일
화물,3223,하행,29,아신,17:00:00,17:06:00,대피,중앙선,매일
화물,3223,하행,30,오빈,17:09:30,17:09:30,통과,중앙선,매일
화물,3223,하행,31,양평,17:11:30,17:11:30,통과,중앙선,매일
화물,3223,하행,32,원덕,17:16:30,17:16:30,통과,중앙선,매일
화물,3223,하행,33,용문,17:21:00,17:21:00,통과,중앙선,매일
화물,3223,하행,34,지평,17:24:30,17:24:30,통과,중앙선,매일
화물,3223,하행,35,석불,17:27:00,17:27:00,통과,중앙선,매일
화물,3223,하행,36,일신,17:30:00,17:30:00,통과,중앙선,매일
화물,3223,하행,37,매곡,17:33:30,17:33:30,통과,중앙선,매일
화물,3223,하행,38,양동,17:36:30,17:36:30,통과,중앙선,매일
화물,3223,하행,39,삼산,17:40:00,17:40:00,통과,중앙선,매일
화물,3223,하행,40,서원주,17:46:30,17:46:30,통과,중앙선,매일
화물,3223,하행,41,원주,17:52:30,17:52:30,통과,중앙선,매일
화물,3223,하행,42,운학,18:03:30,18:03:30,통과,중앙선,매일
화물,3223,하행,43,봉양,18:15:00,18:20:00,대피,중앙선,매일
화물,3223,하행,44,제천조,18:26:00,18:26:00,통과,중앙선,매일
화물,3223,하행,45,제천,18:30:30,19:04:00,동력차교체,중앙선,매일
화물,3223,하행,46,입석리,19:22:30,19:22:30,통과,태백선,매일
화물,3223,하행,47,쌍룡,19:28:30,19:28:30,통과,태백선,매일
화물,3223,하행,48,연당,19:38:30,19:46:30,교행,태백선,매일
화물,3223,하행,49,청령포,19:54:00,19:54:00,통과,태백선,매일
화물,3223,하행,50,영월,19:58:00,19:58:00,통과,태백선,매일
화물,3223,하행,51,탄부,20:01:30,20:01:30,통과,태백선,매일
화물,3223,하행,52,연하,20:08:00,20:26:00,교행,태백선,매일
화물,3223,하행,53,석항,20:34:30,20:34:30,통과,태백선,매일
화물,3223,하행,54,예미,20:39:00,20:39:00,통과,태백선,매일
화물,3223,하행,55,조동,20:47:30,20:47:30,통과,태백선,매일
화물,3223,하행,56,자미원,20:53:00,20:53:00,통과,태백선,매일
화물,3223,하행,57,민둥산,21:02:00,21:02:00,통과,태백선,매일
화물,3223,하행,58,사북,21:10:00,21:10:00,통과,태백선,매일
화물,3223,하행,59,고한,21:16:00,21:16:00,통과,태백선,매일
화물,3223,하행,60,추전,21:27:30,21:27:30,통과,태백선,매일
화물,3223,하행,61,태백,21:38:00,21:40:00,승무원교대,태백선,매일
화물,3223,하행,62,문곡,21:45:00,21:45:00,통과,태백선,매일
화물,3223,하행,63,태백분,21:51:00,21:51:00,통과,태백선,매일
화물,3223,하행,64,동백산,21:53:00,21:53:00,통과,태백삼각선,매일
화물,3223,하행,65,솔안,22:06:00,22:06:00,통과,영동선,매일
화물,3223,하행,66,도계솔,22:15:00,22:15:00,통과,영동선,매일
화물,3223,하행,67,도계,22:16:30,22:16:30,통과,영동선,매일
화물,3223,하행,68,고사리,22:22:30,22:22:30,통과,영동선,매일
화물,3223,하행,69,하고사,22:25:00,22:25:00,통과,영동선,매일
화물,3223,하행,70,마차리,22:29:30,22:29:30,통과,영동선,매일
화물,3223,하행,71,신기,22:36:30,22:36:30,통과,영동선,매일
화물,3223,하행,72,상정,22:43:30,22:43:30,통과,영동선,매일
화물,3223,하행,73,미로,22:49:30,22:49:30,통과,영동선,매일
화물,3223,하행,74,도경리,22:54:30,22:54:30,통과,영동선,매일
화물,3223,하행,75,동해,23:06:00,23:06:00,종착,영동선,매일
화물,3224,상행,1,도담,06:47:00,06:47:00,시발,중앙선,매일
화물,3224,상행,2,삼곡,06:55:00,06:55:00,통과,중앙선,매일
화물,3224,상행,3,고명,07:00:30,07:00:30,통과,중앙선,매일
화물,3224,상행,4,제천,07:06:00,07:09:00,승무원교대,중앙선,매일
화물,3224,상행,5,제천조,07:14:00,07:14:00,통과,중앙선,매일
화물,3224,상행,6,봉양,07:18:30,07:18:30,통과,중앙선,매일
화물,3224,상행,7,운학,07:29:00,07:29:00,통과,중앙선,매일
화물,3224,상행,8,원주,07:40:00,07:40:00,통과,중앙선,매일
화물,3224,상행,9,서원주,07:46:00,07:46:00,통과,중앙선,매일
화물,3224,상행,10,삼산,07:52:30,07:52:30,통과,중앙선,매일
화물,3224,상행,11,양동,07:56:00,07:56:00,통과,중앙선,매일
화물,3224,상행,12,매곡,07:59:00,07:59:00,통과,중앙선,매일
화물,3224,상행,13,일신,08:02:30,08:02:30,통과,중앙선,매일
화물,3224,상행,14,석불,08:06:00,08:06:00,통과,중앙선,매일
화물,3224,상행,15,지평,08:08:30,08:08:30,통과,중앙선,매일
화물,3224,상행,16,용문,08:12:00,08:12:00,통과,중앙선,매일
화물,3224,상행,17,원덕,08:16:30,08:16:30,통과,중앙선,매일
화물,3224,상행,18,양평,08:22:30,08:22:30,통과,중앙선,매일
화물,3224,상행,19,오빈,08:25:30,08:25:30,통과,중앙선,매일
화물,3224,상행,20,아신,08:28:30,08:28:30,통과,중앙선,매일
화물,3224,상행,21,국수,08:32:00,08:32:00,통과,중앙선,매일
화물,3224,상행,22,신원,08:35:30,08:35:30,통과,중앙선,매일
화물,3224,상행,23,양수,08:39:30,08:39:30,통과,중앙선,매일
화물,3224,상행,24,운길산,08:42:00,08:42:00,통과,중앙선,매일
화물,3224,상행,25,팔당,08:47:30,08:47:30,통과,중앙선,매일
화물,3224,상행,26,도심,08:52:00,08:52:00,통과,중앙선,매일
화물,3224,상행,27,덕소,08:54:30,09:27:00,대피,중앙선,매일
화물,3224,상행,28,1양정,09:31:30,09:31:30,통과,중앙선,매일
화물,3224,상행,29,도농,09:36:00,09:36:00,통과,중앙선,매일
화물,3224,상행,30,구리,09:38:30,09:43:00,대피,중앙선,매일
화물,3224,상행,31,1양원,09:47:00,09:47:00,통과,중앙선,매일
화물,3224,상행,32,망우,09:49:30,09:49:30,통과,중앙선,매일
화물,3224,상행,33,상봉,09:51:30,09:51:30,통과,중앙선,매일
화물,3224,상행,34,중랑,09:53:00,09:53:00,통과,중앙선,매일
화물,3224,상행,35,회기,09:56:00,09:56:00,통과,중앙선,매일
화물,3224,상행,36,청량리,09:59:00,10:02:00,승무원교대,중앙선,매일
화물,3224,상행,37,왕십리,10:06:00,10:06:00,통과,경원선,매일
화물,3224,상행,38,응봉,10:07:30,10:07:30,통과,경원선,매일
화물,3224,상행,39,옥수,10:10:00,10:10:00,통과,경원선,매일
화물,3224,상행,40,한남,10:12:00,10:12:00,통과,경원선,매일
화물,3224,상행,41,서빙고,10:14:30,10:14:30,통과,경원선,매일
화물,3224,상행,42,이촌,10:16:30,10:16:30,통과,경원선,매일
화물,3224,상행,43,용산,10:20:00,10:20:00,통과,경원선,매일
화물,3224,상행,44,서울,10:26:00,10:26:00,통과,경부3선,매일
화물,3224,상행,45,신촌,10:32:00,10:32:00,통과,경의선,매일
화물,3224,상행,46,가좌,10:35:00,10:35:00,통과,경의선,매일
화물,3224,상행,47,디엠시,10:37:00,10:37:00,통과,경의선,매일
화물,3224,상행,48,수색,10:40:00,10:40:00,종착,경의선,매일
근거리,Y3224,상행,1,제천조,05:55:00,05:55:00,시발,중앙선,매일
근거리,Y3224,상행,2,제천,05:59:00,05:59:00,통과,중앙선,매일
근거리,Y3224,상행,3,고명,06:05:00,06:05:00,통과,중앙선,매일
근거리,Y3224,상행,4,삼곡,06:11:00,06:11:00,통과,중앙선,매일
근거리,Y3224,상행,5,도담,06:18:00,06:18:00,종착,중앙선,매일
화물,3225,하행,1,수색,17:03:00,17:03:00,시발,경의선,매일
화물,3225,하행,2,디엠시,17:05:00,17:05:00,통과,경의선,매일
화물,3225,하행,3,가좌,17:08:00,17:08:00,통과,경의선,매일
화물,3225,하행,4,신촌,17:12:00,17:12:00,통과,경의선,매일
화물,3225,하행,5,서울,17:17:30,17:17:30,통과,경의선,매일
화물,3225,하행,6,용산,17:21:30,17:21:30,통과,경부선,매일
화물,3225,하행,7,노량진,17:24:30,17:24:30,통과,경부선,매일
화물,3225,하행,8,영등포,17:29:00,17:32:30,대피,경부선,매일
화물,3225,하행,9,금천구,17:40:30,17:40:30,통과,경부선,매일
화물,3225,하행,10,안양,17:45:00,17:45:00,통과,경부선,매일
화물,3225,하행,11,군포,17:49:30,17:49:30,통과,경부선,매일
화물,3225,하행,12,의왕,17:52:30,17:52:30,통과,경부선,매일
화물,3225,하행,13,수원,17:58:30,17:58:30,통과,경부선,매일
화물,3225,하행,14,병점,18:03:30,18:03:30,통과,경부선,매일
화물,3225,하행,15,오산,18:09:00,18:09:00,통과,경부선,매일
화물,3225,하행,16,송탄,18:14:00,18:14:00,통과,경부선,매일
화물,3225,하행,17,서정리,18:15:30,18:15:30,통과,경부선,매일
화물,3225,하행,18,평택,18:21:30,18:21:30,통과,경부선,매일
화물,3225,하행,19,성환,18:28:00,18:28:00,통과,경부선,매일
화물,3225,하행,20,직산,18:32:00,18:32:00,통과,경부선,매일
화물,3225,하행,21,두정,18:35:00,18:35:00,통과,경부선,매일
화물,3225,하행,22,천안,18:39:00,18:44:00,승무원교대,경부선,매일
화물,3225,하행,23,소정리,18:54:00,18:54:00,통과,경부선,매일
화물,3225,하행,24,전의,18:59:30,18:59:30,통과,경부선,매일
화물,3225,하행,25,전동,19:05:00,19:05:00,통과,경부선,매일
화물,3225,하행,26,서창,19:08:00,19:08:00,통과,경부선,매일
화물,3225,하행,27,오송,19:14:00,19:14:00,통과,오송선,매일
화물,3225,하행,28,청주,19:20:00,19:20:00,통과,충북선,매일
화물,3225,하행,29,오근장,19:28:30,19:28:30,통과,충북선,매일
화물,3225,하행,30,청주공,19:31:00,19:31:00,통과,충북선,매일
화물,3225,하행,31,내수,19:35:00,19:35:00,통과,충북선,매일
화물,3225,하행,32,증평,19:41:30,19:41:30,통과,충북선,매일
화물,3225,하행,33,도안,19:46:30,19:46:30,통과,충북선,매일
화물,3225,하행,34,보천,19:54:00,19:54:00,통과,충북선,매일
화물,3225,하행,35,음성,20:01:00,20:01:00,통과,충북선,매일
화물,3225,하행,36,소이,20:05:00,20:05:00,통과,충북선,매일
화물,3225,하행,37,주덕,20:12:00,20:12:00,통과,충북선,매일
화물,3225,하행,38,달천,20:18:00,20:18:00,통과,충북선,매일
화물,3225,하행,39,충주,20:21:30,20:21:30,통과,충북선,매일
화물,3225,하행,40,목행,20:26:30,20:26:30,통과,충북선,매일
화물,3225,하행,41,동량,20:30:30,20:37:30,대피,충북선,매일
화물,3225,하행,42,삼탄,20:44:30,20:44:30,통과,충북선,매일
화물,3225,하행,43,공전,20:49:30,20:49:30,통과,충북선,매일
화물,3225,하행,44,봉양,20:56:30,20:56:30,통과,충북선,매일
화물,3225,하행,45,제천조,21:02:00,21:42:00,화물취급,중앙선,매일
화물,3225,하행,46,제천,21:47:00,21:50:00,승무원교대,중앙선,매일
화물,3225,하행,47,고명,21:55:00,21:55:00,통과,중앙선,매일
화물,3225,하행,48,삼곡,22:00:30,22:00:30,통과,중앙선,매일
화물,3225,하행,49,도담,22:08:00,22:08:00,종착,중앙선,매일
화물,3226,상행,1,도담,12:08:00,12:08:00,시발,중앙선,매일
화물,3226,상행,2,삼곡,12:16:00,12:16:00,통과,중앙선,매일
화물,3226,상행,3,고명,12:21:30,12:21:30,통과,중앙선,매일
화물,3226,상행,4,제천,12:27:00,12:31:00,승무원교대,중앙선,매일
화물,3226,상행,5,제천조,12:37:00,13:00:00,화물취급,중앙선,매일
화물,3226,상행,6,봉양,13:05:30,13:05:30,통과,중앙선,매일
화물,3226,상행,7,운학,13:16:00,13:16:00,통과,중앙선,매일
화물,3226,상행,8,원주,13:27:00,13:27:00,통과,중앙선,매일
화물,3226,상행,9,서원주,13:33:00,13:33:00,통과,중앙선,매일
화물,3226,상행,10,삼산,13:39:30,13:39:30,통과,중앙선,매일
화물,3226,상행,11,양동,13:43:00,13:43:00,통과,중앙선,매일
화물,3226,상행,12,매곡,13:46:00,13:46:00,통과,중앙선,매일
화물,3226,상행,13,일신,13:49:30,13:49:30,통과,중앙선,매일
화물,3226,상행,14,석불,13:52:30,13:52:30,통과,중앙선,매일
화물,3226,상행,15,지평,13:55:30,13:55:30,통과,중앙선,매일
화물,3226,상행,16,용문,13:59:30,13:59:30,통과,중앙선,매일
화물,3226,상행,17,원덕,14:05:00,14:05:00,통과,중앙선,매일
화물,3226,상행,18,양평,14:10:00,14:10:00,통과,중앙선,매일
화물,3226,상행,19,오빈,14:12:00,14:12:00,통과,중앙선,매일
화물,3226,상행,20,아신,14:16:00,14:23:00,대피,중앙선,매일
화물,3226,상행,21,국수,14:28:00,14:28:00,통과,중앙선,매일
화물,3226,상행,22,신원,14:31:00,14:31:00,통과,중앙선,매일
화물,3226,상행,23,양수,14:35:00,14:35:00,통과,중앙선,매일
화물,3226,상행,24,운길산,14:37:00,14:37:00,통과,중앙선,매일
화물,3226,상행,25,팔당,14:42:00,14:42:00,통과,중앙선,매일
화물,3226,상행,26,도심,14:47:30,14:47:30,통과,중앙선,매일
화물,3226,상행,27,덕소,14:49:30,14:49:30,통과,중앙선,매일
화물,3226,상행,28,1양정,14:52:00,14:52:00,통과,중앙선,매일
화물,3226,상행,29,도농,14:55:30,14:55:30,통과,중앙선,매일
화물,3226,상행,30,구리,14:57:30,15:04:00,대피,중앙선,매일
화물,3226,상행,31,1양원,15:08:00,15:08:00,통과,중앙선,매일
화물,3226,상행,32,망우,15:10:30,15:10:30,통과,중앙선,매일
화물,3226,상행,33,상봉,15:12:30,15:12:30,통과,중앙선,매일
화물,3226,상행,34,중랑,15:14:00,15:14:00,통과,중앙선,매일
화물,3226,상행,35,회기,15:16:30,15:16:30,통과,중앙선,매일
화물,3226,상행,36,청량리,15:20:00,15:23:00,승무원교대,중앙선,매일
화물,3226,상행,37,왕십리,15:27:30,15:27:30,통과,경원선,매일
화물,3226,상행,38,응봉,15:29:00,15:29:00,통과,경원선,매일
화물,3226,상행,39,옥수,15:31:00,15:31:00,통과,경원선,매일
화물,3226,상행,40,한남,15:33:00,15:33:00,통과,경원선,매일
화물,3226,상행,41,서빙고,15:35:30,15:35:30,통과,경원선,매일
화물,3226,상행,42,이촌,15:37:30,15:37:30,통과,경원선,매일
화물,3226,상행,43,용산,15:41:30,15:41:30,통과,경원선,매일
화물,3226,상행,44,서울,15:47:30,15:50:00,운전취급,경부3선,매일
화물,3226,상행,45,신촌,15:55:00,15:55:00,통과,경의선,매일
화물,3226,상행,46,가좌,15:57:30,15:57:30,통과,경의선,매일
화물,3226,상행,47,디엠시,15:59:30,15:59:30,통과,경의선,매일
화물,3226,상행,48,수색,16:04:00,16:04:00,종착,경의선,매일
화물,3227,하행,1,수색,19:57:00,19:57:00,시발,경의선,매일
화물,3227,하행,2,디엠시,19:59:00,19:59:00,통과,경의선,매일
화물,3227,하행,3,가좌,20:02:00,20:02:00,통과,경의선,매일
화물,3227,하행,4,신촌,20:06:00,20:06:00,통과,경의선,매일
화물,3227,하행,5,서울,20:11:00,20:11:00,통과,경의선,매일
화물,3227,하행,6,용산,20:16:30,20:16:30,통과,경부3선,매일
화물,3227,하행,7,이촌,20:20:30,20:20:30,통과,경원선,매일
화물,3227,하행,8,서빙고,20:22:30,20:22:30,통과,경원선,매일
화물,3227,하행,9,한남,20:25:30,20:25:30,통과,경원선,매일
화물,3227,하행,10,옥수,20:28:00,20:28:00,통과,경원선,매일
화물,3227,하행,11,응봉,20:30:30,20:30:30,통과,경원선,매일
화물,3227,하행,12,왕십리,20:32:30,20:32:30,통과,경원선,매일
화물,3227,하행,13,청량리,20:37:30,20:44:30,승무원교대,경원선,매일
화물,3227,하행,14,회기,20:48:30,20:48:30,통과,중앙선,매일
화물,3227,하행,15,중랑,20:51:30,20:51:30,통과,중앙선,매일
화물,3227,하행,16,상봉,20:53:00,20:53:00,통과,중앙선,매일
화물,3227,하행,17,망우,20:55:00,20:55:00,통과,중앙선,매일
화물,3227,하행,18,1양원,20:58:00,20:58:00,통과,중앙선,매일
화물,3227,하행,19,구리,21:02:00,21:02:00,통과,중앙선,매일
화물,3227,하행,20,도농,21:05:00,21:05:00,통과,중앙선,매일
화물,3227,하행,21,1양정,21:09:00,21:09:00,통과,중앙선,매일
화물,3227,하행,22,덕소,21:12:30,21:12:30,통과,중앙선,매일
화물,3227,하행,23,도심,21:15:00,21:15:00,통과,중앙선,매일
화물,3227,하행,24,팔당,21:19:00,21:19:00,통과,중앙선,매일
화물,3227,하행,25,운길산,21:24:30,21:24:30,통과,중앙선,매일
화물,3227,하행,26,양수,21:27:00,21:27:00,통과,중앙선,매일
화물,3227,하행,27,신원,21:31:00,21:31:00,통과,중앙선,매일
화물,3227,하행,28,국수,21:33:30,21:33:30,통과,중앙선,매일
화물,3227,하행,29,아신,21:37:00,21:37:00,통과,중앙선,매일
화물,3227,하행,30,오빈,21:39:30,21:39:30,통과,중앙선,매일
화물,3227,하행,31,양평,21:41:30,21:41:30,통과,중앙선,매일
화물,3227,하행,32,원덕,21:47:00,21:50:30,대피,중앙선,매일
화물,3227,하행,33,용문,21:56:00,21:56:00,통과,중앙선,매일
화물,3227,하행,34,지평,21:59:30,21:59:30,통과,중앙선,매일
화물,3227,하행,35,석불,22:02:00,22:02:00,통과,중앙선,매일
화물,3227,하행,36,일신,22:05:00,22:05:00,통과,중앙선,매일
화물,3227,하행,37,매곡,22:08:00,22:08:00,통과,중앙선,매일
화물,3227,하행,38,양동,22:11:00,22:11:00,통과,중앙선,매일
화물,3227,하행,39,삼산,22:14:00,22:14:00,통과,중앙선,매일
화물,3227,하행,40,서원주,22:20:00,22:20:00,통과,중앙선,매일
화물,3227,하행,41,원주,22:26:00,22:26:00,통과,중앙선,매일
화물,3227,하행,42,운학,22:37:00,22:37:00,통과,중앙선,매일
화물,3227,하행,43,봉양,22:47:30,22:47:30,통과,중앙선,매일
화물,3227,하행,44,제천조,22:51:30,22:51:30,통과,중앙선,매일
화물,3227,하행,45,제천,22:56:00,23:09:00,승무원교대,중앙선,매일
화물,3227,하행,46,고명,23:14:00,23:14:00,통과,중앙선,매일
화물,3227,하행,47,삼곡,23:19:30,23:19:30,통과,중앙선,매일
화물,3227,하행,48,도담,23:27:00,23:27:00,종착,중앙선,매일
화물,3228,상행,1,동해,13:08:00,13:08:00,시발,영동선,매일
화물,3228,상행,2,도경리,13:18:30,13:18:30,통과,영동선,매일
화물,3228,상행,3,미로,13:23:30,13:28:00,교행,영동선,매일
화물,3228,상행,4,상정,13:34:00,13:34:00,통과,영동선,매일
화물,3228,상행,5,신기,13:41:00,13:44:00,교행,영동선,매일
화물,3228,상행,6,마차리,13:51:00,13:55:30,교행,영동선,매일
화물,3228,상행,7,하고사,14:00:00,14:00:00,통과,영동선,매일
화물,3228,상행,8,고사리,14:02:30,14:02:30,통과,영동선,매일
화물,3228,상행,9,도계,14:08:30,14:08:30,통과,영동선,매일
화물,3228,상행,10,도계솔,14:10:00,14:10:00,통과,영동선,매일
화물,3228,상행,11,솔안,14:19:00,14:19:00,통과,영동선,매일
화물,3228,상행,12,동백산,14:32:00,14:32:00,통과,영동선,매일
화물,3228,상행,13,태백분,14:34:00,14:34:00,통과,태백삼각선,매일
화물,3228,상행,14,문곡,14:40:00,14:40:00,통과,태백선,매일
화물,3228,상행,15,태백,14:45:00,14:50:00,승무원교대,태백선,매일
화물,3228,상행,16,추전,15:00:00,15:00:00,통과,태백선,매일
화물,3228,상행,17,고한,15:11:30,15:17:00,교행,태백선,매일
화물,3228,상행,18,사북,15:23:00,15:23:00,통과,태백선,매일
화물,3228,상행,19,민둥산,15:31:00,15:31:00,통과,태백선,매일
화물,3228,상행,20,자미원,15:39:30,15:39:30,통과,태백선,매일
화물,3228,상행,21,조동,15:46:30,15:46:30,통과,태백선,매일
화물,3228,상행,22,예미,15:56:30,16:08:30,교행,태백선,매일
화물,3228,상행,23,석항,16:12:30,16:12:30,통과,태백선,매일
화물,3228,상행,24,연하,16:20:30,16:20:30,통과,태백선,매일
화물,3228,상행,25,탄부,16:27:00,16:27:00,통과,태백선,매일
화물,3228,상행,26,영월,16:30:30,16:30:30,통과,태백선,매일
화물,3228,상행,27,청령포,16:34:30,16:34:30,통과,태백선,매일
화물,3228,상행,28,연당,16:42:00,16:42:00,통과,태백선,매일
화물,3228,상행,29,쌍룡,16:52:00,16:52:00,통과,태백선,매일
화물,3228,상행,30,입석리,16:58:00,16:58:00,통과,태백선,매일
화물,3228,상행,31,제천,17:17:30,17:42:30,동력차교체,태백선,매일
화물,3228,상행,32,제천조,17:47:30,18:10:30,화물취급,중앙선,매일
화물,3228,상행,33,봉양,18:16:00,18:16:00,통과,중앙선,매일
화물,3228,상행,34,공전,18:24:00,18:24:00,통과,충북선,매일
화물,3228,상행,35,삼탄,18:29:00,18:29:00,통과,충북선,매일
화물,3228,상행,36,동량,18:36:00,18:36:00,통과,충북선,매일
화물,3228,상행,37,목행,18:40:00,18:40:00,통과,충북선,매일
화물,3228,상행,38,충주,18:45:00,18:45:00,통과,충북선,매일
화물,3228,상행,39,달천,18:48:30,18:48:30,통과,충북선,매일
화물,3228,상행,40,주덕,18:54:30,18:54:30,통과,충북선,매일
화물,3228,상행,41,소이,19:01:30,19:01:30,통과,충북선,매일
화물,3228,상행,42,음성,19:05:30,19:05:30,통과,충북선,매일
화물,3228,상행,43,보천,19:13:00,19:13:00,통과,충북선,매일
화물,3228,상행,44,도안,19:21:00,19:21:00,통과,충북선,매일
화물,3228,상행,45,증평,19:26:00,19:26:00,통과,충북선,매일
화물,3228,상행,46,내수,19:33:00,19:33:00,통과,충북선,매일
화물,3228,상행,47,청주공,19:37:00,19:37:00,통과,충북선,매일
화물,3228,상행,48,오근장,19:39:30,19:39:30,통과,충북선,매일
화물,3228,상행,49,청주,19:49:00,19:49:00,통과,충북선,매일
화물,3228,상행,50,오송,19:54:30,19:54:30,통과,충북선,매일
화물,3228,상행,51,서창,20:00:30,20:00:30,통과,오송선,매일
화물,3228,상행,52,전동,20:03:30,20:03:30,통과,경부선,매일
화물,3228,상행,53,전의,20:09:30,20:09:30,통과,경부선,매일
화물,3228,상행,54,소정리,20:15:30,20:15:30,통과,경부선,매일
화물,3228,상행,55,천안,20:25:30,20:44:30,승무원교대,경부선,매일
화물,3228,상행,56,두정,20:48:30,20:48:30,통과,경부선,매일
화물,3228,상행,57,직산,20:51:30,20:51:30,통과,경부선,매일
화물,3228,상행,58,성환,20:55:30,20:55:30,통과,경부선,매일
화물,3228,상행,59,평택,21:02:00,21:02:00,통과,경부선,매일
화물,3228,상행,60,서정리,21:07:30,21:07:30,통과,경부선,매일
화물,3228,상행,61,송탄,21:09:30,21:09:30,통과,경부선,매일
화물,3228,상행,62,오산,21:15:00,21:15:00,통과,경부선,매일
화물,3228,상행,63,병점,21:20:30,21:20:30,통과,경부선,매일
화물,3228,상행,64,수원,21:26:00,21:26:00,통과,경부선,매일
화물,3228,상행,65,의왕,21:31:00,21:31:00,통과,경부선,매일
화물,3228,상행,66,군포,21:34:00,21:34:00,통과,경부선,매일
화물,3228,상행,67,안양,21:38:30,21:38:30,통과,경부선,매일
화물,3228,상행,68,금천구,21:43:00,22:02:00,대피,경부선,매일
화물,3228,상행,69,영등포,22:08:00,22:13:00,대피,경부선,매일
화물,3228,상행,70,노량진,22:17:00,22:17:00,통과,경부선,매일
화물,3228,상행,71,용산,22:20:30,22:20:30,통과,경부선,매일
화물,3228,상행,72,서울,22:24:00,22:24:00,통과,경부선,매일
화물,3228,상행,73,신촌,22:28:30,22:28:30,통과,경의선,매일
화물,3228,상행,74,가좌,22:32:00,22:32:00,통과,경의선,매일
화물,3228,상행,75,디엠시,22:33:30,22:33:30,통과,경의선,매일
화물,3228,상행,76,수색,22:36:00,22:36:00,종착,경의선,매일
화물,3236,하행,1,입석리,06:06:00,06:06:00,시발,태백선,월화수목금
화물,3236,하행,2,제천,06:26:00,06:29:00,승무원교대,태백선,월화수목금
화물,3236,하행,3,제천조,06:34:00,06:34:00,통과,중앙선,월화수목금
화물,3236,하행,4,봉양,06:38:30,06:38:30,통과,중앙선,월화수목금
화물,3236,하행,5,공전,06:46:30,06:46:30,통과,충북선,월화수목금
화물,3236,하행,6,삼탄,06:51:30,06:51:30,통과,충북선,월화수목금
화물,3236,하행,7,동량,06:58:30,06:58:30,통과,충북선,월화수목금
화물,3236,하행,8,목행,07:02:30,07:02:30,통과,충북선,월화수목금
화물,3236,하행,9,충주,07:07:30,07:07:30,통과,충북선,월화수목금
화물,3236,하행,10,달천,07:11:00,07:11:00,통과,충북선,월화수목금
화물,3236,하행,11,주덕,07:17:00,07:17:00,통과,충북선,월화수목금
화물,3236,하행,12,소이,07:24:00,07:24:00,통과,충북선,월화수목금
화물,3236,하행,13,음성,07:28:00,07:28:00,통과,충북선,월화수목금
화물,3236,하행,14,보천,07:35:30,07:35:30,통과,충북선,월화수목금
화물,3236,하행,15,도안,07:43:30,07:43:30,통과,충북선,월화수목금
화물,3236,하행,16,증평,07:48:30,07:48:30,통과,충북선,월화수목금
화물,3236,하행,17,내수,07:55:30,07:55:30,통과,충북선,월화수목금
화물,3236,하행,18,청주공,07:59:30,07:59:30,통과,충북선,월화수목금
화물,3236,하행,19,오근장,08:02:00,08:02:00,통과,충북선,월화수목금
화물,3236,하행,20,청주,08:11:00,08:11:00,통과,충북선,월화수목금
화물,3236,하행,21,오송,08:17:00,08:17:00,통과,충북선,월화수목금
화물,3236,하행,22,서창,08:23:00,08:23:00,통과,오송선,월화수목금
화물,3236,하행,23,전동,08:26:00,08:26:00,통과,경부선,월화수목금
화물,3236,하행,24,전의,08:32:00,08:32:00,통과,경부선,월화수목금
화물,3236,하행,25,소정리,08:38:00,08:38:00,통과,경부선,월화수목금
화물,3236,하행,26,천안,08:48:00,09:02:00,승무원교대,경부선,월화수목금
화물,3236,하행,27,두정,09:06:00,09:06:00,통과,경부선,월화수목금
화물,3236,하행,28,직산,09:09:00,09:09:00,통과,경부선,월화수목금
화물,3236,하행,29,성환,09:13:00,09:13:00,통과,경부선,월화수목금
화물,3236,하행,30,평택,09:19:30,09:19:30,통과,경부선,월화수목금
화물,3236,하행,31,서정리,09:26:00,09:26:00,통과,경부선,월화수목금
화물,3236,하행,32,송탄,09:28:00,09:28:00,통과,경부선,월화수목금
화물,3236,하행,33,오산,09:34:00,09:34:00,통과,경부선,월화수목금
화물,3236,하행,34,병점,09:40:00,09:40:00,통과,경부선,월화수목금
화물,3236,하행,35,수원,09:45:30,09:45:30,통과,경부선,월화수목금
화물,3236,하행,36,의왕,09:54:00,09:54:00,통과,경부선,월화수목금
화물,3236,하행,37,오봉,10:03:00,10:03:00,종착,남부화물기,월화수목금
근거리,Y3236,상행,1,제천조,05:23:00,05:23:00,시발,중앙선,월화수목금
근거리,Y3236,상행,2,제천,05:27:00,05:27:00,통과,중앙선,월화수목금
근거리,Y3236,상행,3,입석리,05:45:00,05:45:00,종착,태백선,월화수목금
화물,3243,하행,1,덕소,10:32:00,10:32:00,시발,중앙선,월화수목금토
화물,3243,하행,2,도심,10:35:00,10:35:00,통과,중앙선,월화수목금토
화물,3243,하행,3,팔당,10:40:00,10:40:00,통과,중앙선,월화수목금토
화물,3243,하행,4,운길산,10:45:30,10:45:30,통과,중앙선,월화수목금토
화물,3243,하행,5,양수,10:47:00,10:47:00,통과,중앙선,월화수목금토
화물,3243,하행,6,신원,10:51:00,10:51:00,통과,중앙선,월화수목금토
화물,3243,하행,7,국수,10:54:00,10:54:00,통과,중앙선,월화수목금토
화물,3243,하행,8,아신,10:58:30,10:58:30,통과,중앙선,월화수목금토
화물,3243,하행,9,오빈,11:02:30,11:02:30,통과,중앙선,월화수목금토
화물,3243,하행,10,양평,11:04:30,11:04:30,통과,중앙선,월화수목금토
화물,3243,하행,11,원덕,11:10:00,11:10:00,통과,중앙선,월화수목금토
화물,3243,하행,12,용문,11:14:30,11:14:30,통과,중앙선,월화수목금토
화물,3243,하행,13,지평,11:17:30,11:17:30,통과,중앙선,월화수목금토
화물,3243,하행,14,석불,11:20:30,11:20:30,통과,중앙선,월화수목금토
화물,3243,하행,15,일신,11:23:30,11:23:30,통과,중앙선,월화수목금토
화물,3243,하행,16,매곡,11:27:30,11:27:30,통과,중앙선,월화수목금토
화물,3243,하행,17,양동,11:30:30,11:30:30,통과,중앙선,월화수목금토
화물,3243,하행,18,삼산,11:34:00,11:34:00,통과,중앙선,월화수목금토
화물,3243,하행,19,서원주,11:40:30,11:40:30,통과,중앙선,월화수목금토
화물,3243,하행,20,원주,11:46:30,11:46:30,통과,중앙선,월화수목금토
화물,3243,하행,21,운학,11:57:30,11:57:30,통과,중앙선,월화수목금토
화물,3243,하행,22,봉양,12:08:00,12:08:00,통과,중앙선,월화수목금토
화물,3243,하행,23,제천조,12:13:00,12:47:00,화물취급,중앙선,월화수목금토
화물,3243,하행,24,제천,12:52:00,12:55:00,승무원교대,중앙선,월화수목금토
화물,3243,하행,25,입석리,13:15:00,13:15:00,종착,태백선,월화수목금토
화물,3252,상행,1,제천조,04:45:00,04:45:00,시발,중앙선,월화수목금토
화물,3252,상행,2,봉양,04:49:30,04:49:30,통과,중앙선,월화수목금토
화물,3252,상행,3,운학,05:00:00,05:00:00,통과,중앙선,월화수목금토
화물,3252,상행,4,원주,05:11:00,05:11:00,통과,중앙선,월화수목금토
화물,3252,상행,5,서원주,05:17:00,05:17:00,통과,중앙선,월화수목금토
화물,3252,상행,6,삼산,05:23:30,05:23:30,통과,중앙선,월화수목금토
화물,3252,상행,7,양동,05:27:00,05:27:00,통과,중앙선,월화수목금토
화물,3252,상행,8,매곡,05:30:00,05:30:00,통과,중앙선,월화수목금토
화물,3252,상행,9,일신,05:33:30,05:33:30,통과,중앙선,월화수목금토
화물,3252,상행,10,석불,05:36:30,05:36:30,통과,중앙선,월화수목금토
화물,3252,상행,11,지평,05:39:00,05:39:00,통과,중앙선,월화수목금토
화물,3252,상행,12,용문,05:42:30,05:42:30,통과,중앙선,월화수목금토
화물,3252,상행,13,원덕,05:47:30,05:47:30,통과,중앙선,월화수목금토
화물,3252,상행,14,양평,05:53:30,05:53:30,통과,중앙선,월화수목금토
화물,3252,상행,15,오빈,05:56:30,05:56:30,통과,중앙선,월화수목금토
화물,3252,상행,16,아신,06:00:00,06:00:00,통과,중앙선,월화수목금토
화물,3252,상행,17,국수,06:04:00,06:04:00,통과,중앙선,월화수목금토
화물,3252,상행,18,신원,06:07:30,06:07:30,통과,중앙선,월화수목금토
화물,3252,상행,19,양수,06:12:30,06:12:30,통과,중앙선,월화수목금토
화물,3252,상행,20,운길산,06:14:30,06:14:30,통과,중앙선,월화수목금토
화물,3252,상행,21,팔당,06:19:30,06:19:30,통과,중앙선,월화수목금토
화물,3252,상행,22,도심,06:24:00,06:24:00,통과,중앙선,월화수목금토
화물,3252,상행,23,덕소,06:27:00,06:27:00,종착,중앙선,월화수목금토
화물,3254,상행,1,입석리,08:18:00,08:18:00,시발,태백선,월화수목금토
화물,3254,상행,2,제천,08:34:00,08:37:00,승무원교대,태백선,월화수목금토
화물,3254,상행,3,제천조,08:43:00,09:09:00,화물취급,중앙선,월화수목금토
화물,3254,상행,4,봉양,09:14:30,09:14:30,통과,중앙선,월화수목금토
화물,3254,상행,5,운학,09:25:00,09:25:00,통과,중앙선,월화수목금토
화물,3254,상행,6,원주,09:36:00,09:36:00,통과,중앙선,월화수목금토
화물,3254,상행,7,서원주,09:42:00,09:42:00,통과,중앙선,월화수목금토
화물,3254,상행,8,삼산,09:48:30,09:48:30,통과,중앙선,월화수목금토
화물,3254,상행,9,양동,09:52:00,09:52:00,통과,중앙선,월화수목금토
화물,3254,상행,10,매곡,09:55:00,09:55:00,통과,중앙선,월화수목금토
화물,3254,상행,11,일신,09:58:30,09:58:30,통과,중앙선,월화수목금토
화물,3254,상행,12,석불,10:01:30,10:01:30,통과,중앙선,월화수목금토
화물,3254,상행,13,지평,10:05:00,10:05:00,통과,중앙선,월화수목금토
화물,3254,상행,14,용문,10:10:00,10:10:00,통과,중앙선,월화수목금토
화물,3254,상행,15,원덕,10:14:30,10:14:30,통과,중앙선,월화수목금토
화물,3254,상행,16,양평,10:19:30,10:19:30,통과,중앙선,월화수목금토
화물,3254,상행,17,오빈,10:21:30,10:21:30,통과,중앙선,월화수목금토
화물,3254,상행,18,아신,10:25:00,10:30:00,대피,중앙선,월화수목금토
화물,3254,상행,19,국수,10:35:30,10:35:30,통과,중앙선,월화수목금토
화물,3254,상행,20,신원,10:38:00,10:38:00,통과,중앙선,월화수목금토
화물,3254,상행,21,양수,10:42:00,10:42:00,통과,중앙선,월화수목금토
화물,3254,상행,22,운길산,10:44:00,10:44:00,통과,중앙선,월화수목금토
화물,3254,상행,23,팔당,10:49:30,10:49:30,통과,중앙선,월화수목금토
화물,3254,상행,24,도심,10:54:30,10:54:30,통과,중앙선,월화수목금토
화물,3254,상행,25,덕소,10:57:30,10:57:30,종착,중앙선,월화수목금토
화물,3255,하행,1,덕소,15:41:00,15:41:00,시발,중앙선,월화수목금토
화물,3255,하행,2,도심,15:44:00,15:44:00,통과,중앙선,월화수목금토
화물,3255,하행,3,팔당,15:49:00,15:49:00,통과,중앙선,월화수목금토
화물,3255,하행,4,운길산,15:54:30,15:54:30,통과,중앙선,월화수목금토
화물,3255,하행,5,양수,15:56:00,15:56:00,통과,중앙선,월화수목금토
화물,3255,하행,6,신원,16:00:00,16:00:00,통과,중앙선,월화수목금토
화물,3255,하행,7,국수,16:02:30,16:02:30,통과,중앙선,월화수목금토
화물,3255,하행,8,아신,16:06:00,16:06:00,통과,중앙선,월화수목금토
화물,3255,하행,9,오빈,16:08:30,16:08:30,통과,중앙선,월화수목금토
화물,3255,하행,10,양평,16:10:30,16:10:30,통과,중앙선,월화수목금토
화물,3255,하행,11,원덕,16:17:00,16:22:30,대피,중앙선,월화수목금토
화물,3255,하행,12,용문,16:28:00,16:28:00,통과,중앙선,월화수목금토
화물,3255,하행,13,지평,16:31:30,16:31:30,통과,중앙선,월화수목금토
화물,3255,하행,14,석불,16:34:00,16:34:00,통과,중앙선,월화수목금토
화물,3255,하행,15,일신,16:37:00,16:37:00,통과,중앙선,월화수목금토
화물,3255,하행,16,매곡,16:40:30,16:40:30,통과,중앙선,월화수목금토
화물,3255,하행,17,양동,16:43:30,16:43:30,통과,중앙선,월화수목금토
화물,3255,하행,18,삼산,16:47:00,16:47:00,통과,중앙선,월화수목금토
화물,3255,하행,19,서원주,16:53:30,16:53:30,통과,중앙선,월화수목금토
화물,3255,하행,20,원주,16:59:30,16:59:30,통과,중앙선,월화수목금토
화물,3255,하행,21,운학,17:10:30,17:10:30,통과,중앙선,월화수목금토
화물,3255,하행,22,봉양,17:21:00,17:21:00,통과,중앙선,월화수목금토
화물,3255,하행,23,제천조,17:26:00,18:01:00,화물취급,중앙선,월화수목금토
화물,3255,하행,24,제천,18:06:30,18:10:00,승무원교대,중앙선,월화수목금토
화물,3255,하행,25,입석리,18:28:00,18:28:00,종착,태백선,월화수목금토
근거리,R3255,상행,1,입석리,18:48:00,18:48:00,시발,태백선,월화수목금토
근거리,R3255,상행,2,제천,19:06:00,19:06:00,통과,태백선,월화수목금토
근거리,R3255,상행,3,제천조,19:11:00,19:11:00,종착,중앙선,월화수목금토
화물,3261,하행,1,팔당,11:17:00,11:17:00,시발,중앙선,매일
화물,3261,하행,2,운길산,11:24:00,11:24:00,통과,중앙선,매일
화물,3261,하행,3,양수,11:25:30,11:25:30,통과,중앙선,매일
화물,3261,하행,4,신원,11:29:30,11:29:30,통과,중앙선,매일
화물,3261,하행,5,국수,11:33:00,12:13:00,화물취급,중앙선,매일
화물,3261,하행,6,아신,12:17:30,12:17:30,통과,중앙선,매일
화물,3261,하행,7,오빈,12:20:00,12:20:00,통과,중앙선,매일
화물,3261,하행,8,양평,12:23:30,12:28:00,대피,중앙선,매일
화물,3261,하행,9,원덕,12:34:00,12:34:00,통과,중앙선,매일
화물,3261,하행,10,용문,12:38:30,12:38:30,통과,중앙선,매일
화물,3261,하행,11,지평,12:42:00,12:42:00,통과,중앙선,매일
화물,3261,하행,12,석불,12:44:30,12:44:30,통과,중앙선,매일
화물,3261,하행,13,일신,12:47:30,12:47:30,통과,중앙선,매일
화물,3261,하행,14,매곡,12:51:00,12:51:00,통과,중앙선,매일
화물,3261,하행,15,양동,12:54:00,12:54:00,통과,중앙선,매일
화물,3261,하행,16,삼산,12:57:30,12:57:30,통과,중앙선,매일
화물,3261,하행,17,서원주,13:03:30,13:03:30,통과,중앙선,매일
화물,3261,하행,18,원주,13:09:30,13:09:30,통과,중앙선,매일
화물,3261,하행,19,운학,13:20:30,13:20:30,통과,중앙선,매일
화물,3261,하행,20,봉양,13:31:00,13:31:00,통과,중앙선,매일
화물,3261,하행,21,제천조,13:35:00,13:35:00,통과,중앙선,매일
화물,3261,하행,22,제천,13:40:00,13:47:00,승무원교대,중앙선,매일
화물,3261,하행,23,입석리,14:05:00,14:05:00,통과,태백선,매일
화물,3261,하행,24,쌍룡,14:12:00,14:12:00,종착,태백선,매일
화물,3262,상행,1,제천조,04:57:00,04:57:00,시발,중앙선,매일
화물,3262,상행,2,봉양,05:01:30,05:01:30,통과,중앙선,매일
화물,3262,상행,3,운학,05:12:00,05:12:00,통과,중앙선,매일
화물,3262,상행,4,원주,05:23:00,05:23:00,통과,중앙선,매일
화물,3262,상행,5,서원주,05:29:00,05:29:00,통과,중앙선,매일
화물,3262,상행,6,삼산,05:35:30,05:35:30,통과,중앙선,매일
화물,3262,상행,7,양동,05:39:00,05:39:00,통과,중앙선,매일
화물,3262,상행,8,매곡,05:42:00,05:42:00,통과,중앙선,매일
화물,3262,상행,9,일신,05:45:30,05:45:30,통과,중앙선,매일
화물,3262,상행,10,석불,05:48:30,05:48:30,통과,중앙선,매일
화물,3262,상행,11,지평,05:52:00,05:52:00,통과,중앙선,매일
화물,3262,상행,12,용문,05:55:30,05:55:30,통과,중앙선,매일
화물,3262,상행,13,원덕,06:00:00,06:00:00,통과,중앙선,매일
화물,3262,상행,14,양평,06:05:00,06:05:00,통과,중앙선,매일
화물,3262,상행,15,오빈,06:08:00,06:08:00,통과,중앙선,매일
화물,3262,상행,16,아신,06:11:30,06:11:30,통과,중앙선,매일
화물,3262,상행,17,국수,06:15:30,06:15:30,통과,중앙선,매일
화물,3262,상행,18,신원,06:19:00,06:19:00,통과,중앙선,매일
화물,3262,상행,19,양수,06:23:00,06:23:00,통과,중앙선,매일
화물,3262,상행,20,운길산,06:25:30,06:25:30,통과,중앙선,매일
화물,3262,상행,21,팔당,06:31:00,06:31:00,종착,중앙선,매일
화물,3263,하행,1,팔당,16:43:00,16:43:00,시발,중앙선,매일
화물,3263,하행,2,운길산,16:50:00,16:50:00,통과,중앙선,매일
화물,3263,하행,3,양수,16:52:00,16:52:00,통과,중앙선,매일
화물,3263,하행,4,신원,16:56:00,16:56:00,통과,중앙선,매일
화물,3263,하행,5,국수,16:59:30,17:39:30,화물취급,중앙선,매일
화물,3263,하행,6,아신,17:44:00,17:44:00,통과,중앙선,매일
화물,3263,하행,7,오빈,17:47:30,17:47:30,통과,중앙선,매일
화물,3263,하행,8,양평,17:49:30,17:49:30,통과,중앙선,매일
화물,3263,하행,9,원덕,17:56:00,18:00:00,운전취급,중앙선,매일
화물,3263,하행,10,용문,18:05:30,18:05:30,통과,중앙선,매일
화물,3263,하행,11,지평,18:09:00,18:09:00,통과,중앙선,매일
화물,3263,하행,12,석불,18:11:30,18:11:30,통과,중앙선,매일
화물,3263,하행,13,일신,18:14:30,18:14:30,통과,중앙선,매일
화물,3263,하행,14,매곡,18:18:00,18:18:00,통과,중앙선,매일
화물,3263,하행,15,양동,18:21:00,18:21:00,통과,중앙선,매일
화물,3263,하행,16,삼산,18:24:30,18:24:30,통과,중앙선,매일
화물,3263,하행,17,서원주,18:31:00,18:31:00,통과,중앙선,매일
화물,3263,하행,18,원주,18:37:00,18:37:00,통과,중앙선,매일
화물,3263,하행,19,운학,18:49:30,18:57:00,운전취급,중앙선,매일
화물,3263,하행,20,봉양,19:10:00,19:10:00,통과,중앙선,매일
화물,3263,하행,21,제천조,19:14:30,19:14:30,통과,중앙선,매일
화물,3263,하행,22,제천,19:19:00,19:22:00,승무원교대,중앙선,매일
화물,3263,하행,23,입석리,19:40:00,19:40:00,통과,태백선,매일
화물,3263,하행,24,쌍룡,19:47:00,19:47:00,종착,태백선,매일
근거리,R3263,상행,1,쌍룡,20:31:00,20:31:00,시발,태백선,매일
근거리,R3263,상행,2,입석리,20:38:00,21:10:00,화물취급,태백선,매일
근거리,R3263,상행,3,제천,21:28:00,21:28:00,통과,태백선,매일
근거리,R3263,상행,4,제천조,21:32:00,21:32:00,종착,중앙선,매일
화물,3264,상행,1,쌍룡,08:32:00,08:32:00,시발,태백선,매일
화물,3264,상행,2,입석리,08:39:00,08:39:00,통과,태백선,매일
화물,3264,상행,3,제천,08:56:00,09:02:00,승무원교대,태백선,매일
화물,3264,상행,4,제천조,09:08:00,09:29:00,화물취급,중앙선,매일
화물,3264,상행,5,봉양,09:34:30,09:34:30,통과,중앙선,매일
화물,3264,상행,6,운학,09:45:00,09:45:00,통과,중앙선,매일
화물,3264,상행,7,원주,09:56:00,09:56:00,통과,중앙선,매일
화물,3264,상행,8,서원주,10:03:00,10:03:00,통과,중앙선,매일
화물,3264,상행,9,삼산,10:10:00,10:15:00,대피,중앙선,매일
화물,3264,상행,10,양동,10:20:00,10:20:00,통과,중앙선,매일
화물,3264,상행,11,매곡,10:23:00,10:23:00,통과,중앙선,매일
화물,3264,상행,12,일신,10:26:30,10:26:30,통과,중앙선,매일
화물,3264,상행,13,석불,10:29:30,10:29:30,통과,중앙선,매일
화물,3264,상행,14,지평,10:32:00,10:32:00,통과,중앙선,매일
화물,3264,상행,15,용문,10:35:30,10:35:30,통과,중앙선,매일
화물,3264,상행,16,원덕,10:40:00,10:40:00,통과,중앙선,매일
화물,3264,상행,17,양평,10:45:00,10:45:00,통과,중앙선,매일
화물,3264,상행,18,오빈,10:47:00,10:47:00,통과,중앙선,매일
화물,3264,상행,19,아신,10:49:30,10:49:30,통과,중앙선,매일
화물,3264,상행,20,국수,10:53:00,10:53:00,통과,중앙선,매일
화물,3264,상행,21,신원,10:55:30,10:55:30,통과,중앙선,매일
화물,3264,상행,22,양수,10:59:30,10:59:30,통과,중앙선,매일
화물,3264,상행,23,운길산,11:01:00,11:01:00,통과,중앙선,매일
화물,3264,상행,24,팔당,11:07:00,11:07:00,종착,중앙선,매일
화물,3267,하행,1,오봉,18:19:00,18:19:00,시발,남부화물기,매일
화물,3267,하행,2,의왕,18:28:00,18:28:00,통과,남부화물기,매일
화물,3267,하행,3,수원,18:37:00,18:37:00,통과,경부선,매일
화물,3267,하행,4,병점,18:42:00,18:42:00,통과,경부선,매일
화물,3267,하행,5,오산,18:47:30,18:47:30,통과,경부선,매일
화물,3267,하행,6,송탄,18:53:00,18:53:00,통과,경부선,매일
화물,3267,하행,7,서정리,18:55:00,18:55:00,통과,경부선,매일
화물,3267,하행,8,평택,19:01:00,19:01:00,통과,경부선,매일
화물,3267,하행,9,성환,19:09:00,19:18:00,대피,경부선,매일
화물,3267,하행,10,직산,19:23:00,19:23:00,통과,경부선,매일
화물,3267,하행,11,두정,19:26:00,19:26:00,통과,경부선,매일
화물,3267,하행,12,천안,19:30:00,19:33:00,승무원교대,경부선,매일
화물,3267,하행,13,소정리,19:43:00,19:43:00,통과,경부선,매일
화물,3267,하행,14,전의,19:48:30,19:48:30,통과,경부선,매일
화물,3267,하행,15,전동,19:54:00,19:54:00,통과,경부선,매일
화물,3267,하행,16,서창,19:57:00,19:57:00,통과,경부선,매일
화물,3267,하행,17,오송,20:03:00,20:03:00,통과,오송선,매일
화물,3267,하행,18,청주,20:10:00,20:10:00,통과,충북선,매일
화물,3267,하행,19,오근장,20:18:30,20:18:30,통과,충북선,매일
화물,3267,하행,20,청주공,20:21:00,20:21:00,통과,충북선,매일
화물,3267,하행,21,내수,20:25:00,20:25:00,통과,충북선,매일
화물,3267,하행,22,증평,20:31:30,20:31:30,통과,충북선,매일
화물,3267,하행,23,도안,20:36:30,20:36:30,통과,충북선,매일
화물,3267,하행,24,보천,20:44:00,20:44:00,통과,충북선,매일
화물,3267,하행,25,음성,20:51:00,20:51:00,통과,충북선,매일
화물,3267,하행,26,소이,20:55:00,20:55:00,통과,충북선,매일
화물,3267,하행,27,주덕,21:02:00,21:02:00,통과,충북선,매일
화물,3267,하행,28,달천,21:08:00,21:08:00,통과,충북선,매일
화물,3267,하행,29,충주,21:11:30,21:11:30,통과,충북선,매일
화물,3267,하행,30,목행,21:16:30,21:16:30,통과,충북선,매일
화물,3267,하행,31,동량,21:20:30,21:20:30,통과,충북선,매일
화물,3267,하행,32,삼탄,21:27:30,21:27:30,통과,충북선,매일
화물,3267,하행,33,공전,21:32:30,21:32:30,통과,충북선,매일
화물,3267,하행,34,봉양,21:41:30,21:41:30,통과,충북선,매일
화물,3267,하행,35,제천조,21:47:30,22:32:30,화물취급,중앙선,매일
화물,3267,하행,36,제천,22:37:30,22:41:00,승무원교대,중앙선,매일
화물,3267,하행,37,입석리,23:01:00,23:01:00,종착,태백선,매일
화물,3268,상행,1,입석리,11:50:00,11:50:00,시발,태백선,매일
화물,3268,상행,2,제천,12:10:00,12:13:00,승무원교대,태백선,매일
화물,3268,상행,3,제천조,12:19:00,12:39:00,화물취급,중앙선,매일
화물,3268,상행,4,봉양,12:44:30,12:44:30,통과,중앙선,매일
화물,3268,상행,5,공전,12:52:30,12:52:30,통과,충북선,매일
화물,3268,상행,6,삼탄,12:57:30,12:57:30,통과,충북선,매일
화물,3268,상행,7,동량,13:04:30,13:04:30,통과,충북선,매일
화물,3268,상행,8,목행,13:08:30,13:08:30,통과,충북선,매일
화물,3268,상행,9,충주,13:13:30,13:13:30,통과,충북선,매일
화물,3268,상행,10,달천,13:17:00,13:17:00,통과,충북선,매일
화물,3268,상행,11,주덕,13:23:00,13:23:00,통과,충북선,매일
화물,3268,상행,12,소이,13:30:00,13:30:00,통과,충북선,매일
화물,3268,상행,13,음성,13:34:00,13:34:00,통과,충북선,매일
화물,3268,상행,14,보천,13:41:30,13:41:30,통과,충북선,매일
화물,3268,상행,15,도안,13:49:30,13:49:30,통과,충북선,매일
화물,3268,상행,16,증평,13:54:30,13:54:30,통과,충북선,매일
화물,3268,상행,17,내수,14:01:30,14:01:30,통과,충북선,매일
화물,3268,상행,18,청주공,14:05:30,14:05:30,통과,충북선,매일
화물,3268,상행,19,오근장,14:08:00,14:08:00,통과,충북선,매일
화물,3268,상행,20,청주,14:17:00,14:17:00,통과,충북선,매일
화물,3268,상행,21,오송,14:23:00,14:23:00,통과,충북선,매일
화물,3268,상행,22,서창,14:29:00,14:29:00,통과,오송선,매일
화물,3268,상행,23,전동,14:32:00,14:32:00,통과,경부선,매일
화물,3268,상행,24,전의,14:37:30,14:37:30,통과,경부선,매일
화물,3268,상행,25,소정리,14:43:00,14:43:00,통과,경부선,매일
화물,3268,상행,26,천안,14:53:00,14:56:00,승무원교대,경부선,매일
화물,3268,상행,27,두정,15:00:30,15:00:30,통과,경부선,매일
화물,3268,상행,28,직산,15:03:30,15:03:30,통과,경부선,매일
화물,3268,상행,29,성환,15:07:30,15:07:30,통과,경부선,매일
화물,3268,상행,30,평택,15:14:30,15:14:30,통과,경부선,매일
화물,3268,상행,31,서정리,15:20:30,15:20:30,통과,경부선,매일
화물,3268,상행,32,송탄,15:22:30,15:22:30,통과,경부선,매일
화물,3268,상행,33,오산,15:28:00,15:28:00,통과,경부선,매일
화물,3268,상행,34,병점,15:33:30,15:33:30,통과,경부선,매일
화물,3268,상행,35,수원,15:38:30,15:38:30,통과,경부선,매일
화물,3268,상행,36,의왕,15:47:00,15:47:00,통과,경부선,매일
화물,3268,상행,37,오봉,15:56:00,15:56:00,종착,남부화물기,매일
화물,3271,하행,1,제천,06:37:00,06:37:00,시발,중앙선,매일
화물,3271,하행,2,고명,06:42:30,06:42:30,통과,중앙선,매일
화물,3271,하행,3,삼곡,06:48:00,06:48:00,통과,중앙선,매일
화물,3271,하행,4,도담,06:56:30,07:21:30,화물취급,중앙선,매일
화물,3271,하행,5,단양,07:29:00,07:29:00,통과,중앙선,매일
화물,3271,하행,6,풍기,07:49:00,07:49:00,통과,중앙선,매일
화물,3271,하행,7,영주,08:02:00,08:14:00,승무원교대,중앙선,매일
화물,3271,하행,8,옹천,08:32:30,08:32:30,통과,중앙선,매일
화물,3271,하행,9,안동,08:44:00,08:44:00,통과,중앙선,매일
화물,3271,하행,10,의성,09:06:00,09:06:00,통과,중앙선,매일
화물,3271,하행,11,군위,09:26:00,09:26:00,통과,중앙선,매일
화물,3271,하행,12,북영천,09:51:00,09:51:00,통과,중앙선,매일
화물,3271,하행,13,북영분,09:54:00,09:54:00,통과,영천삼각선,매일
화물,3271,하행,14,금호,10:00:30,10:00:30,통과,대구선,매일
화물,3271,하행,15,하양,10:04:30,10:04:30,통과,대구선,매일
화물,3271,하행,16,청천,10:09:00,10:09:00,통과,대구선,매일
화물,3271,하행,17,금강,10:12:30,10:12:30,통과,대구선,매일
화물,3271,하행,18,가천,10:17:00,10:17:00,종착,대구선,매일
화물,3272,상행,1,가천,14:22:00,14:22:00,시발,대구선,매일
화물,3272,상행,2,금강,14:28:00,14:28:00,통과,대구선,매일
화물,3272,상행,3,청천,14:31:30,14:31:30,통과,대구선,매일
화물,3272,상행,4,하양,14:36:00,14:36:00,통과,대구선,매일
화물,3272,상행,5,금호,14:40:00,14:40:00,통과,대구선,매일
화물,3272,상행,6,북영분,14:47:00,14:47:00,통과,대구선,매일
화물,3272,상행,7,북영천,14:50:00,14:50:00,통과,영천삼각선,매일
화물,3272,상행,8,군위,15:15:00,15:15:00,통과,중앙선,매일
화물,3272,상행,9,의성,15:35:00,15:35:00,통과,중앙선,매일
화물,3272,상행,10,안동,15:57:00,15:57:00,통과,중앙선,매일
화물,3272,상행,11,옹천,16:08:30,16:08:30,통과,중앙선,매일
화물,3272,상행,12,영주,16:26:00,17:06:00,승무원교대,중앙선,매일
화물,3272,상행,13,풍기,17:19:00,17:19:00,통과,중앙선,매일
화물,3272,상행,14,단양,17:39:00,17:39:00,통과,중앙선,매일
화물,3272,상행,15,도담,17:46:30,18:08:30,화물취급,중앙선,매일
화물,3272,상행,16,삼곡,18:15:30,18:15:30,통과,중앙선,매일
화물,3272,상행,17,고명,18:21:00,18:21:00,통과,중앙선,매일
화물,3272,상행,18,제천,18:26:30,18:26:30,통과,중앙선,매일
화물,3272,상행,19,제천조,18:31:00,18:31:00,종착,중앙선,매일
화물,3273,하행,1,입석리,07:26:00,07:26:00,시발,태백선,월화수목금토
화물,3273,하행,2,제천,07:46:00,08:11:00,화물취급,태백선,월화수목금토
화물,3273,하행,3,고명,08:16:30,08:16:30,통과,중앙선,월화수목금토
화물,3273,하행,4,삼곡,08:21:00,08:21:00,통과,중앙선,월화수목금토
화물,3273,하행,5,도담,08:28:00,08:28:00,통과,중앙선,월화수목금토
화물,3273,하행,6,단양,08:34:00,08:34:00,통과,중앙선,월화수목금토
화물,3273,하행,7,풍기,08:54:00,08:54:00,통과,중앙선,월화수목금토
화물,3273,하행,8,영주,09:07:00,09:18:00,승무원교대,중앙선,월화수목금토
화물,3273,하행,9,옹천,09:36:30,09:36:30,통과,중앙선,월화수목금토
화물,3273,하행,10,안동,09:48:00,09:48:00,통과,중앙선,월화수목금토
화물,3273,하행,11,의성,10:10:00,10:10:00,통과,중앙선,월화수목금토
화물,3273,하행,12,군위,10:30:00,10:30:00,통과,중앙선,월화수목금토
화물,3273,하행,13,북영천,10:55:00,10:55:00,통과,중앙선,월화수목금토
화물,3273,하행,14,북영분,10:58:00,10:58:00,통과,영천삼각선,월화수목금토
화물,3273,하행,15,금호,11:04:30,11:04:30,통과,대구선,월화수목금토
화물,3273,하행,16,하양,11:09:30,11:09:30,통과,대구선,월화수목금토
화물,3273,하행,17,청천,11:15:00,11:15:00,통과,대구선,월화수목금토
화물,3273,하행,18,금강,11:18:30,11:18:30,통과,대구선,월화수목금토
화물,3273,하행,19,가천,11:24:30,11:27:30,대피,대구선,월화수목금토
화물,3273,하행,20,고모,11:30:00,11:30:00,통과,대구선,월화수목금토
화물,3273,하행,21,동대구,11:36:00,11:39:00,승무원교대,대구선,월화수목금토
화물,3273,하행,22,대구,11:44:00,11:44:00,통과,경부선,월화수목금토
화물,3273,하행,23,서대구,11:47:30,11:47:30,통과,경부선,월화수목금토
화물,3273,하행,24,지천,11:51:30,11:51:30,통과,경부선,월화수목금토
화물,3273,하행,25,신동,12:00:00,12:00:00,종착,경부선,월화수목금토
화물,3274,상행,1,신동,16:33:00,16:33:00,시발,경부선,월화수목금토
화물,3274,상행,2,지천,16:41:00,16:41:00,통과,경부선,월화수목금토
화물,3274,상행,3,서대구,16:45:30,16:45:30,통과,경부선,월화수목금토
화물,3274,상행,4,대구,16:49:00,16:49:00,통과,경부선,월화수목금토
화물,3274,상행,5,동대구,16:53:30,17:03:30,승무원교대,경부선,월화수목금토
화물,3274,상행,6,고모,17:09:30,17:09:30,통과,대구선,월화수목금토
화물,3274,상행,7,가천,17:11:00,17:11:00,통과,대구선,월화수목금토
화물,3274,상행,8,금강,17:16:00,17:16:00,통과,대구선,월화수목금토
화물,3274,상행,9,청천,17:19:30,17:19:30,통과,대구선,월화수목금토
화물,3274,상행,10,하양,17:24:00,17:24:00,통과,대구선,월화수목금토
화물,3274,상행,11,금호,17:28:00,17:28:00,통과,대구선,월화수목금토
화물,3274,상행,12,북영분,17:34:30,17:34:30,통과,대구선,월화수목금토
화물,3274,상행,13,북영천,17:37:30,17:40:30,대피,영천삼각선,월화수목금토
화물,3274,상행,14,군위,18:06:30,18:06:30,통과,중앙선,월화수목금토
화물,3274,상행,15,의성,18:26:30,18:26:30,통과,중앙선,월화수목금토
화물,3274,상행,16,안동,18:48:30,18:48:30,통과,중앙선,월화수목금토
화물,3274,상행,17,옹천,19:02:00,19:11:00,대피,중앙선,월화수목금토
화물,3274,상행,18,영주,19:30:30,19:38:30,승무원교대,중앙선,월화수목금토
화물,3274,상행,19,풍기,19:51:00,19:51:00,통과,중앙선,월화수목금토
화물,3274,상행,20,단양,20:11:00,20:11:00,통과,중앙선,월화수목금토
화물,3274,상행,21,도담,20:17:00,20:37:00,화물취급,중앙선,월화수목금토
화물,3274,상행,22,삼곡,20:45:00,20:45:00,통과,중앙선,월화수목금토
화물,3274,상행,23,고명,20:50:30,20:50:30,통과,중앙선,월화수목금토
화물,3274,상행,24,제천,20:56:00,20:56:00,종착,중앙선,월화수목금토
화물,3331,하행,1,수색,15:28:00,15:28:00,시발,경의선,매일
화물,3331,하행,2,디엠시,15:30:00,15:30:00,통과,경의선,매일
화물,3331,하행,3,가좌,15:33:00,15:33:00,통과,경의선,매일
화물,3331,하행,4,신촌,15:37:00,15:37:00,통과,경의선,매일
화물,3331,하행,5,서울,15:42:00,15:49:00,교행,경의선,매일
화물,3331,하행,6,용산,15:54:30,15:54:30,통과,경부3선,매일
화물,3331,하행,7,이촌,15:58:30,15:58:30,통과,경원선,매일
화물,3331,하행,8,서빙고,16:00:30,16:00:30,통과,경원선,매일
화물,3331,하행,9,한남,16:02:30,16:02:30,통과,경원선,매일
화물,3331,하행,10,옥수,16:04:30,16:04:30,통과,경원선,매일
화물,3331,하행,11,응봉,16:06:30,16:06:30,통과,경원선,매일
화물,3331,하행,12,왕십리,16:08:30,16:08:30,통과,경원선,매일
화물,3331,하행,13,청량리,16:12:30,16:18:00,승무원교대,경원선,매일
화물,3331,하행,14,회기,16:22:00,16:22:00,통과,중앙선,매일
화물,3331,하행,15,중랑,16:25:00,16:25:00,통과,중앙선,매일
화물,3331,하행,16,상봉,16:26:30,16:26:30,통과,중앙선,매일
화물,3331,하행,17,망우,16:29:00,16:33:00,대피,중앙선,매일
화물,3331,하행,18,1양원,16:35:30,16:35:30,통과,중앙선,매일
화물,3331,하행,19,구리,16:38:30,16:38:30,통과,중앙선,매일
화물,3331,하행,20,도농,16:40:30,16:40:30,통과,중앙선,매일
화물,3331,하행,21,1양정,16:44:00,16:44:00,통과,중앙선,매일
화물,3331,하행,22,덕소,16:47:00,16:47:00,통과,중앙선,매일
화물,3331,하행,23,도심,16:48:30,16:48:30,통과,중앙선,매일
화물,3331,하행,24,팔당,16:54:00,17:00:00,대피,중앙선,매일
화물,3331,하행,25,운길산,17:06:00,17:06:00,통과,중앙선,매일
화물,3331,하행,26,양수,17:07:30,17:07:30,통과,중앙선,매일
화물,3331,하행,27,신원,17:11:30,17:11:30,통과,중앙선,매일
화물,3331,하행,28,국수,17:14:00,17:14:00,통과,중앙선,매일
화물,3331,하행,29,아신,17:17:30,17:17:30,통과,중앙선,매일
화물,3331,하행,30,오빈,17:20:00,17:20:00,통과,중앙선,매일
화물,3331,하행,31,양평,17:22:00,17:22:00,통과,중앙선,매일
화물,3331,하행,32,원덕,17:27:00,17:27:00,통과,중앙선,매일
화물,3331,하행,33,용문,17:31:30,17:31:30,통과,중앙선,매일
화물,3331,하행,34,지평,17:35:00,17:35:00,통과,중앙선,매일
화물,3331,하행,35,석불,17:37:30,17:37:30,통과,중앙선,매일
화물,3331,하행,36,일신,17:40:30,17:40:30,통과,중앙선,매일
화물,3331,하행,37,매곡,17:44:00,17:44:00,통과,중앙선,매일
화물,3331,하행,38,양동,17:48:00,17:56:00,대피,중앙선,매일
화물,3331,하행,39,삼산,18:01:30,18:01:30,통과,중앙선,매일
화물,3331,하행,40,서원주,18:08:30,18:08:30,통과,중앙선,매일
화물,3331,하행,41,원주,18:14:30,18:14:30,통과,중앙선,매일
화물,3331,하행,42,운학,18:27:00,18:27:00,통과,중앙선,매일
화물,3331,하행,43,봉양,18:39:00,18:39:00,통과,중앙선,매일
화물,3331,하행,44,제천조,18:44:00,18:44:00,종착,중앙선,매일
화물,3334,상행,1,제천조,09:38:00,09:38:00,시발,중앙선,매일
화물,3334,상행,2,봉양,09:43:30,09:43:30,통과,중앙선,매일
화물,3334,상행,3,운학,09:55:30,10:01:30,대피,중앙선,매일
화물,3334,상행,4,원주,10:14:00,10:14:00,통과,중앙선,매일
화물,3334,상행,5,서원주,10:20:00,10:20:00,통과,중앙선,매일
화물,3334,상행,6,삼산,10:26:30,10:26:30,통과,중앙선,매일
화물,3334,상행,7,양동,10:30:00,10:30:00,통과,중앙선,매일
화물,3334,상행,8,매곡,10:33:00,10:33:00,통과,중앙선,매일
화물,3334,상행,9,일신,10:36:30,10:36:30,통과,중앙선,매일
화물,3334,상행,10,석불,10:40:00,10:40:00,통과,중앙선,매일
화물,3334,상행,11,지평,10:43:30,10:43:30,통과,중앙선,매일
화물,3334,상행,12,용문,10:48:00,10:48:00,통과,중앙선,매일
화물,3334,상행,13,원덕,10:54:00,10:58:00,대피,중앙선,매일
화물,3334,상행,14,양평,11:05:00,11:05:00,통과,중앙선,매일
화물,3334,상행,15,오빈,11:07:00,11:07:00,통과,중앙선,매일
화물,3334,상행,16,아신,11:11:00,11:15:00,대피,중앙선,매일
화물,3334,상행,17,국수,11:21:00,11:27:00,대피,중앙선,매일
화물,3334,상행,18,신원,11:31:00,11:31:00,통과,중앙선,매일
화물,3334,상행,19,양수,11:35:00,11:35:00,통과,중앙선,매일
화물,3334,상행,20,운길산,11:36:30,11:36:30,통과,중앙선,매일
화물,3334,상행,21,팔당,11:41:00,11:41:00,통과,중앙선,매일
화물,3334,상행,22,도심,11:46:00,11:46:00,통과,중앙선,매일
화물,3334,상행,23,덕소,11:47:30,11:47:30,통과,중앙선,매일
화물,3334,상행,24,1양정,11:50:30,11:50:30,통과,중앙선,매일
화물,3334,상행,25,도농,11:55:00,12:03:30,대피,중앙선,매일
화물,3334,상행,26,구리,12:06:30,12:06:30,통과,중앙선,매일
화물,3334,상행,27,1양원,12:10:30,12:10:30,통과,중앙선,매일
화물,3334,상행,28,망우,12:13:00,12:16:30,대피,중앙선,매일
화물,3334,상행,29,상봉,12:19:30,12:19:30,통과,중앙선,매일
화물,3334,상행,30,중랑,12:21:00,12:21:00,통과,중앙선,매일
화물,3334,상행,31,회기,12:23:30,12:23:30,통과,중앙선,매일
화물,3334,상행,32,청량리,12:26:00,12:28:00,승무원교대,중앙선,매일
화물,3334,상행,33,왕십리,12:32:30,12:32:30,통과,경원선,매일
화물,3334,상행,34,응봉,12:34:00,12:34:00,통과,경원선,매일
화물,3334,상행,35,옥수,12:36:00,12:36:00,통과,경원선,매일
화물,3334,상행,36,한남,12:38:30,12:38:30,통과,경원선,매일
화물,3334,상행,37,서빙고,12:41:00,12:41:00,통과,경원선,매일
화물,3334,상행,38,이촌,12:43:30,12:43:30,통과,경원선,매일
화물,3334,상행,39,용산,12:47:30,12:47:30,통과,경원선,매일
화물,3334,상행,40,서울,12:53:30,12:53:30,통과,경부3선,매일
화물,3334,상행,41,신촌,12:59:00,12:59:00,통과,경의선,매일
화물,3334,상행,42,가좌,13:01:30,13:01:30,통과,경의선,매일
화물,3334,상행,43,디엠시,13:03:30,13:03:30,통과,경의선,매일
화물,3334,상행,44,수색,13:07:00,13:07:00,종착,경의선,매일
화물,3341,하행,1,국수,10:27:00,10:27:00,시발,중앙선,월화수목금
화물,3341,하행,2,아신,10:32:00,10:32:00,통과,중앙선,월화수목금
화물,3341,하행,3,오빈,10:35:00,10:35:00,통과,중앙선,월화수목금
화물,3341,하행,4,양평,10:37:00,10:37:00,통과,중앙선,월화수목금
화물,3341,하행,5,원덕,10:43:30,10:50:00,대피,중앙선,월화수목금
화물,3341,하행,6,용문,10:54:30,10:54:30,통과,중앙선,월화수목금
화물,3341,하행,7,지평,10:58:00,10:58:00,통과,중앙선,월화수목금
화물,3341,하행,8,석불,11:00:30,11:00:30,통과,중앙선,월화수목금
화물,3341,하행,9,일신,11:03:30,11:03:30,통과,중앙선,월화수목금
화물,3341,하행,10,매곡,11:07:00,11:07:00,통과,중앙선,월화수목금
화물,3341,하행,11,양동,11:10:00,11:10:00,통과,중앙선,월화수목금
화물,3341,하행,12,삼산,11:13:30,11:13:30,통과,중앙선,월화수목금
화물,3341,하행,13,서원주,11:19:30,11:19:30,통과,중앙선,월화수목금
화물,3341,하행,14,원주,11:25:30,11:25:30,통과,중앙선,월화수목금
화물,3341,하행,15,운학,11:36:30,11:36:30,통과,중앙선,월화수목금
화물,3341,하행,16,봉양,11:47:00,11:47:00,통과,중앙선,월화수목금
화물,3341,하행,17,제천조,11:53:00,11:53:00,종착,중앙선,월화수목금
화물,3342,상행,1,제천조,15:09:00,15:09:00,시발,중앙선,월화수목금
화물,3342,상행,2,봉양,15:14:00,15:14:00,통과,중앙선,월화수목금
화물,3342,상행,3,운학,15:24:30,15:24:30,통과,중앙선,월화수목금
화물,3342,상행,4,원주,15:35:30,15:35:30,통과,중앙선,월화수목금
화물,3342,상행,5,서원주,15:41:30,15:41:30,통과,중앙선,월화수목금
화물,3342,상행,6,삼산,15:48:00,15:48:00,통과,중앙선,월화수목금
화물,3342,상행,7,양동,15:51:30,15:51:30,통과,중앙선,월화수목금
화물,3342,상행,8,매곡,15:54:30,15:54:30,통과,중앙선,월화수목금
화물,3342,상행,9,일신,15:58:00,15:58:00,통과,중앙선,월화수목금
화물,3342,상행,10,석불,16:01:00,16:01:00,통과,중앙선,월화수목금
화물,3342,상행,11,지평,16:03:30,16:03:30,통과,중앙선,월화수목금
화물,3342,상행,12,용문,16:07:00,16:07:00,통과,중앙선,월화수목금
화물,3342,상행,13,원덕,16:11:30,16:11:30,통과,중앙선,월화수목금
화물,3342,상행,14,양평,16:17:00,16:17:00,통과,중앙선,월화수목금
화물,3342,상행,15,오빈,16:20:00,16:20:00,통과,중앙선,월화수목금
화물,3342,상행,16,아신,16:23:30,16:23:30,통과,중앙선,월화수목금
화물,3342,상행,17,국수,16:29:00,16:29:00,종착,중앙선,월화수목금
화물,3345,하행,1,입석리,09:48:00,09:48:00,시발,태백선,매일
화물,3345,하행,2,제천,10:08:00,10:33:00,화물취급,태백선,매일
화물,3345,하행,3,고명,10:38:30,10:38:30,통과,중앙선,매일
화물,3345,하행,4,삼곡,10:44:00,10:44:00,통과,중앙선,매일
화물,3345,하행,5,도담,10:50:30,10:50:30,통과,중앙선,매일
화물,3345,하행,6,단양,10:56:00,10:56:00,통과,중앙선,매일
화물,3345,하행,7,풍기,11:13:00,11:13:00,통과,중앙선,매일
화물,3345,하행,8,영주,11:26:00,11:50:00,동력차교체,중앙선,매일
화물,3345,하행,9,옹천,12:08:30,12:08:30,통과,중앙선,매일
화물,3345,하행,10,안동,12:20:00,12:20:00,통과,중앙선,매일
화물,3345,하행,11,의성,12:42:00,12:42:00,통과,중앙선,매일
화물,3345,하행,12,군위,13:02:00,13:02:00,통과,중앙선,매일
화물,3345,하행,13,북영천,13:26:00,13:26:00,통과,중앙선,매일
화물,3345,하행,14,영천,13:29:30,13:51:30,화물취급,중앙선,매일
화물,3345,하행,15,아화,14:07:00,14:07:00,통과,중앙선,매일
화물,3345,하행,16,모량,14:18:00,14:18:00,통과,중앙선,매일
화물,3345,하행,17,서경주,14:25:30,14:25:30,통과,동해선,매일
화물,3345,하행,18,안강,14:35:00,14:35:00,통과,동해선,매일
화물,3345,하행,19,부조,14:42:00,14:42:00,통과,동해선,매일
화물,3345,하행,20,효자,14:50:00,14:52:00,교행,괴동선,매일
화물,3345,하행,21,괴동,15:01:00,15:01:00,종착,괴동선,매일
화물,3347,하행,1,고명,11:42:00,11:42:00,시발,중앙선,매일
화물,3347,하행,2,삼곡,11:49:00,11:49:00,통과,중앙선,매일
화물,3347,하행,3,도담,11:55:30,11:55:30,통과,중앙선,매일
화물,3347,하행,4,단양,12:02:00,12:02:00,통과,중앙선,매일
화물,3347,하행,5,풍기,12:19:00,12:19:00,통과,중앙선,매일
화물,3347,하행,6,영주,12:32:00,13:20:00,동력차교체,중앙선,매일
화물,3347,하행,7,옹천,13:38:30,13:38:30,통과,중앙선,매일
화물,3347,하행,8,안동,13:50:00,13:50:00,통과,중앙선,매일
화물,3347,하행,9,의성,14:12:00,14:12:00,통과,중앙선,매일
화물,3347,하행,10,군위,14:32:00,14:32:00,통과,중앙선,매일
화물,3347,하행,11,북영천,14:56:00,14:56:00,통과,중앙선,매일
화물,3347,하행,12,영천,14:59:30,15:21:30,화물취급,중앙선,매일
화물,3347,하행,13,아화,15:37:00,15:37:00,통과,중앙선,매일
화물,3347,하행,14,모량,15:48:00,15:48:00,통과,중앙선,매일
화물,3347,하행,15,서경주,15:55:30,15:55:30,통과,동해선,매일
화물,3347,하행,16,안강,16:05:00,16:05:00,통과,동해선,매일
화물,3347,하행,17,부조,16:12:00,16:12:00,통과,동해선,매일
화물,3347,하행,18,효자,16:19:00,16:19:00,통과,괴동선,매일
화물,3347,하행,19,괴동,16:27:00,16:27:00,종착,괴동선,매일
화물,3348,상행,1,괴동,15:36:00,15:36:00,시발,괴동선,매일
화물,3348,상행,2,효자,15:44:00,15:44:00,통과,괴동선,매일
화물,3348,상행,3,부조,15:51:00,15:51:00,통과,괴동선,매일
화물,3348,상행,4,안강,15:58:00,15:58:00,통과,동해선,매일
화물,3348,상행,5,서경주,16:07:30,16:07:30,통과,동해선,매일
화물,3348,상행,6,모량,16:15:00,16:15:00,통과,동해선,매일
화물,3348,상행,7,아화,16:26:00,16:26:00,통과,중앙선,매일
화물,3348,상행,8,영천,16:41:30,17:06:30,화물취급,중앙선,매일
화물,3348,상행,9,북영천,17:10:00,17:10:00,통과,중앙선,매일
화물,3348,상행,10,군위,17:34:00,17:34:00,통과,중앙선,매일
화물,3348,상행,11,의성,17:54:00,17:54:00,통과,중앙선,매일
화물,3348,상행,12,안동,18:16:00,18:16:00,통과,중앙선,매일
화물,3348,상행,13,옹천,18:27:30,18:27:30,통과,중앙선,매일
화물,3348,상행,14,영주,18:45:00,19:21:00,동력차교체,중앙선,매일
화물,3348,상행,15,풍기,19:34:00,19:34:00,통과,중앙선,매일
화물,3348,상행,16,단양,19:51:00,19:51:00,통과,중앙선,매일
화물,3348,상행,17,도담,19:58:30,20:19:30,화물취급,중앙선,매일
화물,3348,상행,18,삼곡,20:28:00,20:28:00,통과,중앙선,매일
화물,3348,상행,19,고명,20:33:30,20:33:30,통과,중앙선,매일
화물,3348,상행,20,제천,20:39:00,20:39:00,통과,중앙선,매일
화물,3348,상행,21,제천조,20:44:00,20:44:00,종착,중앙선,매일
화물,3350,상행,1,괴동,21:00:00,21:00:00,시발,괴동선,매일
화물,3350,상행,2,효자,21:08:00,21:08:00,통과,괴동선,매일
화물,3350,상행,3,부조,21:15:00,21:15:00,통과,괴동선,매일
화물,3350,상행,4,안강,21:22:00,21:22:00,통과,동해선,매일
화물,3350,상행,5,서경주,21:31:30,21:31:30,통과,동해선,매일
화물,3350,상행,6,모량,21:39:00,21:39:00,통과,동해선,매일
화물,3350,상행,7,아화,21:50:00,21:50:00,통과,중앙선,매일
화물,3350,상행,8,영천,22:03:30,22:03:30,통과,중앙선,매일
화물,3350,상행,9,북영천,22:06:00,22:06:00,통과,중앙선,매일
화물,3350,상행,10,군위,22:30:00,22:30:00,통과,중앙선,매일
화물,3350,상행,11,의성,22:50:00,22:50:00,통과,중앙선,매일
화물,3350,상행,12,안동,23:12:00,23:12:00,통과,중앙선,매일
화물,3350,상행,13,옹천,23:23:30,23:23:30,통과,중앙선,매일
화물,3350,상행,14,영주,23:41:00,07:12:00,동력차교체,중앙선,매일
화물,3350,상행,15,풍기,07:25:00,07:25:00,통과,중앙선,매일
화물,3350,상행,16,단양,07:45:00,07:45:00,통과,중앙선,매일
화물,3350,상행,17,도담,07:53:00,08:13:00,화물취급,중앙선,매일
화물,3350,상행,18,삼곡,08:23:00,08:23:00,통과,중앙선,매일
화물,3350,상행,19,고명,08:28:30,08:28:30,통과,중앙선,매일
화물,3350,상행,20,제천,08:34:00,09:00:00,화물취급,중앙선,매일
화물,3350,상행,21,입석리,09:18:00,09:18:00,종착,태백선,매일
화물,3351,하행,1,제천,17:10:00,17:10:00,시발,중앙선,매일
화물,3351,하행,2,고명,17:15:30,17:15:30,통과,중앙선,매일
화물,3351,하행,3,삼곡,17:21:00,17:21:00,통과,중앙선,매일
화물,3351,하행,4,도담,17:27:30,17:27:30,통과,중앙선,매일
화물,3351,하행,5,단양,17:33:00,17:33:00,통과,중앙선,매일
화물,3351,하행,6,풍기,17:53:00,17:53:00,통과,중앙선,매일
화물,3351,하행,7,영주,18:06:00,18:56:00,동력차교체,중앙선,매일
화물,3351,하행,8,옹천,19:14:30,19:14:30,통과,중앙선,매일
화물,3351,하행,9,안동,19:26:00,19:26:00,통과,중앙선,매일
화물,3351,하행,10,의성,19:48:00,19:48:00,통과,중앙선,매일
화물,3351,하행,11,군위,20:08:00,20:08:00,통과,중앙선,매일
화물,3351,하행,12,북영천,20:32:00,20:32:00,통과,중앙선,매일
화물,3351,하행,13,영천,20:34:30,20:34:30,통과,중앙선,매일
화물,3351,하행,14,아화,20:48:00,20:48:00,통과,중앙선,매일
화물,3351,하행,15,모량,20:59:00,20:59:00,통과,중앙선,매일
화물,3351,하행,16,서경주,21:06:30,21:06:30,통과,동해선,매일
화물,3351,하행,17,안강,21:16:00,21:16:00,통과,동해선,매일
화물,3351,하행,18,부조,21:23:00,21:23:00,통과,동해선,매일
화물,3351,하행,19,효자,21:30:00,21:30:00,통과,괴동선,매일
화물,3351,하행,20,괴동,21:38:00,21:38:00,종착,괴동선,매일
화물,3352,상행,1,괴동,08:55:00,08:55:00,시발,괴동선,매일
화물,3352,상행,2,효자,09:03:00,09:03:00,통과,괴동선,매일
화물,3352,상행,3,부조,09:10:00,09:10:00,통과,괴동선,매일
화물,3352,상행,4,안강,09:17:00,09:17:00,통과,동해선,매일
화물,3352,상행,5,서경주,09:26:30,09:26:30,통과,동해선,매일
화물,3352,상행,6,모량,09:34:00,09:34:00,통과,동해선,매일
화물,3352,상행,7,아화,09:45:00,09:45:00,통과,중앙선,매일
화물,3352,상행,8,영천,10:00:30,10:25:30,화물취급,중앙선,매일
화물,3352,상행,9,북영천,10:29:00,10:29:00,통과,중앙선,매일
화물,3352,상행,10,군위,10:53:00,10:53:00,통과,중앙선,매일
화물,3352,상행,11,의성,11:13:00,11:13:00,통과,중앙선,매일
화물,3352,상행,12,안동,11:35:00,11:35:00,통과,중앙선,매일
화물,3352,상행,13,옹천,11:46:30,11:46:30,통과,중앙선,매일
화물,3352,상행,14,영주,12:04:00,12:29:00,동력차교체,중앙선,매일
화물,3352,상행,15,풍기,12:42:00,12:42:00,통과,중앙선,매일
화물,3352,상행,16,단양,13:02:00,13:02:00,통과,중앙선,매일
화물,3352,상행,17,도담,13:10:00,13:10:00,종착,중앙선,매일
화물,3353,하행,1,고명,17:52:00,17:52:00,시발,중앙선,화목토
화물,3353,하행,2,삼곡,17:59:30,17:59:30,통과,중앙선,화목토
화물,3353,하행,3,도담,18:06:00,18:06:00,통과,중앙선,화목토
화물,3353,하행,4,단양,18:12:00,18:12:00,통과,중앙선,화목토
화물,3353,하행,5,풍기,18:32:00,18:32:00,통과,중앙선,화목토
화물,3353,하행,6,영주,18:45:00,19:10:00,동력차교체,중앙선,화목토
화물,3353,하행,7,옹천,19:28:30,19:28:30,통과,중앙선,화목토
화물,3353,하행,8,안동,19:40:00,19:40:00,통과,중앙선,화목토
화물,3353,하행,9,의성,20:02:00,20:02:00,통과,중앙선,화목토
화물,3353,하행,10,군위,20:22:00,20:22:00,통과,중앙선,화목토
화물,3353,하행,11,북영천,20:46:00,20:46:00,통과,중앙선,화목토
화물,3353,하행,12,영천,20:48:30,20:48:30,통과,중앙선,화목토
화물,3353,하행,13,아화,21:02:00,21:02:00,통과,중앙선,화목토
화물,3353,하행,14,모량,21:13:00,21:13:00,통과,중앙선,화목토
화물,3353,하행,15,서경주,21:20:30,21:20:30,통과,동해선,화목토
화물,3353,하행,16,안강,21:30:00,21:30:00,통과,동해선,화목토
화물,3353,하행,17,부조,21:37:00,21:37:00,통과,동해선,화목토
화물,3353,하행,18,효자,21:44:00,21:44:00,통과,괴동선,화목토
화물,3353,하행,19,괴동,21:52:00,21:52:00,종착,괴동선,화목토
화물,3354,상행,1,괴동,12:45:00,12:45:00,시발,괴동선,화목토
화물,3354,상행,2,효자,12:53:00,12:53:00,통과,괴동선,화목토
화물,3354,상행,3,부조,13:00:00,13:00:00,통과,괴동선,화목토
화물,3354,상행,4,안강,13:07:00,13:07:00,통과,동해선,화목토
화물,3354,상행,5,서경주,13:16:30,13:16:30,통과,동해선,화목토
화물,3354,상행,6,모량,13:24:00,13:24:00,통과,동해선,화목토
화물,3354,상행,7,아화,13:35:00,13:35:00,통과,중앙선,화목토
화물,3354,상행,8,영천,13:50:30,14:12:30,화물취급,중앙선,화목토
화물,3354,상행,9,북영천,14:16:00,14:16:00,통과,중앙선,화목토
화물,3354,상행,10,군위,14:40:00,14:40:00,통과,중앙선,화목토
화물,3354,상행,11,의성,15:00:00,15:00:00,통과,중앙선,화목토
화물,3354,상행,12,안동,15:22:00,15:22:00,통과,중앙선,화목토
화물,3354,상행,13,옹천,15:33:30,15:33:30,통과,중앙선,화목토
화물,3354,상행,14,영주,15:51:00,16:19:00,동력차교체,중앙선,화목토
화물,3354,상행,15,풍기,16:32:00,16:32:00,통과,중앙선,화목토
화물,3354,상행,16,단양,16:50:00,16:50:00,통과,중앙선,화목토
화물,3354,상행,17,도담,16:57:00,17:21:00,화물취급,중앙선,화목토
화물,3354,상행,18,삼곡,17:29:00,17:29:00,통과,중앙선,화목토
화물,3354,상행,19,고명,17:34:30,17:34:30,통과,중앙선,화목토
화물,3354,상행,20,제천,17:40:00,17:40:00,종착,중앙선,화목토
화물,3381,하행,1,제천조,09:32:00,09:32:00,시발,중앙선,월화수목금
화물,3381,하행,2,제천,09:36:00,09:36:00,통과,중앙선,월화수목금
화물,3381,하행,3,입석리,09:54:30,09:54:30,통과,태백선,월화수목금
화물,3381,하행,4,쌍룡,10:01:30,10:22:30,대피,태백선,월화수목금
화물,3381,하행,5,연당,10:33:30,10:33:30,통과,태백선,월화수목금
화물,3381,하행,6,청령포,10:41:30,10:41:30,통과,태백선,월화수목금
화물,3381,하행,7,영월,10:45:30,10:45:30,통과,태백선,월화수목금
화물,3381,하행,8,탄부,10:49:00,10:49:00,통과,태백선,월화수목금
화물,3381,하행,9,연하,10:55:30,10:55:30,통과,태백선,월화수목금
화물,3381,하행,10,석항,11:04:00,11:04:00,통과,태백선,월화수목금
화물,3381,하행,11,예미,11:10:00,11:40:00,화물취급,태백선,월화수목금
화물,3381,하행,12,조동,11:49:30,11:49:30,통과,태백선,월화수목금
화물,3381,하행,13,자미원,11:55:00,11:55:00,통과,태백선,월화수목금
화물,3381,하행,14,민둥산,12:03:30,12:03:30,통과,태백선,월화수목금
화물,3381,하행,15,사북,12:11:30,12:11:30,통과,태백선,월화수목금
화물,3381,하행,16,고한,12:17:30,12:17:30,통과,태백선,월화수목금
화물,3381,하행,17,추전,12:29:00,12:29:00,통과,태백선,월화수목금
화물,3381,하행,18,태백,12:39:30,12:42:30,승무원교대,태백선,월화수목금
화물,3381,하행,19,문곡,12:47:30,12:47:30,통과,태백선,월화수목금
화물,3381,하행,20,태백분,12:53:30,12:53:30,통과,태백선,월화수목금
화물,3381,하행,21,동백산,12:55:30,12:57:30,교행,태백삼각선,월화수목금
화물,3381,하행,22,솔안,13:09:30,13:09:30,통과,영동선,월화수목금
화물,3381,하행,23,도계솔,13:17:30,13:17:30,통과,영동선,월화수목금
화물,3381,하행,24,도계,13:19:00,13:24:00,교행,영동선,월화수목금
화물,3381,하행,25,고사리,13:30:00,13:30:00,통과,영동선,월화수목금
화물,3381,하행,26,하고사,13:32:30,13:32:30,통과,영동선,월화수목금
화물,3381,하행,27,마차리,13:37:00,13:37:00,통과,영동선,월화수목금
화물,3381,하행,28,신기,13:44:00,13:44:00,통과,영동선,월화수목금
화물,3381,하행,29,상정,13:51:00,13:51:00,통과,영동선,월화수목금
화물,3381,하행,30,미로,13:57:00,13:57:00,통과,영동선,월화수목금
화물,3381,하행,31,도경리,14:02:00,14:02:00,통과,영동선,월화수목금
화물,3381,하행,32,동해,14:13:00,14:13:00,종착,영동선,월화수목금
화물,3382,상행,1,동해,04:55:00,04:55:00,시발,영동선,월화수목금
화물,3382,상행,2,도경리,05:06:30,05:06:30,통과,영동선,월화수목금
화물,3382,상행,3,미로,05:11:30,05:11:30,통과,영동선,월화수목금
화물,3382,상행,4,상정,05:17:30,05:17:30,통과,영동선,월화수목금
화물,3382,상행,5,신기,05:24:30,05:24:30,통과,영동선,월화수목금
화물,3382,상행,6,마차리,05:31:30,05:31:30,통과,영동선,월화수목금
화물,3382,상행,7,하고사,05:36:00,05:36:00,통과,영동선,월화수목금
화물,3382,상행,8,고사리,05:38:30,05:38:30,통과,영동선,월화수목금
화물,3382,상행,9,도계,05:44:30,05:44:30,통과,영동선,월화수목금
화물,3382,상행,10,도계솔,05:46:00,05:46:00,통과,영동선,월화수목금
화물,3382,상행,11,솔안,05:55:00,05:55:00,통과,영동선,월화수목금
화물,3382,상행,12,동백산,06:08:00,06:08:00,통과,영동선,월화수목금
화물,3382,상행,13,태백분,06:10:00,06:10:00,통과,태백삼각선,월화수목금
화물,3382,상행,14,문곡,06:16:00,06:16:00,통과,태백선,월화수목금
화물,3382,상행,15,태백,06:21:00,06:23:00,승무원교대,태백선,월화수목금
화물,3382,상행,16,추전,06:33:00,06:33:00,통과,태백선,월화수목금
화물,3382,상행,17,고한,06:44:30,06:44:30,통과,태백선,월화수목금
화물,3382,상행,18,사북,06:50:30,06:50:30,통과,태백선,월화수목금
화물,3382,상행,19,민둥산,06:58:30,06:58:30,통과,태백선,월화수목금
화물,3382,상행,20,자미원,07:07:00,07:07:00,통과,태백선,월화수목금
화물,3382,상행,21,조동,07:14:00,07:14:00,통과,태백선,월화수목금
화물,3382,상행,22,함백,07:20:00,07:20:00,통과,함백선,월화수목금
화물,3382,상행,23,예미,07:26:00,07:26:00,통과,함백선,월화수목금
화물,3382,상행,24,석항,07:30:00,07:30:00,통과,태백선,월화수목금
화물,3382,상행,25,연하,07:38:30,07:38:30,통과,태백선,월화수목금
화물,3382,상행,26,탄부,07:45:00,07:45:00,통과,태백선,월화수목금
화물,3382,상행,27,영월,07:48:30,07:48:30,통과,태백선,월화수목금
화물,3382,상행,28,청령포,07:52:30,07:52:30,통과,태백선,월화수목금
화물,3382,상행,29,연당,08:00:00,08:00:00,통과,태백선,월화수목금
화물,3382,상행,30,쌍룡,08:11:00,08:39:00,화물취급,태백선,월화수목금
화물,3382,상행,31,입석리,08:47:00,08:47:00,통과,태백선,월화수목금
화물,3382,상행,32,제천,09:05:00,09:05:00,종착,태백선,월화수목금
화물,3391,하행,1,제천조,12:27:00,12:27:00,시발,중앙선,월화수목금
화물,3391,하행,2,제천,12:31:00,12:38:00,승무원교대,중앙선,월화수목금
화물,3391,하행,3,고명,12:43:00,12:43:00,통과,중앙선,월화수목금
화물,3391,하행,4,삼곡,12:48:30,12:48:30,통과,중앙선,월화수목금
화물,3391,하행,5,도담,12:55:00,12:55:00,통과,중앙선,월화수목금
화물,3391,하행,6,단양,13:00:00,13:00:00,통과,중앙선,월화수목금
화물,3391,하행,7,풍기,13:18:00,13:18:00,통과,중앙선,월화수목금
화물,3391,하행,8,영주,13:30:30,14:01:30,동력차교체,중앙선,월화수목금
화물,3391,하행,9,북주분,14:04:30,14:04:30,통과,영동선,월화수목금
화물,3391,하행,10,문단,14:14:00,14:14:00,통과,영동선,월화수목금
화물,3391,하행,11,봉화,14:21:30,14:21:30,통과,영동선,월화수목금
화물,3391,하행,12,거촌,14:28:30,14:28:30,통과,영동선,월화수목금
화물,3391,하행,13,봉성,14:35:30,14:35:30,통과,영동선,월화수목금
화물,3391,하행,14,법전,14:44:30,14:44:30,통과,영동선,월화수목금
화물,3391,하행,15,춘양,14:51:00,14:51:00,통과,영동선,월화수목금
화물,3391,하행,16,녹동,14:57:30,14:57:30,통과,영동선,월화수목금
화물,3391,하행,17,임기,15:04:00,15:04:00,통과,영동선,월화수목금
화물,3391,하행,18,현동,15:10:30,15:15:30,교행,영동선,월화수목금
화물,3391,하행,19,분천,15:24:00,15:24:00,통과,영동선,월화수목금
화물,3391,하행,20,비동,15:29:30,15:29:30,통과,영동선,월화수목금
화물,3391,하행,21,양원,15:32:00,15:32:00,통과,영동선,월화수목금
화물,3391,하행,22,승부,15:37:00,15:37:00,통과,영동선,월화수목금
화물,3391,하행,23,석포,15:47:00,15:47:00,통과,영동선,월화수목금
화물,3391,하행,24,동점,15:57:00,16:00:30,교행,영동선,월화수목금
화물,3391,하행,25,철암,16:07:30,16:37:00,화물취급,영동선,월화수목금
화물,3391,하행,26,백산,16:44:00,16:44:00,통과,영동선,월화수목금
화물,3391,하행,27,동백산,16:46:00,16:50:00,교행,영동선,월화수목금
화물,3391,하행,28,솔안,17:02:00,17:02:00,통과,영동선,월화수목금
화물,3391,하행,29,도계솔,17:11:00,17:11:00,통과,영동선,월화수목금
화물,3391,하행,30,도계,17:12:30,17:12:30,통과,영동선,월화수목금
화물,3391,하행,31,고사리,17:18:00,17:18:00,통과,영동선,월화수목금
화물,3391,하행,32,하고사,17:20:00,17:20:00,통과,영동선,월화수목금
화물,3391,하행,33,마차리,17:24:00,17:24:00,통과,영동선,월화수목금
화물,3391,하행,34,신기,17:30:30,17:30:30,통과,영동선,월화수목금
화물,3391,하행,35,상정,17:37:00,17:37:00,통과,영동선,월화수목금
화물,3391,하행,36,미로,17:42:30,17:42:30,통과,영동선,월화수목금
화물,3391,하행,37,도경리,17:47:00,17:47:00,통과,영동선,월화수목금
화물,3391,하행,38,동해,17:56:00,17:56:00,종착,영동선,월화수목금
화물,3392,상행,1,동해,12:26:00,12:26:00,시발,영동선,월화수목금
화물,3392,상행,2,도경리,12:37:30,12:37:30,통과,영동선,월화수목금
화물,3392,상행,3,미로,12:42:30,12:42:30,통과,영동선,월화수목금
화물,3392,상행,4,상정,12:48:30,12:48:30,통과,영동선,월화수목금
화물,3392,상행,5,신기,12:55:30,12:55:30,통과,영동선,월화수목금
화물,3392,상행,6,마차리,13:02:30,13:10:00,교행,영동선,월화수목금
화물,3392,상행,7,하고사,13:14:30,13:14:30,통과,영동선,월화수목금
화물,3392,상행,8,고사리,13:17:00,13:17:00,통과,영동선,월화수목금
화물,3392,상행,9,도계,13:23:00,13:23:00,통과,영동선,월화수목금
화물,3392,상행,10,도계솔,13:24:30,13:24:30,통과,영동선,월화수목금
화물,3392,상행,11,솔안,13:33:30,13:36:00,교행,영동선,월화수목금
화물,3392,상행,12,동백산,13:48:00,13:48:00,통과,영동선,월화수목금
화물,3392,상행,13,백산,13:50:00,13:50:00,통과,영동선,월화수목금
화물,3392,상행,14,철암,13:57:00,14:28:00,화물취급,영동선,월화수목금
화물,3392,상행,15,동점,14:35:00,14:35:00,통과,영동선,월화수목금
화물,3392,상행,16,석포,14:45:00,14:45:00,통과,영동선,월화수목금
화물,3392,상행,17,승부,14:54:00,14:54:00,통과,영동선,월화수목금
화물,3392,상행,18,양원,14:59:00,14:59:00,통과,영동선,월화수목금
화물,3392,상행,19,비동,15:01:30,15:01:30,통과,영동선,월화수목금
화물,3392,상행,20,분천,15:07:00,15:07:00,통과,영동선,월화수목금
화물,3392,상행,21,현동,15:15:30,15:15:30,통과,영동선,월화수목금
화물,3392,상행,22,임기,15:22:00,15:22:00,통과,영동선,월화수목금
화물,3392,상행,23,녹동,15:28:30,15:28:30,통과,영동선,월화수목금
화물,3392,상행,24,춘양,15:34:30,15:34:30,통과,영동선,월화수목금
화물,3392,상행,25,법전,15:40:30,15:40:30,통과,영동선,월화수목금
화물,3392,상행,26,봉성,15:49:30,15:49:30,통과,영동선,월화수목금
화물,3392,상행,27,거촌,15:56:30,15:56:30,통과,영동선,월화수목금
화물,3392,상행,28,봉화,16:03:30,16:03:30,통과,영동선,월화수목금
화물,3392,상행,29,문단,16:11:00,16:11:00,통과,영동선,월화수목금
화물,3392,상행,30,북주분,16:20:30,16:20:30,통과,영동선,월화수목금
화물,3392,상행,31,영주,16:24:00,16:54:30,동력차교체,영동선,월화수목금
화물,3392,상행,32,풍기,17:07:00,17:07:00,통과,중앙선,월화수목금
화물,3392,상행,33,단양,17:25:00,17:25:00,통과,중앙선,월화수목금
화물,3392,상행,34,도담,17:30:00,17:30:00,통과,중앙선,월화수목금
화물,3392,상행,35,삼곡,17:36:30,17:36:30,통과,중앙선,월화수목금
화물,3392,상행,36,고명,17:42:00,17:42:00,통과,중앙선,월화수목금
화물,3392,상행,37,제천,17:47:00,17:47:00,통과,중앙선,월화수목금
화물,3392,상행,38,제천조,17:52:00,17:52:00,종착,중앙선,월화수목금
화물,3395,하행,1,석포,08:12:00,08:12:00,시발,영동선,월화수목금
화물,3395,하행,2,동점,08:23:30,08:23:30,통과,영동선,월화수목금
화물,3395,하행,3,철암,08:30:30,08:35:30,승무원교대,영동선,월화수목금
화물,3395,하행,4,백산,08:42:30,08:42:30,통과,영동선,월화수목금
화물,3395,하행,5,동백산,08:44:30,08:44:30,통과,영동선,월화수목금
화물,3395,하행,6,솔안,08:57:30,08:57:30,통과,영동선,월화수목금
화물,3395,하행,7,도계솔,09:06:30,09:06:30,통과,영동선,월화수목금
화물,3395,하행,8,도계,09:08:00,09:08:00,통과,영동선,월화수목금
화물,3395,하행,9,고사리,09:14:00,09:14:00,통과,영동선,월화수목금
화물,3395,하행,10,하고사,09:16:30,09:16:30,통과,영동선,월화수목금
화물,3395,하행,11,마차리,09:21:00,09:21:00,통과,영동선,월화수목금
화물,3395,하행,12,신기,09:28:00,09:28:00,통과,영동선,월화수목금
화물,3395,하행,13,상정,09:35:00,09:35:00,통과,영동선,월화수목금
화물,3395,하행,14,미로,09:41:00,09:46:00,교행,영동선,월화수목금
화물,3395,하행,15,도경리,09:51:00,09:51:00,통과,영동선,월화수목금
화물,3395,하행,16,동해,10:02:00,10:02:00,종착,영동선,월화수목금
화물,3396,상행,1,동해,05:15:00,05:15:00,시발,영동선,월화수목금
화물,3396,상행,2,도경리,05:26:30,05:26:30,통과,영동선,월화수목금
화물,3396,상행,3,미로,05:31:30,05:31:30,통과,영동선,월화수목금
화물,3396,상행,4,상정,05:37:30,05:37:30,통과,영동선,월화수목금
화물,3396,상행,5,신기,05:44:30,05:44:30,통과,영동선,월화수목금
화물,3396,상행,6,마차리,05:51:30,05:51:30,통과,영동선,월화수목금
화물,3396,상행,7,하고사,05:56:00,05:56:00,통과,영동선,월화수목금
화물,3396,상행,8,고사리,05:58:30,05:58:30,통과,영동선,월화수목금
화물,3396,상행,9,도계,06:04:30,06:04:30,통과,영동선,월화수목금
화물,3396,상행,10,도계솔,06:06:00,06:06:00,통과,영동선,월화수목금
화물,3396,상행,11,솔안,06:15:00,06:15:00,통과,영동선,월화수목금
화물,3396,상행,12,동백산,06:28:00,06:28:00,통과,영동선,월화수목금
화물,3396,상행,13,백산,06:30:00,06:30:00,통과,영동선,월화수목금
화물,3396,상행,14,철암,06:37:00,06:37:00,통과,영동선,월화수목금
화물,3396,상행,15,동점,06:43:00,06:43:00,통과,영동선,월화수목금
화물,3396,상행,16,석포,06:54:00,06:54:00,종착,영동선,월화수목금
화물,3411,하행,1,오봉,16:26:00,16:26:00,시발,남부화물기,매일
화물,3411,하행,2,의왕,16:35:00,16:35:00,통과,남부화물기,매일
화물,3411,하행,3,수원,16:44:30,16:44:30,통과,경부선,매일
화물,3411,하행,4,병점,16:50:00,16:50:00,통과,경부선,매일
화물,3411,하행,5,오산,16:55:30,16:55:30,통과,경부선,매일
화물,3411,하행,6,송탄,17:01:00,17:01:00,통과,경부선,매일
화물,3411,하행,7,서정리,17:04:00,17:08:30,대피,경부선,매일
화물,3411,하행,8,평택,17:16:00,17:16:00,통과,경부선,매일
화물,3411,하행,9,성환,17:23:00,17:23:00,통과,경부선,매일
화물,3411,하행,10,직산,17:27:30,17:27:30,통과,경부선,매일
화물,3411,하행,11,두정,17:30:30,17:30:30,통과,경부선,매일
화물,3411,하행,12,천안,17:33:30,17:33:30,통과,경부선,매일
화물,3411,하행,13,소정리,17:44:00,17:49:00,대피,경부선,매일
화물,3411,하행,14,전의,17:58:00,18:02:00,대피,경부선,매일
화물,3411,하행,15,전동,18:09:00,18:09:00,통과,경부선,매일
화물,3411,하행,16,서창,18:12:00,18:12:00,통과,경부선,매일
화물,3411,하행,17,조치원,18:14:30,18:14:30,통과,경부선,매일
화물,3411,하행,18,내판,18:19:00,18:19:00,통과,경부선,매일
화물,3411,하행,19,부강,18:23:00,18:23:00,통과,경부선,매일
화물,3411,하행,20,매포,18:26:30,18:26:30,통과,경부선,매일
화물,3411,하행,21,신탄진,18:32:30,18:32:30,통과,경부선,매일
화물,3411,하행,22,회덕,18:37:30,18:37:30,통과,경부선,매일
화물,3411,하행,23,대전조,18:41:00,18:41:00,통과,경부선,매일
화물,3411,하행,24,대전,18:46:30,18:52:30,승무원교대,경부선,매일
화물,3411,하행,25,세천,19:03:30,19:03:30,통과,경부선,매일
화물,3411,하행,26,옥천,19:11:30,19:11:30,통과,경부선,매일
화물,3411,하행,27,이원,19:18:30,19:18:30,통과,경부선,매일
화물,3411,하행,28,지탄,19:23:30,19:23:30,통과,경부선,매일
화물,3411,하행,29,심천,19:27:30,19:27:30,통과,경부선,매일
화물,3411,하행,30,각계,19:30:30,19:30:30,통과,경부선,매일
화물,3411,하행,31,영동,19:36:30,19:36:30,통과,경부선,매일
화물,3411,하행,32,황간,19:49:30,19:49:30,통과,경부선,매일
화물,3411,하행,33,추풍령,19:56:30,19:56:30,통과,경부선,매일
화물,3411,하행,34,신암,20:01:00,20:01:00,통과,경부선,매일
화물,3411,하행,35,직지사,20:05:30,20:05:30,통과,경부선,매일
화물,3411,하행,36,김천,20:11:30,20:11:30,통과,경부선,매일
화물,3411,하행,37,대신,20:19:30,20:19:30,통과,경부선,매일
화물,3411,하행,38,아포,20:24:30,20:24:30,통과,경부선,매일
화물,3411,하행,39,구미,20:30:30,20:30:30,통과,경부선,매일
화물,3411,하행,40,사곡,20:34:30,20:34:30,통과,경부선,매일
화물,3411,하행,41,약목,20:41:30,20:41:30,통과,경부선,매일
화물,3411,하행,42,왜관,20:46:30,20:46:30,통과,경부선,매일
화물,3411,하행,43,연화,20:51:30,20:51:30,통과,경부선,매일
화물,3411,하행,44,신동,20:54:30,20:54:30,통과,경부선,매일
화물,3411,하행,45,지천,21:00:30,21:00:30,통과,경부선,매일
화물,3411,하행,46,서대구,21:05:00,21:05:00,통과,경부선,매일
화물,3411,하행,47,대구,21:08:30,21:08:30,통과,경부선,매일
화물,3411,하행,48,동대구,21:13:00,21:17:00,승무원교대,경부선,매일
화물,3411,하행,49,고모,21:24:00,21:24:00,통과,대구선,매일
화물,3411,하행,50,가천,21:27:00,21:36:00,대피,대구선,매일
화물,3411,하행,51,금강,21:42:00,21:42:00,통과,대구선,매일
화물,3411,하행,52,청천,21:45:30,21:45:30,통과,대구선,매일
화물,3411,하행,53,하양,21:50:00,21:50:00,통과,대구선,매일
화물,3411,하행,54,금호,21:54:00,21:54:00,통과,대구선,매일
화물,3411,하행,55,북영분,22:01:00,22:01:00,통과,대구선,매일
화물,3411,하행,56,영천,22:04:00,22:04:00,통과,대구선,매일
화물,3411,하행,57,아화,22:19:00,22:19:00,통과,중앙선,매일
화물,3411,하행,58,모량,22:29:00,22:29:00,통과,중앙선,매일
화물,3411,하행,59,서경주,22:38:00,22:38:00,통과,동해선,매일
화물,3411,하행,60,안강,22:47:30,22:47:30,통과,동해선,매일
화물,3411,하행,61,부조,22:54:30,22:54:30,통과,동해선,매일
화물,3411,하행,62,효자,23:01:00,23:01:00,통과,괴동선,매일
화물,3411,하행,63,괴동,23:09:00,23:09:00,종착,괴동선,매일
화물,3412,상행,1,괴동,17:01:00,17:01:00,시발,괴동선,매일
화물,3412,상행,2,효자,17:09:00,17:09:00,통과,괴동선,매일
화물,3412,상행,3,부조,17:16:00,17:16:00,통과,괴동선,매일
화물,3412,상행,4,안강,17:23:00,17:23:00,통과,동해선,매일
화물,3412,상행,5,서경주,17:32:30,17:32:30,통과,동해선,매일
화물,3412,상행,6,모량,17:40:00,17:40:00,통과,동해선,매일
화물,3412,상행,7,아화,17:51:00,17:51:00,통과,중앙선,매일
화물,3412,상행,8,영천,18:04:30,18:04:30,통과,중앙선,매일
화물,3412,상행,9,북영분,18:07:00,18:07:00,통과,대구선,매일
화물,3412,상행,10,금호,18:14:00,18:14:00,통과,대구선,매일
화물,3412,상행,11,하양,18:18:00,18:18:00,통과,대구선,매일
화물,3412,상행,12,청천,18:22:30,18:22:30,통과,대구선,매일
화물,3412,상행,13,금강,18:26:00,18:26:00,통과,대구선,매일
화물,3412,상행,14,가천,18:31:00,18:31:00,통과,대구선,매일
화물,3412,상행,15,고모,18:32:30,18:32:30,통과,경부선,매일
화물,3412,상행,16,동대구,18:38:30,18:41:30,승무원교대,경부선,매일
화물,3412,상행,17,대구,18:46:30,18:46:30,통과,경부선,매일
화물,3412,상행,18,서대구,18:50:00,18:50:00,통과,경부선,매일
화물,3412,상행,19,지천,18:55:30,19:08:00,대피,경부선,매일
화물,3412,상행,20,신동,19:15:30,19:15:30,통과,경부선,매일
화물,3412,상행,21,연화,19:18:30,19:18:30,통과,경부선,매일
화물,3412,상행,22,왜관,19:23:30,19:23:30,통과,경부선,매일
화물,3412,상행,23,약목,19:28:30,19:28:30,통과,경부선,매일
화물,3412,상행,24,사곡,19:35:30,19:35:30,통과,경부선,매일
화물,3412,상행,25,구미,19:39:30,19:39:30,통과,경부선,매일
화물,3412,상행,26,아포,19:45:30,19:45:30,통과,경부선,매일
화물,3412,상행,27,대신,19:50:30,19:50:30,통과,경부선,매일
화물,3412,상행,28,김천,19:58:30,19:58:30,통과,경부선,매일
화물,3412,상행,29,직지사,20:05:30,20:05:30,통과,경부선,매일
화물,3412,상행,30,신암,20:14:30,20:21:00,대피,경부선,매일
화물,3412,상행,31,추풍령,20:30:00,20:30:00,통과,경부선,매일
화물,3412,상행,32,황간,20:37:00,20:37:00,통과,경부선,매일
화물,3412,상행,33,영동,20:47:00,20:47:00,통과,경부선,매일
화물,3412,상행,34,각계,20:53:00,20:53:00,통과,경부선,매일
화물,3412,상행,35,심천,20:56:00,20:56:00,통과,경부선,매일
화물,3412,상행,36,지탄,21:00:00,21:00:00,통과,경부선,매일
화물,3412,상행,37,이원,21:05:00,21:05:00,통과,경부선,매일
화물,3412,상행,38,옥천,21:12:00,21:12:00,통과,경부선,매일
화물,3412,상행,39,세천,21:20:00,21:20:00,통과,경부선,매일
화물,3412,상행,40,대전,21:28:00,21:38:00,대피,경부선,매일
화물,3412,상행,41,대전조,21:44:30,21:55:30,승무원교대,경부선,매일
화물,3412,상행,42,회덕,22:00:00,22:00:00,통과,경부선,매일
화물,3412,상행,43,신탄진,22:05:00,22:05:00,통과,경부선,매일
화물,3412,상행,44,매포,22:11:00,22:11:00,통과,경부선,매일
화물,3412,상행,45,부강,22:14:30,22:14:30,통과,경부선,매일
화물,3412,상행,46,내판,22:18:30,22:18:30,통과,경부선,매일
화물,3412,상행,47,조치원,22:23:00,22:23:00,통과,경부선,매일
화물,3412,상행,48,서창,22:25:30,22:25:30,통과,경부선,매일
화물,3412,상행,49,전동,22:28:30,22:28:30,통과,경부선,매일
화물,3412,상행,50,전의,22:34:30,22:34:30,통과,경부선,매일
화물,3412,상행,51,소정리,22:40:30,22:40:30,통과,경부선,매일
화물,3412,상행,52,천안,22:49:30,22:49:30,통과,경부선,매일
화물,3412,상행,53,두정,22:52:30,22:52:30,통과,경부선,매일
화물,3412,상행,54,직산,22:55:30,22:55:30,통과,경부선,매일
화물,3412,상행,55,성환,23:00:00,23:00:00,통과,경부선,매일
화물,3412,상행,56,평택,23:07:00,23:07:00,통과,경부선,매일
화물,3412,상행,57,서정리,23:14:30,23:18:30,대피,경부선,매일
화물,3412,상행,58,송탄,23:21:30,23:21:30,통과,경부선,매일
화물,3412,상행,59,오산,23:27:30,23:27:30,통과,경부선,매일
화물,3412,상행,60,병점,23:33:30,23:33:30,통과,경부선,매일
화물,3412,상행,61,수원,23:39:00,23:39:00,통과,경부선,매일
화물,3412,상행,62,의왕,23:48:00,00:08:00,화물취급,경부선,매일
화물,3412,상행,63,오봉,00:16:00,00:16:00,종착,남부화물기,매일
화물,3413,하행,1,천안,18:53:00,18:53:00,시발,경부선,월화수목금
화물,3413,하행,2,소정리,19:03:00,19:03:00,통과,경부선,월화수목금
화물,3413,하행,3,전의,19:09:00,19:09:00,통과,경부선,월화수목금
화물,3413,하행,4,전동,19:15:00,19:15:00,통과,경부선,월화수목금
화물,3413,하행,5,서창,19:18:00,19:18:00,통과,경부선,월화수목금
화물,3413,하행,6,조치원,19:20:30,19:20:30,통과,경부선,월화수목금
화물,3413,하행,7,내판,19:25:00,19:25:00,통과,경부선,월화수목금
화물,3413,하행,8,부강,19:29:00,19:29:00,통과,경부선,월화수목금
화물,3413,하행,9,매포,19:32:30,19:32:30,통과,경부선,월화수목금
화물,3413,하행,10,신탄진,19:38:30,19:38:30,통과,경부선,월화수목금
화물,3413,하행,11,회덕,19:43:30,19:43:30,통과,경부선,월화수목금
화물,3413,하행,12,대전조,19:47:00,19:47:00,통과,경부선,월화수목금
화물,3413,하행,13,대전,19:52:30,19:55:30,승무원교대,경부선,월화수목금
화물,3413,하행,14,세천,20:03:30,20:03:30,통과,경부선,월화수목금
화물,3413,하행,15,옥천,20:10:00,20:10:00,통과,경부선,월화수목금
화물,3413,하행,16,이원,20:16:00,20:16:00,통과,경부선,월화수목금
화물,3413,하행,17,지탄,20:20:00,20:20:00,통과,경부선,월화수목금
화물,3413,하행,18,심천,20:23:30,20:23:30,통과,경부선,월화수목금
화물,3413,하행,19,각계,20:26:30,20:26:30,통과,경부선,월화수목금
화물,3413,하행,20,영동,20:31:30,20:31:30,통과,경부선,월화수목금
화물,3413,하행,21,황간,20:42:00,20:42:00,통과,경부선,월화수목금
화물,3413,하행,22,추풍령,20:48:00,20:48:00,통과,경부선,월화수목금
화물,3413,하행,23,신암,20:52:30,20:52:30,통과,경부선,월화수목금
화물,3413,하행,24,직지사,20:56:30,20:56:30,통과,경부선,월화수목금
화물,3413,하행,25,김천,21:02:00,21:02:00,통과,경부선,월화수목금
화물,3413,하행,26,대신,21:09:00,21:09:00,통과,경부선,월화수목금
화물,3413,하행,27,아포,21:13:00,21:13:00,통과,경부선,월화수목금
화물,3413,하행,28,구미,21:18:30,21:18:30,통과,경부선,월화수목금
화물,3413,하행,29,사곡,21:22:30,21:22:30,통과,경부선,월화수목금
화물,3413,하행,30,약목,21:29:00,21:29:00,통과,경부선,월화수목금
화물,3413,하행,31,왜관,21:34:30,21:34:30,통과,경부선,월화수목금
화물,3413,하행,32,연화,21:39:30,21:39:30,통과,경부선,월화수목금
화물,3413,하행,33,신동,21:42:30,21:42:30,통과,경부선,월화수목금
화물,3413,하행,34,지천,21:48:00,21:48:00,통과,경부선,월화수목금
화물,3413,하행,35,서대구,21:52:00,21:52:00,통과,경부선,월화수목금
화물,3413,하행,36,대구,21:55:30,21:55:30,통과,경부선,월화수목금
화물,3413,하행,37,동대구,22:00:30,22:05:30,승무원교대,경부선,월화수목금
화물,3413,하행,38,고모,22:12:30,22:12:30,통과,경부선,월화수목금
화물,3413,하행,39,가천,22:14:30,22:14:30,통과,경부선,월화수목금
화물,3413,하행,40,금강,22:19:30,22:19:30,통과,대구선,월화수목금
화물,3413,하행,41,청천,22:24:00,22:24:00,통과,대구선,월화수목금
화물,3413,하행,42,하양,22:29:30,22:29:30,통과,대구선,월화수목금
화물,3413,하행,43,금호,22:34:30,22:34:30,통과,대구선,월화수목금
화물,3413,하행,44,북영분,22:40:30,22:40:30,통과,대구선,월화수목금
화물,3413,하행,45,영천,22:43:30,22:43:30,통과,대구선,월화수목금
화물,3413,하행,46,아화,22:58:00,22:58:00,통과,중앙선,월화수목금
화물,3413,하행,47,모량,23:09:00,23:09:00,통과,중앙선,월화수목금
화물,3413,하행,48,경주,23:14:30,23:14:30,통과,동해선,월화수목금
화물,3413,하행,49,외동,23:31:30,23:31:30,통과,동해선,월화수목금
화물,3413,하행,50,북울산,23:41:00,23:41:00,통과,동해선,월화수목금
화물,3413,하행,51,태화강,23:50:00,23:50:00,종착,동해선,월화수목금
화물,3414,상행,1,태화강,14:24:00,14:24:00,시발,동해선,일월화수목
화물,3414,상행,2,북울산,14:34:00,14:34:00,통과,동해선,일월화수목
화물,3414,상행,3,외동,14:44:30,14:44:30,통과,동해선,일월화수목
화물,3414,상행,4,경주,15:01:00,15:01:00,통과,동해선,일월화수목
화물,3414,상행,5,모량,15:05:30,15:05:30,통과,동해선,일월화수목
화물,3414,상행,6,아화,15:16:00,15:16:00,통과,중앙선,일월화수목
화물,3414,상행,7,영천,15:27:30,15:27:30,통과,중앙선,일월화수목
화물,3414,상행,8,북영분,15:30:00,15:30:00,통과,대구선,일월화수목
화물,3414,상행,9,금호,15:35:00,15:35:00,통과,대구선,일월화수목
화물,3414,상행,10,하양,15:39:00,15:39:00,통과,대구선,일월화수목
화물,3414,상행,11,청천,15:43:30,15:43:30,통과,대구선,일월화수목
화물,3414,상행,12,금강,15:47:00,15:47:00,통과,대구선,일월화수목
화물,3414,상행,13,가천,15:52:00,15:52:00,통과,대구선,일월화수목
화물,3414,상행,14,고모,15:53:30,15:53:30,통과,경부선,일월화수목
화물,3414,상행,15,동대구,15:59:30,16:09:30,승무원교대,경부선,일월화수목
화물,3414,상행,16,대구,16:15:00,16:15:00,통과,경부선,일월화수목
화물,3414,상행,17,서대구,16:18:00,16:18:00,통과,경부선,일월화수목
화물,3414,상행,18,지천,16:22:00,16:22:00,통과,경부선,일월화수목
화물,3414,상행,19,신동,16:27:30,16:27:30,통과,경부선,일월화수목
화물,3414,상행,20,연화,16:30:30,16:30:30,통과,경부선,일월화수목
화물,3414,상행,21,왜관,16:35:00,16:35:00,통과,경부선,일월화수목
화물,3414,상행,22,약목,16:40:00,16:40:00,통과,경부선,일월화수목
화물,3414,상행,23,사곡,16:46:00,16:46:00,통과,경부선,일월화수목
화물,3414,상행,24,구미,16:49:30,16:49:30,통과,경부선,일월화수목
화물,3414,상행,25,아포,16:55:00,16:55:00,통과,경부선,일월화수목
화물,3414,상행,26,대신,16:59:00,16:59:00,통과,경부선,일월화수목
화물,3414,상행,27,김천,17:06:00,17:06:00,통과,경부선,일월화수목
화물,3414,상행,28,직지사,17:11:30,17:11:30,통과,경부선,일월화수목
화물,3414,상행,29,신암,17:15:30,17:15:30,통과,경부선,일월화수목
화물,3414,상행,30,추풍령,17:21:30,17:26:30,대피,경부선,일월화수목
화물,3414,상행,31,황간,17:34:00,17:34:00,통과,경부선,일월화수목
화물,3414,상행,32,영동,17:44:30,17:44:30,통과,경부선,일월화수목
화물,3414,상행,33,각계,17:49:30,17:49:30,통과,경부선,일월화수목
화물,3414,상행,34,심천,17:52:30,17:52:30,통과,경부선,일월화수목
화물,3414,상행,35,지탄,17:56:00,17:56:00,통과,경부선,일월화수목
화물,3414,상행,36,이원,18:00:00,18:00:00,통과,경부선,일월화수목
화물,3414,상행,37,옥천,18:06:00,18:06:00,통과,경부선,일월화수목
화물,3414,상행,38,세천,18:12:30,18:12:30,통과,경부선,일월화수목
화물,3414,상행,39,대전,18:19:30,18:22:30,승무원교대,경부선,일월화수목
화물,3414,상행,40,대전조,18:29:00,19:04:00,화물취급,경부선,일월화수목
화물,3414,상행,41,회덕,19:08:30,19:08:30,통과,경부선,일월화수목
화물,3414,상행,42,신탄진,19:12:30,19:12:30,통과,경부선,일월화수목
화물,3414,상행,43,매포,19:18:30,19:18:30,통과,경부선,일월화수목
화물,3414,상행,44,부강,19:22:30,19:22:30,통과,경부선,일월화수목
화물,3414,상행,45,내판,19:26:00,19:26:00,통과,경부선,일월화수목
화물,3414,상행,46,조치원,19:30:00,19:30:00,통과,경부선,일월화수목
화물,3414,상행,47,서창,19:32:30,19:32:30,통과,경부선,일월화수목
화물,3414,상행,48,전동,19:35:00,19:35:00,통과,경부선,일월화수목
화물,3414,상행,49,전의,19:40:30,19:40:30,통과,경부선,일월화수목
화물,3414,상행,50,소정리,19:46:00,19:46:00,통과,경부선,일월화수목
화물,3414,상행,51,천안,19:56:00,19:56:00,종착,경부선,일월화수목
화물,3415,하행,1,안중,06:36:00,06:36:00,시발,평택선,월화수목금
화물,3415,하행,2,창내신,06:46:00,06:46:00,통과,평택선,월화수목금
화물,3415,하행,3,신대신,06:51:00,06:51:00,통과,평택선,월화수목금
화물,3415,하행,4,평택,06:55:00,06:55:00,통과,평택선,월화수목금
화물,3415,하행,5,성환,07:03:00,07:03:00,통과,경부선,월화수목금
화물,3415,하행,6,직산,07:07:00,07:07:00,통과,경부선,월화수목금
화물,3415,하행,7,두정,07:10:00,07:10:00,통과,경부선,월화수목금
화물,3415,하행,8,천안,07:14:30,07:20:30,승무원교대,경부선,월화수목금
화물,3415,하행,9,소정리,07:30:30,07:30:30,통과,경부선,월화수목금
화물,3415,하행,10,전의,07:36:00,07:36:00,통과,경부선,월화수목금
화물,3415,하행,11,전동,07:41:30,07:41:30,통과,경부선,월화수목금
화물,3415,하행,12,서창,07:44:00,07:44:00,통과,경부선,월화수목금
화물,3415,하행,13,조치원,07:46:30,07:46:30,통과,경부선,월화수목금
화물,3415,하행,14,내판,07:50:30,07:50:30,통과,경부선,월화수목금
화물,3415,하행,15,부강,07:54:00,07:54:00,통과,경부선,월화수목금
화물,3415,하행,16,매포,07:58:00,07:58:00,통과,경부선,월화수목금
화물,3415,하행,17,신탄진,08:04:00,08:04:00,통과,경부선,월화수목금
화물,3415,하행,18,회덕,08:08:00,08:08:00,통과,경부선,월화수목금
화물,3415,하행,19,대전조,08:11:00,08:11:00,통과,경부선,월화수목금
화물,3415,하행,20,대전,08:16:00,08:23:00,승무원교대,경부선,월화수목금
화물,3415,하행,21,세천,08:31:00,08:31:00,통과,경부선,월화수목금
화물,3415,하행,22,옥천,08:37:30,08:37:30,통과,경부선,월화수목금
화물,3415,하행,23,이원,08:43:30,08:43:30,통과,경부선,월화수목금
화물,3415,하행,24,지탄,08:47:30,08:47:30,통과,경부선,월화수목금
화물,3415,하행,25,심천,08:51:00,08:51:00,통과,경부선,월화수목금
화물,3415,하행,26,각계,08:54:00,08:54:00,통과,경부선,월화수목금
화물,3415,하행,27,영동,08:59:00,08:59:00,통과,경부선,월화수목금
화물,3415,하행,28,황간,09:09:30,09:09:30,통과,경부선,월화수목금
화물,3415,하행,29,추풍령,09:15:30,09:15:30,통과,경부선,월화수목금
화물,3415,하행,30,신암,09:20:30,09:20:30,통과,경부선,월화수목금
화물,3415,하행,31,직지사,09:25:00,09:25:00,통과,경부선,월화수목금
화물,3415,하행,32,김천,09:31:00,09:31:00,통과,경부선,월화수목금
화물,3415,하행,33,대신,09:38:30,09:38:30,통과,경부선,월화수목금
화물,3415,하행,34,아포,09:43:00,09:43:00,통과,경부선,월화수목금
화물,3415,하행,35,구미,09:48:30,09:48:30,통과,경부선,월화수목금
화물,3415,하행,36,사곡,09:52:30,09:52:30,통과,경부선,월화수목금
화물,3415,하행,37,약목,09:59:00,09:59:00,통과,경부선,월화수목금
화물,3415,하행,38,왜관,10:04:30,10:04:30,통과,경부선,월화수목금
화물,3415,하행,39,연화,10:09:00,10:09:00,통과,경부선,월화수목금
화물,3415,하행,40,신동,10:13:30,10:18:30,대피,경부선,월화수목금
화물,3415,하행,41,지천,10:25:30,10:51:30,대피,경부선,월화수목금
화물,3415,하행,42,서대구,10:56:30,10:56:30,통과,경부선,월화수목금
화물,3415,하행,43,대구,10:59:30,10:59:30,통과,경부선,월화수목금
화물,3415,하행,44,동대구,11:04:00,11:06:00,승무원교대,경부선,월화수목금
화물,3415,하행,45,고모,11:13:00,11:13:00,통과,대구선,월화수목금
화물,3415,하행,46,가천,11:15:00,11:15:00,통과,대구선,월화수목금
화물,3415,하행,47,금강,11:20:00,11:20:00,통과,대구선,월화수목금
화물,3415,하행,48,청천,11:23:30,11:23:30,통과,대구선,월화수목금
화물,3415,하행,49,하양,11:28:00,11:28:00,통과,대구선,월화수목금
화물,3415,하행,50,금호,11:32:00,11:32:00,통과,대구선,월화수목금
화물,3415,하행,51,북영분,11:37:30,11:37:30,통과,대구선,월화수목금
화물,3415,하행,52,영천,11:40:30,11:40:30,통과,대구선,월화수목금
화물,3415,하행,53,아화,11:55:00,11:55:00,통과,중앙선,월화수목금
화물,3415,하행,54,모량,12:06:00,12:06:00,통과,중앙선,월화수목금
화물,3415,하행,55,경주,12:11:30,12:11:30,통과,동해선,월화수목금
화물,3415,하행,56,외동,12:28:30,12:28:30,통과,동해선,월화수목금
화물,3415,하행,57,북울산,12:38:00,12:38:00,통과,동해선,월화수목금
화물,3415,하행,58,태화강,12:47:00,12:47:00,종착,동해선,월화수목금
화물,3416,상행,1,태화강,14:50:00,14:50:00,시발,동해선,월화수목금
화물,3416,상행,2,북울산,15:01:00,15:01:00,통과,동해선,월화수목금
화물,3416,상행,3,외동,15:12:30,15:12:30,통과,동해선,월화수목금
화물,3416,상행,4,경주,15:31:00,15:31:00,통과,동해선,월화수목금
화물,3416,상행,5,모량,15:35:30,15:35:30,통과,동해선,월화수목금
화물,3416,상행,6,아화,15:46:00,15:46:00,통과,중앙선,월화수목금
화물,3416,상행,7,영천,16:00:00,16:00:00,통과,중앙선,월화수목금
화물,3416,상행,8,북영분,16:03:00,16:03:00,통과,대구선,월화수목금
화물,3416,상행,9,금호,16:08:00,16:08:00,통과,대구선,월화수목금
화물,3416,상행,10,하양,16:12:00,16:12:00,통과,대구선,월화수목금
화물,3416,상행,11,청천,16:16:30,16:16:30,통과,대구선,월화수목금
화물,3416,상행,12,금강,16:20:00,16:20:00,통과,대구선,월화수목금
화물,3416,상행,13,가천,16:25:00,16:25:00,통과,대구선,월화수목금
화물,3416,상행,14,고모,16:26:30,16:26:30,통과,경부선,월화수목금
화물,3416,상행,15,동대구,16:32:30,16:35:30,승무원교대,경부선,월화수목금
화물,3416,상행,16,대구,16:41:00,16:41:00,통과,경부선,월화수목금
화물,3416,상행,17,서대구,16:44:30,16:44:30,통과,경부선,월화수목금
화물,3416,상행,18,지천,16:48:30,16:48:30,통과,경부선,월화수목금
화물,3416,상행,19,신동,16:54:00,16:54:00,통과,경부선,월화수목금
화물,3416,상행,20,연화,16:57:00,16:57:00,통과,경부선,월화수목금
화물,3416,상행,21,왜관,17:01:30,17:01:30,통과,경부선,월화수목금
화물,3416,상행,22,약목,17:06:30,17:06:30,통과,경부선,월화수목금
화물,3416,상행,23,사곡,17:12:30,17:12:30,통과,경부선,월화수목금
화물,3416,상행,24,구미,17:16:00,17:16:00,통과,경부선,월화수목금
화물,3416,상행,25,아포,17:21:30,17:21:30,통과,경부선,월화수목금
화물,3416,상행,26,대신,17:25:30,17:25:30,통과,경부선,월화수목금
화물,3416,상행,27,김천,17:32:30,17:32:30,통과,경부선,월화수목금
화물,3416,상행,28,직지사,17:38:00,17:38:00,통과,경부선,월화수목금
화물,3416,상행,29,신암,17:42:00,17:42:00,통과,경부선,월화수목금
화물,3416,상행,30,추풍령,17:46:30,17:46:30,통과,경부선,월화수목금
화물,3416,상행,31,황간,17:52:30,17:52:30,통과,경부선,월화수목금
화물,3416,상행,32,영동,18:03:00,18:03:00,통과,경부선,월화수목금
화물,3416,상행,33,각계,18:08:00,18:08:00,통과,경부선,월화수목금
화물,3416,상행,34,심천,18:11:00,18:11:00,통과,경부선,월화수목금
화물,3416,상행,35,지탄,18:14:30,18:14:30,통과,경부선,월화수목금
화물,3416,상행,36,이원,18:18:30,18:18:30,통과,경부선,월화수목금
화물,3416,상행,37,옥천,18:24:30,18:24:30,통과,경부선,월화수목금
화물,3416,상행,38,세천,18:31:00,18:31:00,통과,경부선,월화수목금
화물,3416,상행,39,대전,18:38:00,18:47:00,승무원교대,경부선,월화수목금
화물,3416,상행,40,대전조,18:52:30,18:52:30,통과,경부선,월화수목금
화물,3416,상행,41,회덕,18:56:00,18:56:00,통과,경부선,월화수목금
화물,3416,상행,42,신탄진,19:00:30,19:00:30,통과,경부선,월화수목금
화물,3416,상행,43,매포,19:07:00,19:07:00,통과,경부선,월화수목금
화물,3416,상행,44,부강,19:11:30,19:11:30,통과,경부선,월화수목금
화물,3416,상행,45,내판,19:15:30,19:15:30,통과,경부선,월화수목금
화물,3416,상행,46,조치원,19:19:30,19:19:30,통과,경부선,월화수목금
화물,3416,상행,47,서창,19:22:00,19:22:00,통과,경부선,월화수목금
화물,3416,상행,48,전동,19:24:30,19:24:30,통과,경부선,월화수목금
화물,3416,상행,49,전의,19:30:00,19:30:00,통과,경부선,월화수목금
화물,3416,상행,50,소정리,19:35:30,19:35:30,통과,경부선,월화수목금
화물,3416,상행,51,천안,19:45:30,19:52:30,승무원교대,경부선,월화수목금
화물,3416,상행,52,두정,19:57:00,19:57:00,통과,경부선,월화수목금
화물,3416,상행,53,직산,20:00:00,20:00:00,통과,경부선,월화수목금
화물,3416,상행,54,성환,20:04:00,20:15:00,대피,경부선,월화수목금
화물,3416,상행,55,평택,20:22:00,20:22:00,통과,경부선,월화수목금
화물,3416,상행,56,신대신,20:26:00,20:26:00,통과,평택직결선,월화수목금
화물,3416,상행,57,창내신,20:31:00,20:31:00,통과,평택선,월화수목금
화물,3416,상행,58,안중,20:41:00,20:41:00,종착,평택선,월화수목금
화물,3421,하행,1,의왕,10:34:00,10:34:00,시발,남부화물기,매일
화물,3421,하행,2,오봉,10:42:00,11:14:00,화물취급,남부화물기,매일
화물,3421,하행,3,의왕,11:23:00,11:23:00,통과,남부화물기,매일
화물,3421,하행,4,수원,11:32:30,11:32:30,통과,경부선,매일
화물,3421,하행,5,병점,11:38:00,11:38:00,통과,경부선,매일
화물,3421,하행,6,오산,11:44:00,11:44:00,통과,경부선,매일
화물,3421,하행,7,송탄,11:50:00,11:50:00,통과,경부선,매일
화물,3421,하행,8,서정리,11:52:00,11:52:00,통과,경부선,매일
화물,3421,하행,9,평택,11:58:30,11:58:30,통과,경부선,매일
화물,3421,하행,10,성환,12:05:30,12:05:30,통과,경부선,매일
화물,3421,하행,11,직산,12:10:00,12:10:00,통과,경부선,매일
화물,3421,하행,12,두정,12:13:00,12:13:00,통과,경부선,매일
화물,3421,하행,13,천안,12:16:00,12:16:00,통과,경부선,매일
화물,3421,하행,14,소정리,12:25:00,12:25:00,통과,경부선,매일
화물,3421,하행,15,전의,12:31:00,12:31:00,통과,경부선,매일
화물,3421,하행,16,전동,12:37:00,12:37:00,통과,경부선,매일
화물,3421,하행,17,서창,12:40:00,12:40:00,통과,경부선,매일
화물,3421,하행,18,조치원,12:42:30,12:42:30,통과,경부선,매일
화물,3421,하행,19,내판,12:47:00,12:47:00,통과,경부선,매일
화물,3421,하행,20,부강,12:51:00,12:51:00,통과,경부선,매일
화물,3421,하행,21,매포,12:56:30,13:07:30,대피,경부선,매일
화물,3421,하행,22,신탄진,13:15:30,13:15:30,통과,경부선,매일
화물,3421,하행,23,회덕,13:20:30,13:20:30,통과,경부선,매일
화물,3421,하행,24,대전조,13:26:00,13:46:00,화물취급,경부선,매일
화물,3421,하행,25,서대전,13:52:30,13:52:30,통과,호남선,매일
화물,3421,하행,26,가수원,13:58:00,13:58:00,통과,호남선,매일
화물,3421,하행,27,흑석리,14:03:00,14:03:00,통과,호남선,매일
화물,3421,하행,28,계룡,14:10:00,14:10:00,통과,호남선,매일
화물,3421,하행,29,개태사,14:18:00,14:18:00,통과,호남선,매일
화물,3421,하행,30,연산,14:22:30,14:22:30,통과,호남선,매일
화물,3421,하행,31,부황,14:27:00,14:27:00,통과,호남선,매일
화물,3421,하행,32,논산,14:32:30,14:32:30,통과,호남선,매일
화물,3421,하행,33,채운,14:38:30,14:38:30,통과,호남선,매일
화물,3421,하행,34,강경,14:41:30,14:41:30,통과,호남선,매일
화물,3421,하행,35,용동,14:47:00,14:47:00,통과,호남선,매일
화물,3421,하행,36,함열,14:52:30,14:57:30,대피,호남선,매일
화물,3421,하행,37,황등,15:07:00,15:07:00,통과,호남선,매일
화물,3421,하행,38,익산,15:14:30,15:22:30,승무원교대,호남선,매일
화물,3421,하행,39,동익산,15:26:00,15:26:00,통과,전라선,매일
화물,3421,하행,40,삼례,15:35:00,15:35:00,통과,전라선,매일
화물,3421,하행,41,동산,15:40:00,16:07:00,화물취급,전라선,매일
화물,3421,하행,42,전주,16:15:00,16:15:00,통과,전라선,매일
화물,3421,하행,43,신리,16:22:30,16:22:30,통과,전라선,매일
화물,3421,하행,44,죽림온,16:27:00,16:27:00,통과,전라선,매일
화물,3421,하행,45,관촌,16:34:30,16:34:30,통과,전라선,매일
화물,3421,하행,46,임실,16:38:00,16:38:00,통과,전라선,매일
화물,3421,하행,47,봉천,16:43:00,16:43:00,통과,전라선,매일
화물,3421,하행,48,오수,16:46:30,16:46:30,통과,전라선,매일
화물,3421,하행,49,서도,16:51:30,16:51:30,통과,전라선,매일
화물,3421,하행,50,산성,16:56:30,16:56:30,통과,전라선,매일
화물,3421,하행,51,남원,16:59:30,16:59:30,통과,전라선,매일
화물,3421,하행,52,주생,17:04:30,17:04:30,통과,전라선,매일
화물,3421,하행,53,옹정,17:07:00,17:07:00,통과,전라선,매일
화물,3421,하행,54,금지,17:09:30,17:09:30,통과,전라선,매일
화물,3421,하행,55,곡성,17:14:30,17:14:30,통과,전라선,매일
화물,3421,하행,56,압록,17:24:00,17:24:00,통과,전라선,매일
화물,3421,하행,57,구례구,17:31:30,17:31:30,통과,전라선,매일
화물,3421,하행,58,봉덕,17:34:30,17:34:30,통과,전라선,매일
화물,3421,하행,59,괴목,17:39:00,17:39:00,통과,전라선,매일
화물,3421,하행,60,개운,17:45:30,17:45:30,통과,전라선,매일
화물,3421,하행,61,동운,17:48:30,17:48:30,통과,전라선,매일
화물,3421,하행,62,순천,17:56:30,18:39:30,승무원교대,전라선,매일
화물,3421,하행,63,평화,18:45:00,18:45:00,통과,경전선,매일
화물,3421,하행,64,광양,18:50:00,18:50:00,통과,경전선,매일
화물,3421,하행,65,초남,18:58:00,19:01:00,교행,광양제철선,매일
화물,3421,하행,66,황길,19:10:00,19:10:00,통과,광양제철선,매일
화물,3421,하행,67,태금,19:18:00,19:18:00,종착,광양제철선,매일
화물,3422,상행,1,태금,18:46:00,18:46:00,시발,광양제철선,매일
화물,3422,상행,2,황길,18:54:00,18:54:00,통과,광양제철선,매일
화물,3422,상행,3,초남,19:01:00,19:01:00,통과,광양제철선,매일
화물,3422,상행,4,광양,19:08:00,19:08:00,통과,광양제철선,매일
화물,3422,상행,5,평화,19:12:00,19:12:00,통과,경전선,매일
화물,3422,상행,6,순천,19:18:00,19:21:00,승무원교대,경전선,매일
화물,3422,상행,7,동운,19:29:00,19:29:00,통과,전라선,매일
화물,3422,상행,8,개운,19:32:00,19:32:00,통과,전라선,매일
화물,3422,상행,9,괴목,19:38:30,19:38:30,통과,전라선,매일
화물,3422,상행,10,봉덕,19:43:00,19:43:00,통과,전라선,매일
화물,3422,상행,11,구례구,19:46:00,19:46:00,통과,전라선,매일
화물,3422,상행,12,압록,19:53:30,19:53:30,통과,전라선,매일
화물,3422,상행,13,곡성,20:03:00,20:03:00,통과,전라선,매일
화물,3422,상행,14,금지,20:09:30,20:20:30,대피,전라선,매일
화물,3422,상행,15,옹정,20:24:30,20:24:30,통과,전라선,매일
화물,3422,상행,16,주생,20:27:00,20:27:00,통과,전라선,매일
화물,3422,상행,17,남원,20:32:00,20:32:00,통과,전라선,매일
화물,3422,상행,18,산성,20:35:00,20:35:00,통과,전라선,매일
화물,3422,상행,19,서도,20:40:00,20:40:00,통과,전라선,매일
화물,3422,상행,20,오수,20:45:00,20:45:00,통과,전라선,매일
화물,3422,상행,21,봉천,20:48:30,20:48:30,통과,전라선,매일
화물,3422,상행,22,임실,20:53:30,20:53:30,통과,전라선,매일
화물,3422,상행,23,관촌,20:57:00,20:57:00,통과,전라선,매일
화물,3422,상행,24,죽림온,21:04:30,21:04:30,통과,전라선,매일
화물,3422,상행,25,신리,21:09:00,21:09:00,통과,전라선,매일
화물,3422,상행,26,전주,21:16:30,21:16:30,통과,전라선,매일
화물,3422,상행,27,동산,21:23:00,21:23:00,통과,전라선,매일
화물,3422,상행,28,삼례,21:26:30,21:26:30,통과,전라선,매일
화물,3422,상행,29,동익산,21:35:30,21:35:30,통과,전라선,매일
화물,3422,상행,30,익산,21:40:00,21:42:00,승무원교대,전라선,매일
화물,3422,상행,31,황등,21:49:30,21:49:30,통과,호남선,매일
화물,3422,상행,32,함열,21:57:30,21:57:30,통과,호남선,매일
화물,3422,상행,33,용동,22:02:00,22:02:00,통과,호남선,매일
화물,3422,상행,34,강경,22:07:30,22:07:30,통과,호남선,매일
화물,3422,상행,35,채운,22:10:30,22:10:30,통과,호남선,매일
화물,3422,상행,36,논산,22:16:30,22:16:30,통과,호남선,매일
화물,3422,상행,37,부황,22:22:00,22:22:00,통과,호남선,매일
화물,3422,상행,38,연산,22:26:30,22:26:30,통과,호남선,매일
화물,3422,상행,39,개태사,22:31:00,22:31:00,통과,호남선,매일
화물,3422,상행,40,계룡,22:39:00,22:39:00,통과,호남선,매일
화물,3422,상행,41,흑석리,22:46:00,22:46:00,통과,호남선,매일
화물,3422,상행,42,가수원,22:51:00,22:51:00,통과,호남선,매일
화물,3422,상행,43,서대전,22:56:30,22:56:30,통과,호남선,매일
화물,3422,상행,44,대전조,23:03:00,23:06:00,승무원교대,호남선,매일
화물,3422,상행,45,회덕,23:11:30,23:11:30,통과,경부선,매일
화물,3422,상행,46,신탄진,23:16:30,23:16:30,통과,경부선,매일
화물,3422,상행,47,매포,23:22:30,23:22:30,통과,경부선,매일
화물,3422,상행,48,부강,23:26:00,23:26:00,통과,경부선,매일
화물,3422,상행,49,내판,23:30:00,23:30:00,통과,경부선,매일
화물,3422,상행,50,조치원,23:34:30,23:34:30,통과,경부선,매일
화물,3422,상행,51,서창,23:37:00,23:37:00,통과,경부선,매일
화물,3422,상행,52,전동,23:40:00,23:40:00,통과,경부선,매일
화물,3422,상행,53,전의,23:46:00,23:46:00,통과,경부선,매일
화물,3422,상행,54,소정리,23:52:00,23:52:00,통과,경부선,매일
화물,3422,상행,55,천안,00:01:00,00:01:00,통과,경부선,매일
화물,3422,상행,56,두정,00:04:00,00:04:00,통과,천안직결선,매일
화물,3422,상행,57,직산,00:07:00,00:07:00,통과,경부선,매일
화물,3422,상행,58,성환,00:11:30,00:11:30,통과,경부선,매일
화물,3422,상행,59,평택,00:18:30,00:18:30,통과,경부선,매일
화물,3422,상행,60,서정리,00:25:00,00:25:00,통과,경부선,매일
화물,3422,상행,61,송탄,00:27:00,00:27:00,통과,경부선,매일
화물,3422,상행,62,오산,00:33:00,00:33:00,통과,경부선,매일
화물,3422,상행,63,병점,00:39:00,00:39:00,통과,경부선,매일
화물,3422,상행,64,수원,00:44:30,00:44:30,통과,경부선,매일
화물,3422,상행,65,의왕,00:52:30,01:02:30,화물취급,경부선,매일
화물,3422,상행,66,오봉,01:10:00,01:10:00,종착,남부화물기,매일
화물,3423,하행,1,오봉,16:14:00,16:14:00,시발,남부화물기,매일
화물,3423,하행,2,의왕,16:23:00,16:23:00,통과,남부화물기,매일
화물,3423,하행,3,수원,16:32:00,16:32:00,통과,경부선,매일
화물,3423,하행,4,병점,16:37:00,16:37:00,통과,경부선,매일
화물,3423,하행,5,오산,16:42:30,16:42:30,통과,경부선,매일
화물,3423,하행,6,송탄,16:48:00,16:48:00,통과,경부선,매일
화물,3423,하행,7,서정리,16:51:30,16:56:30,대피,경부선,매일
화물,3423,하행,8,평택,17:04:00,17:04:00,통과,경부선,매일
화물,3423,하행,9,성환,17:11:00,17:11:00,통과,경부선,매일
화물,3423,하행,10,직산,17:15:00,17:15:00,통과,경부선,매일
화물,3423,하행,11,두정,17:18:00,17:18:00,통과,경부선,매일
화물,3423,하행,12,천안,17:20:30,17:20:30,통과,천안직결선,매일
화물,3423,하행,13,소정리,17:28:30,17:28:30,통과,경부선,매일
화물,3423,하행,14,전의,17:34:00,17:34:00,통과,경부선,매일
화물,3423,하행,15,전동,17:39:30,17:39:30,통과,경부선,매일
화물,3423,하행,16,서창,17:42:00,17:42:00,통과,경부선,매일
화물,3423,하행,17,조치원,17:44:30,17:44:30,통과,경부선,매일
화물,3423,하행,18,내판,17:50:00,17:55:00,대피,경부선,매일
화물,3423,하행,19,부강,18:00:00,18:00:00,통과,경부선,매일
화물,3423,하행,20,매포,18:04:00,18:04:00,통과,경부선,매일
화물,3423,하행,21,신탄진,18:10:00,18:10:00,통과,경부선,매일
화물,3423,하행,22,회덕,18:14:00,18:14:00,통과,경부선,매일
화물,3423,하행,23,대전조,18:18:30,18:24:00,승무원교대,경부선,매일
화물,3423,하행,24,서대전,18:33:00,18:33:00,통과,호남선,매일
화물,3423,하행,25,가수원,18:38:30,18:38:30,통과,호남선,매일
화물,3423,하행,26,흑석리,18:43:30,18:43:30,통과,호남선,매일
화물,3423,하행,27,계룡,18:50:30,18:50:30,통과,호남선,매일
화물,3423,하행,28,개태사,18:58:30,18:58:30,통과,호남선,매일
화물,3423,하행,29,연산,19:03:00,19:03:00,통과,호남선,매일
화물,3423,하행,30,부황,19:07:30,19:07:30,통과,호남선,매일
화물,3423,하행,31,논산,19:13:00,19:13:00,통과,호남선,매일
화물,3423,하행,32,채운,19:19:00,19:19:00,통과,호남선,매일
화물,3423,하행,33,강경,19:22:00,19:22:00,통과,호남선,매일
화물,3423,하행,34,용동,19:27:30,19:27:30,통과,호남선,매일
화물,3423,하행,35,함열,19:32:00,19:32:00,통과,호남선,매일
화물,3423,하행,36,황등,19:41:00,19:41:00,통과,호남선,매일
화물,3423,하행,37,익산,19:50:00,19:54:00,승무원교대,호남선,매일
화물,3423,하행,38,동익산,19:57:00,19:57:00,통과,전라선,매일
화물,3423,하행,39,삼례,20:07:00,20:23:00,대피,전라선,매일
화물,3423,하행,40,동산,20:27:30,20:27:30,통과,전라선,매일
화물,3423,하행,41,전주,20:33:30,20:33:30,통과,전라선,매일
화물,3423,하행,42,신리,20:40:00,20:40:00,통과,전라선,매일
화물,3423,하행,43,죽림온,20:44:00,20:44:00,통과,전라선,매일
화물,3423,하행,44,관촌,20:50:30,20:50:30,통과,전라선,매일
화물,3423,하행,45,임실,20:53:30,20:53:30,통과,전라선,매일
화물,3423,하행,46,봉천,20:58:00,20:58:00,통과,전라선,매일
화물,3423,하행,47,오수,21:01:00,21:01:00,통과,전라선,매일
화물,3423,하행,48,서도,21:05:30,21:05:30,통과,전라선,매일
화물,3423,하행,49,산성,21:10:00,21:10:00,통과,전라선,매일
화물,3423,하행,50,남원,21:12:30,21:12:30,통과,전라선,매일
화물,3423,하행,51,주생,21:18:30,21:32:30,대피,전라선,매일
화물,3423,하행,52,옹정,21:36:30,21:36:30,통과,전라선,매일
화물,3423,하행,53,금지,21:39:00,21:39:00,통과,전라선,매일
화물,3423,하행,54,곡성,21:43:00,21:43:00,통과,전라선,매일
화물,3423,하행,55,압록,21:51:30,21:51:30,통과,전라선,매일
화물,3423,하행,56,구례구,21:58:00,21:58:00,통과,전라선,매일
화물,3423,하행,57,봉덕,22:01:00,22:01:00,통과,전라선,매일
화물,3423,하행,58,괴목,22:05:00,22:05:00,통과,전라선,매일
화물,3423,하행,59,개운,22:11:00,22:11:00,통과,전라선,매일
화물,3423,하행,60,동운,22:14:00,22:14:00,통과,전라선,매일
화물,3423,하행,61,순천,22:22:00,23:05:00,동력차교체,전라선,매일
화물,3423,하행,62,평화,23:10:00,23:10:00,통과,경전선,매일
화물,3423,하행,63,광양,23:15:00,23:15:00,통과,경전선,매일
화물,3423,하행,64,초남,23:22:00,23:22:00,통과,광양제철선,매일
화물,3423,하행,65,황길,23:31:00,23:31:00,통과,광양제철선,매일
화물,3423,하행,66,태금,23:39:00,23:39:00,종착,광양제철선,매일
근거리,R3423,하행,1,태금,00:20:00,00:20:00,시발,광양제철선,매일
근거리,R3423,하행,2,황길,00:28:00,00:28:00,통과,광양제철선,매일
근거리,R3423,하행,3,초남,00:37:00,00:37:00,통과,광양제철선,매일
근거리,R3423,하행,4,광양,00:45:00,00:45:00,통과,광양제철선,매일
근거리,R3423,하행,5,평화,00:50:00,00:50:00,통과,경전선,매일
근거리,R3423,하행,6,순천,00:55:00,00:55:00,종착,경전선,매일
화물,3424,상행,1,태금,15:14:00,15:14:00,시발,광양제철선,매일
화물,3424,상행,2,황길,15:22:00,15:22:00,통과,광양제철선,매일
화물,3424,상행,3,초남,15:29:00,15:29:00,통과,광양제철선,매일
화물,3424,상행,4,광양,15:36:00,15:36:00,통과,광양제철선,매일
화물,3424,상행,5,평화,15:40:00,15:40:00,통과,경전선,매일
화물,3424,상행,6,순천,15:46:00,16:17:00,동력차교체,경전선,매일
화물,3424,상행,7,동운,16:25:00,16:25:00,통과,전라선,매일
화물,3424,상행,8,개운,16:28:00,16:28:00,통과,전라선,매일
화물,3424,상행,9,괴목,16:34:00,16:34:00,통과,전라선,매일
화물,3424,상행,10,봉덕,16:38:00,16:38:00,통과,전라선,매일
화물,3424,상행,11,구례구,16:41:00,16:41:00,통과,전라선,매일
화물,3424,상행,12,압록,16:47:30,16:47:30,통과,전라선,매일
화물,3424,상행,13,곡성,16:56:00,16:56:00,통과,전라선,매일
화물,3424,상행,14,금지,17:00:00,17:00:00,통과,전라선,매일
화물,3424,상행,15,옹정,17:02:30,17:02:30,통과,전라선,매일
화물,3424,상행,16,주생,17:05:00,17:05:00,통과,전라선,매일
화물,3424,상행,17,남원,17:09:30,17:09:30,통과,전라선,매일
화물,3424,상행,18,산성,17:12:00,17:12:00,통과,전라선,매일
화물,3424,상행,19,서도,17:16:30,17:16:30,통과,전라선,매일
화물,3424,상행,20,오수,17:21:00,17:21:00,통과,전라선,매일
화물,3424,상행,21,봉천,17:24:00,17:24:00,통과,전라선,매일
화물,3424,상행,22,임실,17:30:00,17:45:00,대피,전라선,매일
화물,3424,상행,23,관촌,17:50:00,17:50:00,통과,전라선,매일
화물,3424,상행,24,죽림온,17:56:30,17:56:30,통과,전라선,매일
화물,3424,상행,25,신리,18:00:30,18:00:30,통과,전라선,매일
화물,3424,상행,26,전주,18:07:00,18:07:00,통과,전라선,매일
화물,3424,상행,27,동산,18:13:00,18:13:00,통과,전라선,매일
화물,3424,상행,28,삼례,18:16:00,18:16:00,통과,전라선,매일
화물,3424,상행,29,동익산,18:24:30,18:24:30,통과,전라선,매일
화물,3424,상행,30,익산,18:27:30,18:30:30,승무원교대,전라선,매일
화물,3424,상행,31,황등,18:38:00,18:38:00,통과,호남선,매일
화물,3424,상행,32,함열,18:46:00,18:46:00,통과,호남선,매일
화물,3424,상행,33,용동,18:50:30,18:50:30,통과,호남선,매일
화물,3424,상행,34,강경,18:56:00,18:56:00,통과,호남선,매일
화물,3424,상행,35,채운,18:59:00,18:59:00,통과,호남선,매일
화물,3424,상행,36,논산,19:05:00,19:05:00,통과,호남선,매일
화물,3424,상행,37,부황,19:10:30,19:10:30,통과,호남선,매일
화물,3424,상행,38,연산,19:15:00,19:15:00,통과,호남선,매일
화물,3424,상행,39,개태사,19:19:30,19:19:30,통과,호남선,매일
화물,3424,상행,40,계룡,19:27:30,19:27:30,통과,호남선,매일
화물,3424,상행,41,흑석리,19:34:30,19:34:30,통과,호남선,매일
화물,3424,상행,42,가수원,19:39:30,19:39:30,통과,호남선,매일
화물,3424,상행,43,서대전,19:45:00,19:45:00,통과,호남선,매일
화물,3424,상행,44,대전조,19:51:30,19:55:30,승무원교대,호남선,매일
화물,3424,상행,45,회덕,20:00:30,20:00:30,통과,경부선,매일
화물,3424,상행,46,신탄진,20:04:30,20:04:30,통과,경부선,매일
화물,3424,상행,47,매포,20:12:00,20:20:00,대피,경부선,매일
화물,3424,상행,48,부강,20:25:30,20:25:30,통과,경부선,매일
화물,3424,상행,49,내판,20:29:00,20:29:00,통과,경부선,매일
화물,3424,상행,50,조치원,20:33:00,20:33:00,통과,경부선,매일
화물,3424,상행,51,서창,20:35:30,20:35:30,통과,경부선,매일
화물,3424,상행,52,전동,20:38:00,20:38:00,통과,경부선,매일
화물,3424,상행,53,전의,20:43:30,20:43:30,통과,경부선,매일
화물,3424,상행,54,소정리,20:49:00,20:49:00,통과,경부선,매일
화물,3424,상행,55,천안,20:57:00,20:57:00,통과,경부선,매일
화물,3424,상행,56,두정,20:59:30,20:59:30,통과,경부선,매일
화물,3424,상행,57,직산,21:02:30,21:02:30,통과,경부선,매일
화물,3424,상행,58,성환,21:06:30,21:06:30,통과,경부선,매일
화물,3424,상행,59,평택,21:13:30,21:13:30,통과,경부선,매일
화물,3424,상행,60,서정리,21:20:30,21:24:30,대피,경부선,매일
화물,3424,상행,61,송탄,21:27:30,21:27:30,통과,경부선,매일
화물,3424,상행,62,오산,21:34:00,21:38:00,대피,경부선,매일
화물,3424,상행,63,병점,21:44:30,21:44:30,통과,경부선,매일
화물,3424,상행,64,수원,21:49:30,21:49:30,통과,경부선,매일
화물,3424,상행,65,의왕,21:58:30,22:30:00,화물취급,경부선,매일
화물,3424,상행,66,오봉,22:39:00,22:39:00,종착,남부화물기,매일
화물,3431,하행,1,신례원,20:23:00,20:23:00,시발,장항선,월화수목금
화물,3431,하행,2,예산,20:29:30,20:29:30,통과,장항선,월화수목금
화물,3431,하행,3,삽교,20:36:30,20:36:30,통과,장항선,월화수목금
화물,3431,하행,4,화양,20:42:30,20:42:30,통과,장항선,월화수목금
화물,3437,하행,5,홍성,10:57:00,10:57:00,통과,장항선,월화수목금
화물,3431,하행,6,신성,20:52:00,20:52:00,통과,장항선,월화수목금
화물,3431,하행,7,광천,21:01:00,21:01:00,통과,장항선,월화수목금
화물,3431,하행,8,원죽,21:05:00,21:05:00,통과,장항선,월화수목금
화물,3431,하행,9,청소,21:09:00,21:09:00,통과,장항선,월화수목금
화물,3431,하행,10,주포,21:15:00,21:17:00,교행,장항선,월화수목금
화물,3437,하행,11,대천,11:37:30,11:37:30,통과,장항선,월화수목금
화물,3431,하행,12,남포,21:30:30,21:33:30,교행,장항선,월화수목금
화물,3431,하행,13,웅천,21:42:00,21:42:00,통과,장항선,월화수목금
화물,3431,하행,14,판교,21:50:00,21:50:00,통과,장항선,월화수목금
화물,3431,하행,15,서천,21:57:30,21:57:30,통과,장항선,월화수목금
화물,3431,하행,16,장항,22:02:00,22:02:00,통과,장항선,월화수목금
화물,3431,하행,17,군산,22:08:00,22:08:00,통과,장항선,월화수목금
화물,3431,하행,18,군산분,22:14:30,22:14:30,통과,장항선,월화수목금
화물,3431,하행,19,대야,22:16:00,22:16:00,통과,장항선,월화수목금
화물,3431,하행,20,목천신,22:25:00,22:25:00,통과,장항선,월화수목금
화물,3431,하행,21,동익산,22:28:30,22:32:00,승무원교대,익산삼각선,월화수목금
화물,3431,하행,22,삼례,22:42:30,22:42:30,통과,전라선,월화수목금
화물,3431,하행,23,동산,22:46:00,22:46:00,통과,전라선,월화수목금
화물,3431,하행,24,전주,22:52:00,22:52:00,통과,전라선,월화수목금
화물,3431,하행,25,신리,22:59:00,22:59:00,통과,전라선,월화수목금
화물,3431,하행,26,죽림온,23:03:00,23:03:00,통과,전라선,월화수목금
화물,3431,하행,27,관촌,23:10:30,23:10:30,통과,전라선,월화수목금
화물,3431,하행,28,임실,23:14:00,23:14:00,통과,전라선,월화수목금
화물,3431,하행,29,봉천,23:19:00,23:19:00,통과,전라선,월화수목금
화물,3431,하행,30,오수,23:22:30,23:22:30,통과,전라선,월화수목금
화물,3431,하행,31,서도,23:27:00,23:27:00,통과,전라선,월화수목금
화물,3431,하행,32,산성,23:32:00,23:32:00,통과,전라선,월화수목금
화물,3431,하행,33,남원,23:35:00,23:35:00,통과,전라선,월화수목금
화물,3431,하행,34,주생,23:39:30,23:39:30,통과,전라선,월화수목금
화물,3431,하행,35,옹정,23:42:00,23:42:00,통과,전라선,월화수목금
화물,3431,하행,36,금지,23:46:00,23:50:30,대피,전라선,월화수목금
화물,3431,하행,37,곡성,23:56:30,23:56:30,통과,전라선,월화수목금
화물,3431,하행,38,압록,00:05:30,00:05:30,통과,전라선,월화수목금
화물,3431,하행,39,구례구,00:12:30,00:12:30,통과,전라선,월화수목금
화물,3431,하행,40,봉덕,00:15:30,00:15:30,통과,전라선,월화수목금
화물,3431,하행,41,괴목,00:20:00,00:20:00,통과,전라선,월화수목금
화물,3431,하행,42,개운,00:26:30,00:26:30,통과,전라선,월화수목금
화물,3431,하행,43,동운,00:29:30,00:29:30,통과,전라선,월화수목금
화물,3431,하행,44,순천,00:37:30,01:09:30,승무원교대,전라선,월화수목금
화물,3431,하행,45,평화,01:14:30,01:14:30,통과,경전선,월화수목금
화물,3431,하행,46,광양,01:20:00,01:20:00,종착,경전선,월화수목금
근거리,Y3431,하행,1,천안,19:15:00,19:15:00,시발,장항선,월화수목금
근거리,Y3431,하행,2,봉명,19:18:00,19:18:00,통과,장항선,월화수목금
근거리,Y3431,하행,3,쌍용나,19:20:00,19:20:00,통과,장항선,월화수목금
근거리,Y3431,하행,4,아산,19:22:00,19:22:00,통과,장항선,월화수목금
근거리,Y3431,하행,5,탕정,19:23:30,19:23:30,통과,장항선,월화수목금
근거리,Y3431,하행,6,배방,19:26:30,19:26:30,통과,장항선,월화수목금
근거리,Y3431,하행,7,온양온,19:31:00,19:31:00,통과,장항선,월화수목금
근거리,Y3431,하행,8,신창,19:36:00,19:36:00,통과,장항선,월화수목금
근거리,Y3431,하행,9,도고온,19:41:30,19:41:30,통과,장항선,월화수목금
근거리,Y3431,하행,10,신례원,19:46:00,19:46:00,종착,장항선,월화수목금
화물,3432,상행,1,광양,10:10:00,10:10:00,시발,경전선,월화수목금
화물,3432,상행,2,평화,10:16:00,10:16:00,통과,경전선,월화수목금
화물,3432,상행,3,순천,10:22:00,10:46:00,화물취급,경전선,월화수목금
화물,3432,상행,4,동운,10:54:00,10:54:00,통과,전라선,월화수목금
화물,3432,상행,5,개운,10:56:30,10:56:30,통과,전라선,월화수목금
화물,3432,상행,6,괴목,11:02:30,11:02:30,통과,전라선,월화수목금
화물,3432,상행,7,봉덕,11:06:30,11:06:30,통과,전라선,월화수목금
화물,3432,상행,8,구례구,11:09:00,11:09:00,통과,전라선,월화수목금
화물,3432,상행,9,압록,11:16:00,11:16:00,통과,전라선,월화수목금
화물,3432,상행,10,곡성,11:24:00,11:24:00,통과,전라선,월화수목금
화물,3432,상행,11,금지,11:29:00,11:29:00,통과,전라선,월화수목금
화물,3432,상행,12,옹정,11:31:00,11:31:00,통과,전라선,월화수목금
화물,3432,상행,13,주생,11:33:00,11:33:00,통과,전라선,월화수목금
화물,3432,상행,14,남원,11:37:30,11:37:30,통과,전라선,월화수목금
화물,3432,상행,15,산성,11:40:00,11:40:00,통과,전라선,월화수목금
화물,3432,상행,16,서도,11:44:30,11:44:30,통과,전라선,월화수목금
화물,3432,상행,17,오수,11:49:00,11:49:00,통과,전라선,월화수목금
화물,3432,상행,18,봉천,11:52:00,11:52:00,통과,전라선,월화수목금
화물,3432,상행,19,임실,11:56:30,11:56:30,통과,전라선,월화수목금
화물,3432,상행,20,관촌,11:59:30,11:59:30,통과,전라선,월화수목금
화물,3432,상행,21,죽림온,12:06:30,12:06:30,통과,전라선,월화수목금
화물,3432,상행,22,신리,12:10:30,12:10:30,통과,전라선,월화수목금
화물,3432,상행,23,전주,12:17:30,12:17:30,통과,전라선,월화수목금
화물,3432,상행,24,동산,12:26:00,12:46:00,화물취급,전라선,월화수목금
화물,3432,상행,25,삼례,12:51:30,12:51:30,통과,전라선,월화수목금
화물,3432,상행,26,동익산,13:02:00,13:07:00,승무원교대,전라선,월화수목금
화물,3432,상행,27,목천신,13:11:00,13:11:00,통과,익산삼각선,월화수목금
화물,3432,상행,28,대야,13:19:00,13:19:00,통과,장항선,월화수목금
화물,3432,상행,29,군산분,13:20:30,13:20:30,통과,장항선,월화수목금
화물,3432,상행,30,군산,13:27:00,13:27:00,통과,장항선,월화수목금
화물,3432,상행,31,장항,13:33:30,13:33:30,통과,장항선,월화수목금
화물,3432,상행,32,서천,13:40:00,13:43:00,교행,장항선,월화수목금
화물,3432,상행,33,판교,13:51:30,13:51:30,통과,장항선,월화수목금
화물,3432,상행,34,웅천,13:58:30,13:58:30,통과,장항선,월화수목금
화물,3432,상행,35,남포,14:05:00,14:05:00,통과,장항선,월화수목금
화물,3432,상행,36,대천,14:08:00,14:08:00,통과,장항선,월화수목금
화물,3432,상행,37,주포,14:15:00,14:15:00,통과,장항선,월화수목금
화물,3432,상행,38,청소,14:19:30,14:19:30,통과,장항선,월화수목금
화물,3432,상행,39,원죽,14:23:30,14:23:30,통과,장항선,월화수목금
화물,3432,상행,40,광천,14:27:30,14:27:30,통과,장항선,월화수목금
화물,3432,상행,41,신성,14:36:30,14:39:30,교행,장항선,월화수목금
화물,3958,상행,64,홍성,14:00:00,14:00:00,종착,장항선,화목토
화물,3432,상행,43,화양,14:50:00,14:50:00,통과,장항선,월화수목금
화물,3432,상행,44,삽교,14:56:00,14:56:00,통과,장항선,월화수목금
화물,3432,상행,45,예산,15:03:00,15:03:00,통과,장항선,월화수목금
화물,3432,상행,46,신례원,15:10:00,15:10:00,종착,장항선,월화수목금
근거리,R3432,상행,1,신례원,16:22:00,16:22:00,시발,장항선,월화수목금
근거리,R3432,상행,2,도고온,16:26:00,16:26:00,통과,장항선,월화수목금
근거리,R3432,상행,3,신창,16:31:30,16:31:30,통과,장항선,월화수목금
근거리,R3432,상행,4,온양온,16:36:30,16:36:30,통과,장항선,월화수목금
근거리,R3432,상행,5,배방,16:41:00,16:41:00,통과,장항선,월화수목금
근거리,R3432,상행,6,탕정,16:44:00,16:44:00,통과,장항선,월화수목금
근거리,R3432,상행,7,아산,16:45:30,16:45:30,통과,장항선,월화수목금
근거리,R3432,상행,8,쌍용나,16:47:30,16:47:30,통과,장항선,월화수목금
근거리,R3432,상행,9,봉명,16:49:30,16:49:30,통과,장항선,월화수목금
근거리,R3432,상행,10,천안,16:53:00,16:53:00,종착,장항선,월화수목금
화물,3434,상행,1,광양,13:40:00,13:40:00,시발,경전선,월화수목금
화물,3434,상행,2,평화,13:46:00,13:46:00,통과,경전선,월화수목금
화물,3434,상행,3,순천,13:52:00,13:55:00,승무원교대,경전선,월화수목금
화물,3434,상행,4,동운,14:03:00,14:03:00,통과,전라선,월화수목금
화물,3434,상행,5,개운,14:06:00,14:06:00,통과,전라선,월화수목금
화물,3434,상행,6,괴목,14:12:30,14:12:30,통과,전라선,월화수목금
화물,3434,상행,7,봉덕,14:17:00,14:17:00,통과,전라선,월화수목금
화물,3434,상행,8,구례구,14:20:00,14:20:00,통과,전라선,월화수목금
화물,3434,상행,9,압록,14:27:30,14:27:30,통과,전라선,월화수목금
화물,3434,상행,10,곡성,14:37:00,14:37:00,통과,전라선,월화수목금
화물,3434,상행,11,금지,14:41:00,14:41:00,통과,전라선,월화수목금
화물,3434,상행,12,옹정,14:43:30,14:43:30,통과,전라선,월화수목금
화물,3434,상행,13,주생,14:46:00,14:46:00,통과,전라선,월화수목금
화물,3434,상행,14,남원,14:51:00,14:51:00,통과,전라선,월화수목금
화물,3434,상행,15,산성,14:55:30,15:01:00,대피,전라선,월화수목금
화물,3434,상행,16,서도,15:07:30,15:07:30,통과,전라선,월화수목금
화물,3434,상행,17,오수,15:12:30,15:12:30,통과,전라선,월화수목금
화물,3434,상행,18,봉천,15:16:00,15:16:00,통과,전라선,월화수목금
화물,3434,상행,19,임실,15:21:00,15:21:00,통과,전라선,월화수목금
화물,3434,상행,20,관촌,15:26:00,15:33:00,대피,전라선,월화수목금
화물,3434,상행,21,죽림온,15:43:30,15:48:30,대피,전라선,월화수목금
화물,3434,상행,22,신리,15:54:30,15:54:30,통과,전라선,월화수목금
화물,3434,상행,23,전주,16:02:00,16:02:00,통과,전라선,월화수목금
화물,3434,상행,24,동산,16:10:00,16:44:00,화물취급,전라선,월화수목금
화물,3434,상행,25,삼례,16:49:00,16:49:00,통과,전라선,월화수목금
화물,3434,상행,26,동익산,16:58:00,16:58:00,통과,전라선,월화수목금
화물,3434,상행,27,익산,17:01:30,17:04:30,승무원교대,전라선,월화수목금
화물,3434,상행,28,황등,17:12:00,17:12:00,통과,호남선,월화수목금
화물,3434,상행,29,함열,17:20:00,17:20:00,통과,호남선,월화수목금
화물,3434,상행,30,용동,17:24:30,17:24:30,통과,호남선,월화수목금
화물,3434,상행,31,강경,17:30:00,17:30:00,통과,호남선,월화수목금
화물,3434,상행,32,채운,17:33:00,17:33:00,통과,호남선,월화수목금
화물,3434,상행,33,논산,17:39:00,17:39:00,통과,호남선,월화수목금
화물,3434,상행,34,부황,17:44:30,17:44:30,통과,호남선,월화수목금
화물,3434,상행,35,연산,17:49:00,17:49:00,통과,호남선,월화수목금
화물,3434,상행,36,개태사,17:53:30,17:53:30,통과,호남선,월화수목금
화물,3434,상행,37,계룡,18:01:30,18:01:30,통과,호남선,월화수목금
화물,3434,상행,38,흑석리,18:08:30,18:08:30,통과,호남선,월화수목금
화물,3434,상행,39,가수원,18:14:00,18:14:00,통과,호남선,월화수목금
화물,3434,상행,40,서대전,18:19:30,18:19:30,통과,호남선,월화수목금
화물,3434,상행,41,대전조,18:26:00,18:30:00,승무원교대,호남선,월화수목금
화물,3434,상행,42,회덕,18:34:30,18:34:30,통과,경부선,월화수목금
화물,3434,상행,43,신탄진,18:39:30,18:39:30,통과,경부선,월화수목금
화물,3434,상행,44,매포,18:45:30,18:45:30,통과,경부선,월화수목금
화물,3434,상행,45,부강,18:49:00,18:49:00,통과,경부선,월화수목금
화물,3434,상행,46,내판,18:53:00,18:53:00,통과,경부선,월화수목금
화물,3434,상행,47,조치원,18:57:30,18:57:30,통과,경부선,월화수목금
화물,3434,상행,48,서창,19:00:00,19:00:00,통과,경부선,월화수목금
화물,3434,상행,49,전동,19:04:30,19:10:30,대피,경부선,월화수목금
화물,3434,상행,50,전의,19:18:00,19:18:00,통과,경부선,월화수목금
화물,3434,상행,51,소정리,19:24:00,19:24:00,통과,경부선,월화수목금
화물,3434,상행,52,천안,19:35:00,19:35:00,종착,경부선,월화수목금
화물,3435,하행,1,천안,13:21:00,13:21:00,시발,장항선,월화수목금
화물,3435,하행,2,봉명,13:24:00,13:24:00,통과,장항선,월화수목금
화물,3435,하행,3,쌍용나,13:26:00,13:26:00,통과,장항선,월화수목금
화물,3435,하행,4,아산,13:28:00,13:28:00,통과,장항선,월화수목금
화물,3435,하행,5,탕정,13:29:30,13:29:30,통과,장항선,월화수목금
화물,3435,하행,6,배방,13:32:30,13:32:30,통과,장항선,월화수목금
화물,3435,하행,7,온양온,13:37:00,13:37:00,통과,장항선,월화수목금
화물,3435,하행,8,신창,13:41:30,13:41:30,통과,장항선,월화수목금
화물,3435,하행,9,도고온,13:46:30,13:46:30,통과,장항선,월화수목금
화물,3435,하행,10,신례원,13:52:30,14:57:30,화물취급,장항선,월화수목금
화물,3435,하행,11,예산,15:04:00,15:04:00,통과,장항선,월화수목금
화물,3435,하행,12,삽교,15:11:00,15:11:00,통과,장항선,월화수목금
화물,3435,하행,13,화양,15:17:00,15:17:00,통과,장항선,월화수목금
화물,3432,상행,42,홍성,14:45:00,14:45:00,통과,장항선,월화수목금
화물,3435,하행,15,신성,15:28:00,15:43:30,대피,장항선,월화수목금
화물,3435,하행,16,광천,15:54:00,15:54:00,통과,장항선,월화수목금
화물,3435,하행,17,원죽,15:58:00,15:58:00,통과,장항선,월화수목금
화물,3435,하행,18,청소,16:03:30,16:17:30,교행,장항선,월화수목금
화물,3435,하행,19,주포,16:23:30,16:23:30,통과,장항선,월화수목금
화물,3435,하행,20,대천,16:31:00,16:31:00,통과,장항선,월화수목금
화물,3435,하행,21,남포,16:34:30,16:34:30,통과,장항선,월화수목금
화물,3435,하행,22,웅천,16:42:30,16:46:30,교행,장항선,월화수목금
화물,3435,하행,23,판교,16:56:00,16:56:00,통과,장항선,월화수목금
화물,3435,하행,24,서천,17:03:30,17:03:30,통과,장항선,월화수목금
화물,3435,하행,25,장항,17:09:30,17:22:00,교행,장항선,월화수목금
화물,3435,하행,26,군산,17:29:30,17:29:30,통과,장항선,월화수목금
화물,3435,하행,27,군산분,17:36:00,17:36:00,통과,장항선,월화수목금
화물,3435,하행,28,대야,17:37:30,17:37:30,통과,장항선,월화수목금
화물,3435,하행,29,목천신,17:46:30,17:46:30,통과,장항선,월화수목금
화물,3435,하행,30,동익산,17:50:00,17:54:30,승무원교대,익산삼각선,월화수목금
화물,3435,하행,31,삼례,18:05:30,18:05:30,통과,전라선,월화수목금
화물,3435,하행,32,동산,18:09:00,18:09:00,통과,전라선,월화수목금
화물,3435,하행,33,전주,18:15:30,18:15:30,통과,전라선,월화수목금
화물,3435,하행,34,신리,18:23:00,18:23:00,통과,전라선,월화수목금
화물,3435,하행,35,죽림온,18:27:30,18:27:30,통과,전라선,월화수목금
화물,3435,하행,36,관촌,18:36:30,18:41:30,대피,전라선,월화수목금
화물,3435,하행,37,임실,18:46:30,18:46:30,통과,전라선,월화수목금
화물,3435,하행,38,봉천,18:51:30,18:51:30,통과,전라선,월화수목금
화물,3435,하행,39,오수,18:55:00,18:55:00,통과,전라선,월화수목금
화물,3435,하행,40,서도,19:00:00,19:00:00,통과,전라선,월화수목금
화물,3435,하행,41,산성,19:05:00,19:05:00,통과,전라선,월화수목금
화물,3435,하행,42,남원,19:08:00,19:08:00,통과,전라선,월화수목금
화물,3435,하행,43,주생,19:13:00,19:13:00,통과,전라선,월화수목금
화물,3435,하행,44,옹정,19:15:30,19:15:30,통과,전라선,월화수목금
화물,3435,하행,45,금지,19:19:30,19:24:30,대피,전라선,월화수목금
화물,3435,하행,46,곡성,19:31:00,19:31:00,통과,전라선,월화수목금
화물,3435,하행,47,압록,19:40:30,19:40:30,통과,전라선,월화수목금
화물,3435,하행,48,구례구,19:48:00,19:48:00,통과,전라선,월화수목금
화물,3435,하행,49,봉덕,19:51:00,19:51:00,통과,전라선,월화수목금
화물,3435,하행,50,괴목,19:55:30,19:55:30,통과,전라선,월화수목금
화물,3435,하행,51,개운,20:02:00,20:02:00,통과,전라선,월화수목금
화물,3435,하행,52,동운,20:05:00,20:05:00,통과,전라선,월화수목금
화물,3435,하행,53,순천,20:13:00,20:18:00,승무원교대,전라선,월화수목금
화물,3435,하행,54,평화,20:23:00,20:23:00,통과,경전선,월화수목금
화물,3435,하행,55,광양,20:28:00,20:28:00,종착,경전선,월화수목금
화물,3437,하행,1,신례원,10:34:00,10:34:00,시발,장항선,월화수목금
화물,3437,하행,2,예산,10:40:30,10:40:30,통과,장항선,월화수목금
화물,3437,하행,3,삽교,10:47:30,10:47:30,통과,장항선,월화수목금
화물,3437,하행,4,화양,10:52:30,10:52:30,통과,장항선,월화수목금
화물,3957,하행,1,홍성,14:52:00,14:52:00,시발,장항선,화목토
화물,3437,하행,6,신성,11:02:30,11:08:00,교행,장항선,월화수목금
화물,3437,하행,7,광천,11:17:30,11:17:30,통과,장항선,월화수목금
화물,3437,하행,8,원죽,11:21:30,11:21:30,통과,장항선,월화수목금
화물,3437,하행,9,청소,11:25:30,11:25:30,통과,장항선,월화수목금
화물,3437,하행,10,주포,11:30:00,11:30:00,통과,장항선,월화수목금
화물,3431,하행,11,대천,21:26:00,21:26:00,통과,장항선,월화수목금
화물,3437,하행,12,남포,11:41:00,11:41:00,통과,장항선,월화수목금
화물,3437,하행,13,웅천,11:47:30,11:47:30,통과,장항선,월화수목금
화물,3437,하행,14,판교,11:55:30,11:55:30,통과,장항선,월화수목금
화물,3437,하행,15,서천,12:03:00,12:03:00,통과,장항선,월화수목금
화물,3437,하행,16,장항,12:08:30,12:13:30,대피,장항선,월화수목금
화물,3437,하행,17,군산,12:20:30,12:20:30,통과,장항선,월화수목금
화물,3437,하행,18,군산분,12:27:00,12:27:00,통과,장항선,월화수목금
화물,3437,하행,19,대야,12:28:30,12:28:30,통과,장항선,월화수목금
화물,3437,하행,20,목천신,12:37:30,12:37:30,통과,장항선,월화수목금
화물,3437,하행,21,동익산,12:41:00,12:44:00,승무원교대,익산삼각선,월화수목금
화물,3437,하행,22,삼례,12:55:00,12:55:00,통과,전라선,월화수목금
화물,3437,하행,23,동산,13:00:30,13:26:30,화물취급,전라선,월화수목금
화물,3437,하행,24,전주,13:34:30,13:34:30,통과,전라선,월화수목금
화물,3437,하행,25,신리,13:42:00,13:42:00,통과,전라선,월화수목금
화물,3437,하행,26,죽림온,13:46:30,13:46:30,통과,전라선,월화수목금
화물,3437,하행,27,관촌,13:54:00,13:54:00,통과,전라선,월화수목금
화물,3437,하행,28,임실,13:57:30,13:57:30,통과,전라선,월화수목금
화물,3437,하행,29,봉천,14:02:30,14:02:30,통과,전라선,월화수목금
화물,3437,하행,30,오수,14:06:00,14:06:00,통과,전라선,월화수목금
화물,3437,하행,31,서도,14:11:00,14:11:00,통과,전라선,월화수목금
화물,3437,하행,32,산성,14:16:00,14:16:00,통과,전라선,월화수목금
화물,3437,하행,33,남원,14:19:00,14:19:00,통과,전라선,월화수목금
화물,3437,하행,34,주생,14:24:00,14:24:00,통과,전라선,월화수목금
화물,3437,하행,35,옹정,14:26:30,14:26:30,통과,전라선,월화수목금
화물,3437,하행,36,금지,14:31:00,14:38:00,대피,전라선,월화수목금
화물,3437,하행,37,곡성,14:45:00,14:45:00,통과,전라선,월화수목금
화물,3437,하행,38,압록,14:54:30,14:54:30,통과,전라선,월화수목금
화물,3437,하행,39,구례구,15:02:00,15:02:00,통과,전라선,월화수목금
화물,3437,하행,40,봉덕,15:05:00,15:05:00,통과,전라선,월화수목금
화물,3437,하행,41,괴목,15:11:30,15:16:30,대피,전라선,월화수목금
화물,3437,하행,42,개운,15:25:00,15:25:00,통과,전라선,월화수목금
화물,3437,하행,43,동운,15:28:00,15:28:00,통과,전라선,월화수목금
화물,3437,하행,44,순천,15:36:00,15:41:00,승무원교대,전라선,월화수목금
화물,3437,하행,45,평화,15:46:00,15:46:00,통과,경전선,월화수목금
화물,3437,하행,46,광양,15:51:00,15:51:00,종착,경전선,월화수목금
근거리,Y3437,하행,1,천안,08:36:00,08:36:00,시발,장항선,월화수목금
근거리,Y3437,하행,2,봉명,08:39:00,08:39:00,통과,장항선,월화수목금
근거리,Y3437,하행,3,쌍용나,08:41:00,08:41:00,통과,장항선,월화수목금
근거리,Y3437,하행,4,아산,08:43:00,08:43:00,통과,장항선,월화수목금
근거리,Y3437,하행,5,탕정,08:44:30,08:44:30,통과,장항선,월화수목금
근거리,Y3437,하행,6,배방,08:47:30,08:47:30,통과,장항선,월화수목금
근거리,Y3437,하행,7,온양온,08:52:00,08:52:00,통과,장항선,월화수목금
근거리,Y3437,하행,8,신창,08:57:00,08:57:00,통과,장항선,월화수목금
근거리,Y3437,하행,9,도고온,09:03:00,09:03:00,통과,장항선,월화수목금
근거리,Y3437,하행,10,신례원,09:08:00,09:08:00,종착,장항선,월화수목금
화물,3438,상행,1,광양,17:25:00,17:25:00,시발,경전선,월화수목금
화물,3438,상행,2,평화,17:31:00,17:31:00,통과,경전선,월화수목금
화물,3438,상행,3,순천,17:37:00,17:57:00,화물취급,경전선,월화수목금
화물,3438,상행,4,동운,18:05:00,18:05:00,통과,전라선,월화수목금
화물,3438,상행,5,개운,18:08:00,18:08:00,통과,전라선,월화수목금
화물,3438,상행,6,괴목,18:14:30,18:14:30,통과,전라선,월화수목금
화물,3438,상행,7,봉덕,18:19:00,18:19:00,통과,전라선,월화수목금
화물,3438,상행,8,구례구,18:22:00,18:22:00,통과,전라선,월화수목금
화물,3438,상행,9,압록,18:29:30,18:29:30,통과,전라선,월화수목금
화물,3438,상행,10,곡성,18:39:00,18:39:00,통과,전라선,월화수목금
화물,3438,상행,11,금지,18:44:00,18:44:00,통과,전라선,월화수목금
화물,3438,상행,12,옹정,18:46:30,18:46:30,통과,전라선,월화수목금
화물,3438,상행,13,주생,18:49:00,18:49:00,통과,전라선,월화수목금
화물,3438,상행,14,남원,18:54:00,18:54:00,통과,전라선,월화수목금
화물,3438,상행,15,산성,18:57:00,18:57:00,통과,전라선,월화수목금
화물,3438,상행,16,서도,19:04:00,19:09:00,대피,전라선,월화수목금
화물,3438,상행,17,오수,19:16:00,19:16:00,통과,전라선,월화수목금
화물,3438,상행,18,봉천,19:19:30,19:19:30,통과,전라선,월화수목금
화물,3438,상행,19,임실,19:24:30,19:24:30,통과,전라선,월화수목금
화물,3438,상행,20,관촌,19:28:00,19:28:00,통과,전라선,월화수목금
화물,3438,상행,21,죽림온,19:35:30,19:35:30,통과,전라선,월화수목금
화물,3438,상행,22,신리,19:40:00,19:40:00,통과,전라선,월화수목금
화물,3438,상행,23,전주,19:47:30,19:47:30,통과,전라선,월화수목금
화물,3438,상행,24,동산,19:54:00,19:54:00,통과,전라선,월화수목금
화물,3438,상행,25,삼례,19:57:30,19:57:30,통과,전라선,월화수목금
화물,3438,상행,26,동익산,20:08:00,20:18:00,승무원교대,전라선,월화수목금
화물,3438,상행,27,목천신,20:21:30,20:21:30,통과,익산삼각선,월화수목금
화물,3438,상행,28,대야,20:30:30,20:30:30,통과,장항선,월화수목금
화물,3438,상행,29,군산분,20:32:00,20:32:00,통과,장항선,월화수목금
화물,3438,상행,30,군산,20:39:30,20:39:30,통과,장항선,월화수목금
화물,3438,상행,31,장항,20:45:30,20:45:30,통과,장항선,월화수목금
화물,3438,상행,32,서천,20:51:30,20:55:30,교행,장항선,월화수목금
화물,3438,상행,33,판교,21:04:30,21:04:30,통과,장항선,월화수목금
화물,3438,상행,34,웅천,21:15:00,21:25:00,교행,장항선,월화수목금
화물,3438,상행,35,남포,21:33:30,21:33:30,통과,장항선,월화수목금
화물,3438,상행,36,대천,21:37:00,21:37:00,통과,장항선,월화수목금
화물,3438,상행,37,주포,21:44:30,21:44:30,통과,장항선,월화수목금
화물,3438,상행,38,청소,21:49:00,21:49:00,통과,장항선,월화수목금
화물,3438,상행,39,원죽,21:53:00,21:53:00,통과,장항선,월화수목금
화물,3438,상행,40,광천,21:57:00,21:57:00,통과,장항선,월화수목금
화물,3438,상행,41,신성,22:06:00,22:06:00,통과,장항선,월화수목금
화물,3435,하행,14,홍성,15:22:00,15:22:00,통과,장항선,월화수목금
화물,3438,상행,43,화양,22:15:30,22:15:30,통과,장항선,월화수목금
화물,3438,상행,44,삽교,22:21:30,22:21:30,통과,장항선,월화수목금
화물,3438,상행,45,예산,22:28:30,22:28:30,통과,장항선,월화수목금
화물,3438,상행,46,신례원,22:36:00,22:36:00,종착,장항선,월화수목금
화물,3441,하행,1,괴동,14:44:00,14:44:00,시발,괴동선,일화목
화물,3441,하행,2,효자,14:52:00,14:52:00,통과,괴동선,일화목
화물,3441,하행,3,부조,14:58:30,14:58:30,통과,괴동선,일화목
화물,3441,하행,4,안강,15:06:00,15:06:00,통과,동해선,일화목
화물,3441,하행,5,서경주,15:17:00,15:17:00,통과,동해선,일화목
화물,3441,하행,6,모량,15:26:00,15:26:00,통과,동해선,일화목
화물,3441,하행,7,아화,15:37:00,15:37:00,통과,중앙선,일화목
화물,3441,하행,8,영천,15:52:00,16:28:00,화물취급,중앙선,일화목
화물,3441,하행,9,북영분,16:31:00,16:31:00,통과,대구선,일화목
화물,3441,하행,10,금호,16:38:00,16:38:00,통과,대구선,일화목
화물,3441,하행,11,하양,16:42:00,16:42:00,통과,대구선,일화목
화물,3441,하행,12,청천,16:46:30,16:46:30,통과,대구선,일화목
화물,3441,하행,13,금강,16:51:00,16:51:00,통과,대구선,일화목
화물,3441,하행,14,가천,16:55:00,17:20:00,화물취급,대구선,일화목
화물,3441,하행,15,고모,17:23:00,17:23:00,통과,대구선,일화목
화물,3441,하행,16,동대구,17:29:00,18:17:00,동력차교체,대구선,일화목
화물,3441,하행,17,고모,18:23:00,18:23:00,통과,경부선,일화목
화물,3441,하행,18,가천,18:26:00,18:48:00,화물취급,경부선,일화목
화물,3441,하행,19,경산,18:54:00,18:54:00,통과,경부선,일화목
화물,3441,하행,20,삼성,19:00:00,19:00:00,통과,경부선,일화목
화물,3441,하행,21,남성현,19:07:00,19:20:30,대피,경부선,일화목
화물,3441,하행,22,청도,19:28:30,19:28:30,통과,경부선,일화목
화물,3441,하행,23,신거,19:33:30,19:33:30,통과,경부선,일화목
화물,3441,하행,24,상동,19:37:30,19:37:30,통과,경부선,일화목
화물,3441,하행,25,밀양,19:45:30,19:45:30,통과,경부선,일화목
화물,3441,하행,26,미전,19:54:30,19:54:30,통과,경부선,일화목
화물,3441,하행,27,낙동강,19:57:00,19:57:00,통과,미전선,일화목
화물,3441,하행,28,한림정,20:04:00,20:04:00,통과,경전선,일화목
화물,3441,하행,29,진영,20:08:00,20:08:00,통과,경전선,일화목
화물,3441,하행,30,진례,20:11:00,20:11:00,통과,경전선,일화목
화물,3441,하행,31,창원중,20:20:30,20:26:30,대피,경전선,일화목
화물,3441,하행,32,용강,20:34:00,20:34:00,통과,경전선,일화목
화물,3441,하행,33,창원,20:37:00,20:37:00,통과,경전선,일화목
화물,3441,하행,34,마산,20:42:00,20:45:00,승무원교대,경전선,일화목
화물,3441,하행,35,중리,20:52:00,20:52:00,통과,경전선,일화목
화물,3441,하행,36,함안,20:59:00,20:59:00,통과,경전선,일화목
화물,3441,하행,37,군북,21:05:00,21:05:00,통과,경전선,일화목
화물,3441,하행,38,반성,21:16:00,21:16:00,통과,경전선,일화목
화물,3441,하행,39,진주,21:27:00,21:27:00,통과,경전선,일화목
화물,3441,하행,40,완사,21:37:30,21:37:30,통과,경전선,일화목
화물,3441,하행,41,북천,21:45:00,21:45:00,통과,경전선,일화목
화물,3441,하행,42,횡천,21:51:30,21:51:30,통과,경전선,일화목
화물,3441,하행,43,하동,21:56:00,21:56:00,통과,경전선,일화목
화물,3441,하행,44,진상,22:01:30,22:01:30,통과,경전선,일화목
화물,3441,하행,45,광양,22:13:00,22:13:00,통과,경전선,일화목
화물,3441,하행,46,평화,22:17:00,22:17:00,통과,경전선,일화목
화물,3441,하행,47,순천,22:23:00,22:23:00,종착,경전선,일화목
화물,3442,상행,1,태금,14:55:00,14:55:00,시발,광양제철선,월수금
화물,3442,상행,2,황길,15:03:00,15:03:00,통과,광양제철선,월수금
화물,3442,상행,3,초남,15:10:00,15:10:00,통과,광양제철선,월수금
화물,3442,상행,4,광양,15:17:00,15:43:00,화물취급,광양제철선,월수금
화물,3442,상행,5,진상,15:54:30,15:54:30,통과,경전선,월수금
화물,3442,상행,6,하동,16:00:00,16:00:00,통과,경전선,월수금
화물,3442,상행,7,횡천,16:04:30,16:04:30,통과,경전선,월수금
화물,3442,상행,8,북천,16:11:00,16:11:00,통과,경전선,월수금
화물,3442,상행,9,완사,16:18:30,16:18:30,통과,경전선,월수금
화물,3442,상행,10,진주,16:29:00,16:29:00,통과,경전선,월수금
화물,3442,상행,11,반성,16:40:00,16:40:00,통과,경전선,월수금
화물,3442,상행,12,군북,16:51:00,16:51:00,통과,경전선,월수금
화물,3442,상행,13,함안,16:59:00,17:05:00,대피,경전선,월수금
화물,3442,상행,14,중리,17:13:00,17:13:00,통과,경전선,월수금
화물,3442,상행,15,마산,17:20:00,17:23:00,승무원교대,경전선,월수금
화물,3442,상행,16,창원,17:28:00,17:28:00,통과,경전선,월수금
화물,3442,상행,17,용강,17:31:00,17:31:00,통과,경전선,월수금
화물,3442,상행,18,창원중,17:37:00,17:37:00,통과,경전선,월수금
화물,3442,상행,19,진례,17:45:30,17:45:30,통과,경전선,월수금
화물,3442,상행,20,진영,17:48:30,17:48:30,통과,경전선,월수금
화물,3442,상행,21,한림정,17:52:30,17:52:30,통과,경전선,월수금
화물,3442,상행,22,낙동강,17:59:30,17:59:30,통과,경전선,월수금
화물,3442,상행,23,미전,18:02:00,18:02:00,통과,미전선,월수금
화물,3442,상행,24,밀양,18:12:30,18:17:00,대피,경부선,월수금
화물,3442,상행,25,상동,18:26:30,18:26:30,통과,경부선,월수금
화물,3442,상행,26,신거,18:30:30,18:30:30,통과,경부선,월수금
화물,3442,상행,27,청도,18:35:30,18:35:30,통과,경부선,월수금
화물,3442,상행,28,남성현,18:43:30,18:43:30,통과,경부선,월수금
화물,3442,상행,29,삼성,18:50:30,18:50:30,통과,경부선,월수금
화물,3442,상행,30,경산,18:56:30,18:56:30,통과,경부선,월수금
화물,3442,상행,31,가천,19:02:00,19:31:00,화물취급,경부선,월수금
화물,3442,상행,32,고모,19:34:00,19:34:00,통과,경부선,월수금
화물,3442,상행,33,동대구,19:40:00,20:23:30,동력차교체,경부선,월수금
화물,3442,상행,34,고모,20:30:30,20:30:30,통과,대구선,월수금
화물,3442,상행,35,가천,20:32:30,20:55:30,화물취급,대구선,월수금
화물,3442,상행,36,금강,21:00:30,21:00:30,통과,대구선,월수금
화물,3442,상행,37,청천,21:04:00,21:04:00,통과,대구선,월수금
화물,3442,상행,38,하양,21:08:30,21:08:30,통과,대구선,월수금
화물,3442,상행,39,금호,21:12:30,21:12:30,통과,대구선,월수금
화물,3442,상행,40,북영분,21:17:30,21:17:30,통과,대구선,월수금
화물,3442,상행,41,영천,21:20:30,21:20:30,통과,대구선,월수금
화물,3442,상행,42,아화,21:36:00,21:42:00,대피,중앙선,월수금
화물,3442,상행,43,모량,21:55:00,21:55:00,통과,중앙선,월수금
화물,3442,상행,44,서경주,22:02:30,22:02:30,통과,동해선,월수금
화물,3442,상행,45,안강,22:12:00,22:12:00,통과,동해선,월수금
화물,3442,상행,46,부조,22:19:00,22:19:00,통과,동해선,월수금
화물,3442,상행,47,효자,22:26:00,22:26:00,통과,괴동선,월수금
화물,3442,상행,48,괴동,22:34:00,22:34:00,종착,괴동선,월수금
화물,3481,하행,1,의왕,07:55:00,07:55:00,시발,남부화물기,화수목금토
화물,3481,하행,2,오봉,08:04:00,08:24:00,화물취급,남부화물기,화수목금토
화물,3481,하행,3,의왕,08:32:00,08:56:00,화물취급,남부화물기,화수목금토
화물,3481,하행,4,수원,09:04:00,09:04:00,통과,경부선,화수목금토
화물,3481,하행,5,병점,09:09:30,09:09:30,통과,경부선,화수목금토
화물,3481,하행,6,오산,09:15:00,09:15:00,통과,경부선,화수목금토
화물,3481,하행,7,송탄,09:20:00,09:20:00,통과,경부선,화수목금토
화물,3481,하행,8,서정리,09:21:30,09:21:30,통과,경부선,화수목금토
화물,3481,하행,9,평택,09:27:30,09:27:30,통과,경부선,화수목금토
화물,3481,하행,10,성환,09:33:30,09:33:30,통과,경부선,화수목금토
화물,3481,하행,11,직산,09:37:30,09:37:30,통과,경부선,화수목금토
화물,3481,하행,12,두정,09:40:30,09:40:30,통과,경부선,화수목금토
화물,3481,하행,13,천안,09:45:00,10:22:00,화물취급,경부선,화수목금토
화물,3481,하행,14,소정리,10:32:00,10:32:00,통과,경부선,화수목금토
화물,3481,하행,15,전의,10:38:00,10:38:00,통과,경부선,화수목금토
화물,3481,하행,16,전동,10:44:00,10:44:00,통과,경부선,화수목금토
화물,3481,하행,17,서창,10:47:00,10:47:00,통과,경부선,화수목금토
화물,3481,하행,18,조치원,10:49:30,10:49:30,통과,경부선,화수목금토
화물,3481,하행,19,내판,10:54:00,10:54:00,통과,경부선,화수목금토
화물,3481,하행,20,부강,10:59:00,11:19:00,화물취급,경부선,화수목금토
화물,3481,하행,21,매포,11:23:30,11:23:30,통과,경부선,화수목금토
화물,3481,하행,22,신탄진,11:29:30,11:29:30,통과,경부선,화수목금토
화물,3481,하행,23,회덕,11:34:30,11:34:30,통과,경부선,화수목금토
화물,3481,하행,24,대전조,11:40:00,12:12:00,화물취급,경부선,화수목금토
화물,3481,하행,25,대전,12:18:30,12:21:30,승무원교대,경부선,화수목금토
화물,3481,하행,26,세천,12:32:30,12:32:30,통과,경부선,화수목금토
화물,3481,하행,27,옥천,12:40:30,12:40:30,통과,경부선,화수목금토
화물,3481,하행,28,이원,12:49:00,12:57:00,대피,경부선,화수목금토
화물,3481,하행,29,지탄,13:03:30,13:03:30,통과,경부선,화수목금토
화물,3481,하행,30,심천,13:07:30,13:07:30,통과,경부선,화수목금토
화물,3481,하행,31,각계,13:10:30,13:10:30,통과,경부선,화수목금토
화물,3481,하행,32,영동,13:16:30,13:16:30,통과,경부선,화수목금토
화물,3481,하행,33,황간,13:29:30,13:29:30,통과,경부선,화수목금토
화물,3481,하행,34,추풍령,13:36:30,13:36:30,통과,경부선,화수목금토
화물,3481,하행,35,신암,13:41:00,13:41:00,통과,경부선,화수목금토
화물,3481,하행,36,직지사,13:45:30,13:45:30,통과,경부선,화수목금토
화물,3481,하행,37,김천,13:51:30,13:51:30,통과,경부선,화수목금토
화물,3481,하행,38,대신,13:59:30,13:59:30,통과,경부선,화수목금토
화물,3481,하행,39,아포,14:04:30,14:04:30,통과,경부선,화수목금토
화물,3481,하행,40,구미,14:10:30,14:10:30,통과,경부선,화수목금토
화물,3481,하행,41,사곡,14:14:30,14:14:30,통과,경부선,화수목금토
화물,3481,하행,42,약목,14:21:30,14:21:30,통과,경부선,화수목금토
화물,3481,하행,43,왜관,14:26:30,14:26:30,통과,경부선,화수목금토
화물,3481,하행,44,연화,14:31:30,14:31:30,통과,경부선,화수목금토
화물,3481,하행,45,신동,14:34:30,14:34:30,통과,경부선,화수목금토
화물,3481,하행,46,지천,14:40:30,14:40:30,통과,경부선,화수목금토
화물,3481,하행,47,서대구,14:45:00,14:45:00,통과,경부선,화수목금토
화물,3481,하행,48,대구,14:48:30,14:48:30,통과,경부선,화수목금토
화물,3481,하행,49,동대구,14:53:00,15:03:00,승무원교대,경부선,화수목금토
화물,3481,하행,50,고모,15:09:00,15:09:00,통과,경부선,화수목금토
화물,3481,하행,51,가천,15:12:30,15:45:00,화물취급,경부선,화수목금토
화물,3481,하행,52,경산,15:50:30,15:50:30,통과,경부선,화수목금토
화물,3481,하행,53,삼성,15:58:00,16:02:30,대피,경부선,화수목금토
화물,3481,하행,54,남성현,16:11:00,16:11:00,통과,경부선,화수목금토
화물,3481,하행,55,청도,16:20:00,16:43:00,대피,경부선,화수목금토
화물,3481,하행,56,신거,16:49:30,16:49:30,통과,경부선,화수목금토
화물,3481,하행,57,상동,16:53:30,16:53:30,통과,경부선,화수목금토
화물,3481,하행,58,밀양,17:01:30,17:01:30,통과,경부선,화수목금토
화물,3481,하행,59,미전,17:10:30,17:10:30,통과,경부선,화수목금토
화물,3481,하행,60,삼랑진,17:12:00,17:12:00,통과,경부선,화수목금토
화물,3481,하행,61,원동,17:19:00,17:19:00,통과,경부선,화수목금토
화물,3481,하행,62,물금,17:26:00,17:26:00,통과,경부선,화수목금토
화물,3481,하행,63,화명,17:33:00,17:33:00,통과,경부선,화수목금토
화물,3481,하행,64,구포,17:35:30,17:35:30,통과,경부선,화수목금토
화물,3481,하행,65,사상,17:40:30,17:40:30,통과,경부선,화수목금토
화물,3481,하행,66,주례,17:44:00,17:44:00,통과,가야선,화수목금토
화물,3481,하행,67,가야,17:49:00,17:49:00,종착,가야선,화수목금토
화물,3482,상행,1,가야,06:03:00,06:03:00,시발,가야선,월화수목금
화물,3482,상행,2,주례,06:08:00,06:08:00,통과,가야선,월화수목금
화물,3482,상행,3,사상,06:12:00,06:12:00,통과,가야선,월화수목금
화물,3482,상행,4,구포,06:16:00,06:16:00,통과,경부선,월화수목금
화물,3482,상행,5,화명,06:18:30,06:18:30,통과,경부선,월화수목금
화물,3482,상행,6,물금,06:25:30,06:25:30,통과,경부선,월화수목금
화물,3482,상행,7,원동,06:32:30,06:32:30,통과,경부선,월화수목금
화물,3482,상행,8,삼랑진,06:39:30,06:39:30,통과,경부선,월화수목금
화물,3482,상행,9,미전,06:41:00,06:41:00,통과,경부선,월화수목금
화물,3482,상행,10,밀양,06:50:00,06:50:00,통과,경부선,월화수목금
화물,3482,상행,11,상동,06:59:30,07:10:30,대피,경부선,월화수목금
화물,3482,상행,12,신거,07:15:00,07:15:00,통과,경부선,월화수목금
화물,3482,상행,13,청도,07:20:00,07:20:00,통과,경부선,월화수목금
화물,3482,상행,14,남성현,07:28:00,07:28:00,통과,경부선,월화수목금
화물,3482,상행,15,삼성,07:36:30,07:41:30,대피,경부선,월화수목금
화물,3482,상행,16,경산,07:49:00,07:49:00,통과,경부선,월화수목금
화물,3482,상행,17,가천,07:55:00,08:37:00,화물취급,경부선,월화수목금
화물,3482,상행,18,고모,08:40:00,08:40:00,통과,경부선,월화수목금
화물,3482,상행,19,동대구,08:46:00,08:50:00,승무원교대,경부선,월화수목금
화물,3482,상행,20,대구,08:55:00,08:55:00,통과,경부선,월화수목금
화물,3482,상행,21,서대구,08:58:30,08:58:30,통과,경부선,월화수목금
화물,3482,상행,22,지천,09:02:30,09:02:30,통과,경부선,월화수목금
화물,3482,상행,23,신동,09:08:30,09:08:30,통과,경부선,월화수목금
화물,3482,상행,24,연화,09:11:30,09:11:30,통과,경부선,월화수목금
화물,3482,상행,25,왜관,09:16:30,09:16:30,통과,경부선,월화수목금
화물,3482,상행,26,약목,09:21:30,09:21:30,통과,경부선,월화수목금
화물,3482,상행,27,사곡,09:28:30,09:28:30,통과,경부선,월화수목금
화물,3482,상행,28,구미,09:32:30,09:32:30,통과,경부선,월화수목금
화물,3482,상행,29,아포,09:38:30,09:38:30,통과,경부선,월화수목금
화물,3482,상행,30,대신,09:43:30,09:43:30,통과,경부선,월화수목금
화물,3482,상행,31,김천,09:51:30,09:51:30,통과,경부선,월화수목금
화물,3482,상행,32,직지사,09:58:30,09:58:30,통과,경부선,월화수목금
화물,3482,상행,33,신암,10:05:30,10:05:30,통과,경부선,월화수목금
화물,3482,상행,34,추풍령,10:12:30,10:12:30,통과,경부선,월화수목금
화물,3482,상행,35,황간,10:19:30,10:19:30,통과,경부선,월화수목금
화물,3482,상행,36,영동,10:29:30,10:29:30,통과,경부선,월화수목금
화물,3482,상행,37,각계,10:35:30,10:35:30,통과,경부선,월화수목금
화물,3482,상행,38,심천,10:40:30,10:45:30,대피,경부선,월화수목금
화물,3482,상행,39,지탄,10:51:30,10:51:30,통과,경부선,월화수목금
화물,3482,상행,40,이원,10:57:00,11:02:00,대피,경부선,월화수목금
화물,3482,상행,41,옥천,11:10:30,11:10:30,통과,경부선,월화수목금
화물,3482,상행,42,세천,11:18:30,11:18:30,통과,경부선,월화수목금
화물,3482,상행,43,대전,11:26:30,11:32:30,승무원교대,경부선,월화수목금
화물,3482,상행,44,대전조,11:40:00,12:22:00,화물취급,경부선,월화수목금
화물,3482,상행,45,회덕,12:26:30,12:26:30,통과,경부선,월화수목금
화물,3482,상행,46,신탄진,12:31:30,12:31:30,통과,경부선,월화수목금
화물,3482,상행,47,매포,12:37:30,12:37:30,통과,경부선,월화수목금
화물,3482,상행,48,부강,12:41:00,12:41:00,통과,경부선,월화수목금
화물,3482,상행,49,내판,12:45:00,12:45:00,통과,경부선,월화수목금
화물,3482,상행,50,조치원,12:49:30,12:49:30,통과,경부선,월화수목금
화물,3482,상행,51,서창,12:52:00,12:52:00,통과,경부선,월화수목금
화물,3482,상행,52,전동,12:55:00,12:55:00,통과,경부선,월화수목금
화물,3482,상행,53,전의,13:01:00,13:01:00,통과,경부선,월화수목금
화물,3482,상행,54,소정리,13:07:00,13:07:00,통과,경부선,월화수목금
화물,3482,상행,55,천안,13:18:00,13:51:00,화물취급,경부선,월화수목금
화물,3482,상행,56,두정,13:56:00,13:56:00,통과,경부선,월화수목금
화물,3482,상행,57,직산,13:59:00,13:59:00,통과,경부선,월화수목금
화물,3482,상행,58,성환,14:03:30,14:03:30,통과,경부선,월화수목금
화물,3482,상행,59,평택,14:10:30,14:10:30,통과,경부선,월화수목금
화물,3482,상행,60,서정리,14:17:00,14:17:00,통과,경부선,월화수목금
화물,3482,상행,61,송탄,14:19:00,14:19:00,통과,경부선,월화수목금
화물,3482,상행,62,오산,14:26:00,14:31:00,대피,경부선,월화수목금
화물,3482,상행,63,병점,14:38:00,14:38:00,통과,경부선,월화수목금
화물,3482,상행,64,세류,14:43:00,15:43:00,화물취급,경부2선,월화수목금
화물,3482,상행,65,수원,15:48:00,15:48:00,통과,경부2선,월화수목금
화물,3482,상행,66,의왕,15:57:00,15:57:00,종착,경부선,월화수목금
화물,3485,하행,1,황등,09:08:00,09:08:00,시발,호남선,화목
화물,3485,하행,2,익산,09:15:30,09:15:30,통과,호남선,화목
화물,3485,하행,3,익산분,09:17:30,09:17:30,통과,호남선,화목
화물,3485,하행,4,부용,09:22:00,09:22:00,통과,호남선,화목
화물,3485,하행,5,와룡,09:24:30,09:24:30,통과,호남선,화목
화물,3485,하행,6,김제,09:30:00,09:30:00,통과,호남선,화목
화물,3485,하행,7,감곡,09:35:30,09:35:30,통과,호남선,화목
화물,3485,하행,8,신태인,09:40:00,09:40:00,통과,호남선,화목
화물,3485,하행,9,초강,09:44:30,09:44:30,통과,호남선,화목
화물,3485,하행,10,정읍,09:50:30,09:50:30,통과,호남선,화목
화물,3485,하행,11,천원,09:55:00,09:55:00,통과,호남선,화목
화물,3485,하행,12,노령,09:58:30,09:58:30,통과,호남선,화목
화물,3485,하행,13,백양사,10:04:00,10:04:00,통과,호남선,화목
화물,3485,하행,14,안평,10:13:00,10:13:00,통과,호남선,화목
화물,3485,하행,15,장성,10:16:00,10:16:00,통과,호남선,화목
화물,3485,하행,16,임곡,10:24:30,10:24:30,통과,호남선,화목
화물,3485,하행,17,하남,10:29:30,10:29:30,통과,호남선,화목
화물,3485,하행,18,북송정,10:31:30,10:31:30,통과,호남선,화목
화물,3485,하행,19,광주송,10:35:00,10:35:00,종착,호남선,화목
화물,3486,상행,1,광주송,14:35:00,14:35:00,시발,호남선,화목
화물,3486,상행,2,북송정,14:38:30,14:38:30,통과,호남선,화목
화물,3486,상행,3,하남,14:40:30,14:40:30,통과,호남선,화목
화물,3486,상행,4,임곡,14:45:30,14:45:30,통과,호남선,화목
화물,3486,상행,5,장성,14:54:00,14:54:00,통과,호남선,화목
화물,3486,상행,6,안평,14:57:00,14:57:00,통과,호남선,화목
화물,3486,상행,7,백양사,15:06:00,15:06:00,통과,호남선,화목
화물,3486,상행,8,노령,15:11:30,15:11:30,통과,호남선,화목
화물,3486,상행,9,천원,15:15:00,15:15:00,통과,호남선,화목
화물,3486,상행,10,정읍,15:19:30,15:19:30,통과,호남선,화목
화물,3486,상행,11,초강,15:25:30,15:25:30,통과,호남선,화목
화물,3486,상행,12,신태인,15:30:00,15:30:00,통과,호남선,화목
화물,3486,상행,13,감곡,15:34:30,15:34:30,통과,호남선,화목
화물,3486,상행,14,김제,15:40:00,15:40:00,통과,호남선,화목
화물,3486,상행,15,와룡,15:45:30,15:45:30,통과,호남선,화목
화물,3486,상행,16,부용,15:48:00,15:48:00,통과,호남선,화목
화물,3486,상행,17,익산분,15:52:30,15:52:30,통과,호남선,화목
화물,3486,상행,18,익산,15:54:30,15:54:30,통과,호남선,화목
화물,3486,상행,19,황등,16:02:00,16:02:00,종착,호남선,화목
화물,3801,하행,1,오봉,04:50:00,04:50:00,시발,남부화물기,화수목금토
화물,3801,하행,2,의왕,04:58:00,04:58:00,통과,남부화물기,화수목금토
화물,3801,하행,3,수원,05:07:30,05:07:30,통과,경부선,화수목금토
화물,3801,하행,4,병점,05:12:30,05:12:30,통과,경부선,화수목금토
화물,3801,하행,5,오산,05:18:30,05:18:30,통과,경부선,화수목금토
화물,3801,하행,6,송탄,05:23:30,05:23:30,통과,경부선,화수목금토
화물,3801,하행,7,서정리,05:25:00,05:25:00,통과,경부선,화수목금토
화물,3801,하행,8,평택,05:30:00,05:30:00,통과,경부선,화수목금토
화물,3801,하행,9,성환,05:35:30,05:35:30,통과,경부선,화수목금토
화물,3801,하행,10,직산,05:38:30,05:38:30,통과,경부선,화수목금토
화물,3801,하행,11,두정,05:41:00,05:41:00,통과,경부선,화수목금토
화물,3801,하행,12,천안,05:43:00,05:43:00,통과,경부선,화수목금토
화물,3801,하행,13,소정리,05:50:30,05:50:30,통과,경부선,화수목금토
화물,3801,하행,14,전의,05:55:30,05:55:30,통과,경부선,화수목금토
화물,3801,하행,15,전동,06:00:30,06:00:30,통과,경부선,화수목금토
화물,3801,하행,16,서창,06:03:00,06:03:00,통과,경부선,화수목금토
화물,3801,하행,17,조치원,06:05:00,06:05:00,통과,경부선,화수목금토
화물,3801,하행,18,내판,06:09:00,06:09:00,통과,경부선,화수목금토
화물,3801,하행,19,부강,06:12:30,06:12:30,통과,경부선,화수목금토
화물,3801,하행,20,매포,06:15:30,06:15:30,통과,경부선,화수목금토
화물,3801,하행,21,신탄진,06:20:30,06:20:30,통과,경부선,화수목금토
화물,3801,하행,22,회덕,06:24:30,06:24:30,통과,경부선,화수목금토
화물,3801,하행,23,대전조,06:27:30,06:27:30,통과,경부선,화수목금토
화물,3801,하행,24,대전,06:33:00,06:38:00,승무원교대,경부선,화수목금토
화물,3801,하행,25,세천,06:49:00,06:49:00,통과,경부선,화수목금토
화물,3801,하행,26,옥천,06:55:00,06:55:00,통과,경부선,화수목금토
화물,3801,하행,27,이원,07:00:30,07:00:30,통과,경부선,화수목금토
화물,3801,하행,28,지탄,07:04:30,07:04:30,통과,경부선,화수목금토
화물,3801,하행,29,심천,07:07:30,07:07:30,통과,경부선,화수목금토
화물,3801,하행,30,각계,07:10:00,07:10:00,통과,경부선,화수목금토
화물,3801,하행,31,영동,07:15:00,07:15:00,통과,경부선,화수목금토
화물,3801,하행,32,황간,07:27:00,07:27:00,통과,경부선,화수목금토
화물,3801,하행,33,추풍령,07:33:00,07:33:00,통과,경부선,화수목금토
화물,3801,하행,34,신암,07:37:00,07:37:00,통과,경부선,화수목금토
화물,3801,하행,35,직지사,07:41:00,07:41:00,통과,경부선,화수목금토
화물,3801,하행,36,김천,07:46:00,07:46:00,통과,경부선,화수목금토
화물,3801,하행,37,대신,07:52:30,07:52:30,통과,경부선,화수목금토
화물,3801,하행,38,아포,07:56:30,07:56:30,통과,경부선,화수목금토
화물,3801,하행,39,구미,08:01:30,08:01:30,통과,경부선,화수목금토
화물,3801,하행,40,사곡,08:05:00,08:05:00,통과,경부선,화수목금토
화물,3801,하행,41,약목,08:11:00,08:11:00,통과,경부선,화수목금토
화물,3801,하행,42,왜관,08:16:00,08:16:00,통과,경부선,화수목금토
화물,3801,하행,43,연화,08:20:30,08:20:30,통과,경부선,화수목금토
화물,3801,하행,44,신동,08:23:30,08:23:30,통과,경부선,화수목금토
화물,3801,하행,45,지천,08:29:00,08:29:00,통과,경부선,화수목금토
화물,3801,하행,46,서대구,08:33:00,08:33:00,통과,경부선,화수목금토
화물,3801,하행,47,대구,08:36:30,08:36:30,통과,경부선,화수목금토
화물,3801,하행,48,동대구,08:41:00,08:44:00,승무원교대,경부선,화수목금토
화물,3801,하행,49,고모,08:50:00,08:50:00,통과,경부선,화수목금토
화물,3801,하행,50,가천,08:51:00,08:51:00,통과,경부선,화수목금토
화물,3801,하행,51,경산,08:54:30,08:54:30,통과,경부선,화수목금토
화물,3801,하행,52,삼성,09:00:30,09:00:30,통과,경부선,화수목금토
화물,3801,하행,53,남성현,09:07:30,09:07:30,통과,경부선,화수목금토
화물,3801,하행,54,청도,09:14:30,09:14:30,통과,경부선,화수목금토
화물,3801,하행,55,신거,09:18:00,09:18:00,통과,경부선,화수목금토
화물,3801,하행,56,상동,09:21:30,09:21:30,통과,경부선,화수목금토
화물,3801,하행,57,밀양,09:28:00,09:28:00,통과,경부선,화수목금토
화물,3801,하행,58,미전,09:36:00,09:36:00,통과,경부선,화수목금토
화물,3801,하행,59,낙동강,09:38:30,09:38:30,통과,미전선,화수목금토
화물,3801,하행,60,한림정,09:45:30,09:45:30,통과,경전선,화수목금토
화물,3801,하행,61,진영,09:49:30,09:49:30,통과,경전선,화수목금토
화물,3801,하행,62,진례,09:52:30,09:52:30,통과,경전선,화수목금토
화물,3801,하행,63,장유,10:00:30,10:00:30,통과,부산신항선,화수목금토
화물,3801,하행,64,부산항,10:12:00,10:12:00,종착,부산신항선,화수목금토
근거리,R3801,하행,1,부산항,10:52:00,10:52:00,시발,신항남선,화수목금토
근거리,R3801,하행,2,남철송,11:04:00,11:04:00,종착,신항남선,화수목금토
화물,3802,상행,1,부산항,07:16:00,07:16:00,시발,부산신항선,일화수목금토
화물,3802,상행,2,장유,07:28:00,07:28:00,통과,부산신항선,일화수목금토
화물,3802,상행,3,진례,07:35:00,07:35:00,통과,부산신항선,일화수목금토
화물,3802,상행,4,진영,07:38:00,07:38:00,통과,경전선,일화수목금토
화물,3802,상행,5,한림정,07:41:30,07:41:30,통과,경전선,일화수목금토
화물,3802,상행,6,낙동강,07:47:30,07:47:30,통과,경전선,일화수목금토
화물,3802,상행,7,미전,07:49:30,07:49:30,통과,미전선,일화수목금토
화물,3802,상행,8,밀양,07:56:30,07:56:30,통과,경부선,일화수목금토
화물,3802,상행,9,상동,08:02:30,08:02:30,통과,경부선,일화수목금토
화물,3802,상행,10,신거,08:05:30,08:05:30,통과,경부선,일화수목금토
화물,3802,상행,11,청도,08:09:00,08:09:00,통과,경부선,일화수목금토
화물,3802,상행,12,남성현,08:14:30,08:14:30,통과,경부선,일화수목금토
화물,3802,상행,13,삼성,08:19:00,08:19:00,통과,경부선,일화수목금토
화물,3802,상행,14,경산,08:23:30,08:23:30,통과,경부선,일화수목금토
화물,3802,상행,15,가천,08:27:00,08:27:00,통과,경부선,일화수목금토
화물,3802,상행,16,고모,08:28:00,08:28:00,통과,경부선,일화수목금토
화물,3802,상행,17,동대구,08:33:00,08:36:00,승무원교대,경부선,일화수목금토
화물,3802,상행,18,대구,08:41:30,08:41:30,통과,경부선,일화수목금토
화물,3802,상행,19,서대구,08:44:30,08:44:30,통과,경부선,일화수목금토
화물,3802,상행,20,지천,08:49:00,08:49:00,통과,경부선,일화수목금토
화물,3802,상행,21,신동,08:54:00,08:54:00,통과,경부선,일화수목금토
화물,3802,상행,22,연화,08:57:00,08:57:00,통과,경부선,일화수목금토
화물,3802,상행,23,왜관,09:01:30,09:01:30,통과,경부선,일화수목금토
화물,3802,상행,24,약목,09:06:00,09:06:00,통과,경부선,일화수목금토
화물,3802,상행,25,사곡,09:11:30,09:11:30,통과,경부선,일화수목금토
화물,3802,상행,26,구미,09:14:30,09:14:30,통과,경부선,일화수목금토
화물,3802,상행,27,아포,09:19:30,09:19:30,통과,경부선,일화수목금토
화물,3802,상행,28,대신,09:23:30,09:23:30,통과,경부선,일화수목금토
화물,3802,상행,29,김천,09:29:30,09:29:30,통과,경부선,일화수목금토
화물,3802,상행,30,직지사,09:34:30,09:34:30,통과,경부선,일화수목금토
화물,3802,상행,31,신암,09:39:30,09:39:30,통과,경부선,일화수목금토
화물,3802,상행,32,추풍령,09:43:30,09:43:30,통과,경부선,일화수목금토
화물,3802,상행,33,황간,09:49:00,09:49:00,통과,경부선,일화수목금토
화물,3802,상행,34,영동,09:58:00,09:58:00,통과,경부선,일화수목금토
화물,3802,상행,35,각계,10:02:30,10:02:30,통과,경부선,일화수목금토
화물,3802,상행,36,심천,10:05:00,10:05:00,통과,경부선,일화수목금토
화물,3802,상행,37,지탄,10:08:00,10:08:00,통과,경부선,일화수목금토
화물,3802,상행,38,이원,10:11:30,10:11:30,통과,경부선,일화수목금토
화물,3802,상행,39,옥천,10:16:30,10:16:30,통과,경부선,일화수목금토
화물,3802,상행,40,세천,10:22:00,10:22:00,통과,경부선,일화수목금토
화물,3802,상행,41,대전,10:28:00,10:32:00,승무원교대,경부선,일화수목금토
화물,3802,상행,42,대전조,10:37:00,10:37:00,통과,경부선,일화수목금토
화물,3802,상행,43,회덕,10:39:30,10:39:30,통과,경부선,일화수목금토
화물,3802,상행,44,신탄진,10:43:00,10:43:00,통과,경부선,일화수목금토
화물,3802,상행,45,매포,10:47:30,10:47:30,통과,경부선,일화수목금토
화물,3802,상행,46,부강,10:50:30,10:50:30,통과,경부선,일화수목금토
화물,3802,상행,47,내판,10:53:30,10:53:30,통과,경부선,일화수목금토
화물,3802,상행,48,조치원,10:57:30,10:57:30,통과,경부선,일화수목금토
화물,3802,상행,49,서창,11:02:00,11:07:00,대피,경부선,일화수목금토
화물,3802,상행,50,전동,11:11:30,11:11:30,통과,경부선,일화수목금토
화물,3802,상행,51,전의,11:16:30,11:16:30,통과,경부선,일화수목금토
화물,3802,상행,52,소정리,11:21:00,11:21:00,통과,경부선,일화수목금토
화물,3802,상행,53,천안,11:27:30,11:27:30,통과,경부선,일화수목금토
화물,3802,상행,54,두정,11:29:30,11:29:30,통과,경부선,일화수목금토
화물,3802,상행,55,직산,11:32:00,11:32:00,통과,경부선,일화수목금토
화물,3802,상행,56,성환,11:35:30,11:35:30,통과,경부선,일화수목금토
화물,3802,상행,57,평택,11:41:00,11:41:00,통과,경부선,일화수목금토
화물,3802,상행,58,서정리,11:46:30,11:46:30,통과,경부선,일화수목금토
화물,3802,상행,59,송탄,11:48:00,11:48:00,통과,경부선,일화수목금토
화물,3802,상행,60,오산,11:53:00,11:53:00,통과,경부선,일화수목금토
화물,3802,상행,61,병점,11:58:00,11:58:00,통과,경부선,일화수목금토
화물,3802,상행,62,수원,12:02:30,12:02:30,통과,경부선,일화수목금토
화물,3802,상행,63,의왕,12:10:30,12:10:30,통과,경부선,일화수목금토
화물,3802,상행,64,오봉,12:16:00,12:16:00,종착,남부화물기,일화수목금토
화물,3803,하행,1,오봉,05:01:00,05:01:00,시발,남부화물기,화수목금토
화물,3803,하행,2,의왕,05:09:00,05:09:00,통과,남부화물기,화수목금토
화물,3803,하행,3,수원,05:18:30,05:18:30,통과,경부선,화수목금토
화물,3803,하행,4,병점,05:23:30,05:23:30,통과,경부선,화수목금토
화물,3803,하행,5,오산,05:29:30,05:29:30,통과,경부선,화수목금토
화물,3803,하행,6,송탄,05:34:30,05:34:30,통과,경부선,화수목금토
화물,3803,하행,7,서정리,05:36:00,05:36:00,통과,경부선,화수목금토
화물,3803,하행,8,평택,05:41:00,05:41:00,통과,경부선,화수목금토
화물,3803,하행,9,성환,05:46:30,05:46:30,통과,경부선,화수목금토
화물,3803,하행,10,직산,05:49:30,05:49:30,통과,경부선,화수목금토
화물,3803,하행,11,두정,05:52:00,05:52:00,통과,경부선,화수목금토
화물,3803,하행,12,천안,05:54:00,05:54:00,통과,경부선,화수목금토
화물,3803,하행,13,소정리,06:01:30,06:01:30,통과,경부선,화수목금토
화물,3803,하행,14,전의,06:06:30,06:06:30,통과,경부선,화수목금토
화물,3803,하행,15,전동,06:11:30,06:11:30,통과,경부선,화수목금토
화물,3803,하행,16,서창,06:14:00,06:14:00,통과,경부선,화수목금토
화물,3803,하행,17,조치원,06:16:00,06:16:00,통과,경부선,화수목금토
화물,3803,하행,18,내판,06:20:00,06:20:00,통과,경부선,화수목금토
화물,3803,하행,19,부강,06:23:30,06:23:30,통과,경부선,화수목금토
화물,3803,하행,20,매포,06:26:30,06:26:30,통과,경부선,화수목금토
화물,3803,하행,21,신탄진,06:31:30,06:31:30,통과,경부선,화수목금토
화물,3803,하행,22,회덕,06:35:30,06:35:30,통과,경부선,화수목금토
화물,3803,하행,23,대전조,06:38:30,06:38:30,통과,경부선,화수목금토
화물,3803,하행,24,대전,06:44:00,06:53:00,승무원교대,경부선,화수목금토
화물,3803,하행,25,세천,07:04:00,07:04:00,통과,경부선,화수목금토
화물,3803,하행,26,옥천,07:10:00,07:10:00,통과,경부선,화수목금토
화물,3803,하행,27,이원,07:15:30,07:15:30,통과,경부선,화수목금토
화물,3803,하행,28,지탄,07:19:30,07:19:30,통과,경부선,화수목금토
화물,3803,하행,29,심천,07:22:30,07:22:30,통과,경부선,화수목금토
화물,3803,하행,30,각계,07:25:00,07:25:00,통과,경부선,화수목금토
화물,3803,하행,31,영동,07:30:00,07:30:00,통과,경부선,화수목금토
화물,3803,하행,32,황간,07:42:00,07:42:00,통과,경부선,화수목금토
화물,3803,하행,33,추풍령,07:48:00,07:48:00,통과,경부선,화수목금토
화물,3803,하행,34,신암,07:52:00,07:52:00,통과,경부선,화수목금토
화물,3803,하행,35,직지사,07:56:00,07:56:00,통과,경부선,화수목금토
화물,3803,하행,36,김천,08:01:00,08:01:00,통과,경부선,화수목금토
화물,3803,하행,37,대신,08:07:30,08:07:30,통과,경부선,화수목금토
화물,3803,하행,38,아포,08:11:30,08:11:30,통과,경부선,화수목금토
화물,3803,하행,39,구미,08:17:00,08:17:00,통과,경부선,화수목금토
화물,3803,하행,40,사곡,08:20:30,08:20:30,통과,경부선,화수목금토
화물,3803,하행,41,약목,08:26:30,08:26:30,통과,경부선,화수목금토
화물,3803,하행,42,왜관,08:31:30,08:31:30,통과,경부선,화수목금토
화물,3803,하행,43,연화,08:36:00,08:36:00,통과,경부선,화수목금토
화물,3803,하행,44,신동,08:39:00,08:39:00,통과,경부선,화수목금토
화물,3803,하행,45,지천,08:44:30,08:44:30,통과,경부선,화수목금토
화물,3803,하행,46,서대구,08:48:30,08:48:30,통과,경부선,화수목금토
화물,3803,하행,47,대구,08:51:30,08:51:30,통과,경부선,화수목금토
화물,3803,하행,48,동대구,08:56:00,08:59:00,승무원교대,경부선,화수목금토
화물,3803,하행,49,고모,09:05:00,09:05:00,통과,경부선,화수목금토
화물,3803,하행,50,가천,09:06:00,09:06:00,통과,경부선,화수목금토
화물,3803,하행,51,경산,09:09:30,09:09:30,통과,경부선,화수목금토
화물,3803,하행,52,삼성,09:15:30,09:15:30,통과,경부선,화수목금토
화물,3803,하행,53,남성현,09:22:30,09:22:30,통과,경부선,화수목금토
화물,3803,하행,54,청도,09:29:30,09:29:30,통과,경부선,화수목금토
화물,3803,하행,55,신거,09:33:00,09:33:00,통과,경부선,화수목금토
화물,3803,하행,56,상동,09:36:30,09:36:30,통과,경부선,화수목금토
화물,3803,하행,57,밀양,09:43:00,09:43:00,통과,경부선,화수목금토
화물,3803,하행,58,미전,09:51:00,09:51:00,통과,경부선,화수목금토
화물,3803,하행,59,낙동강,09:53:30,09:53:30,통과,미전선,화수목금토
화물,3803,하행,60,한림정,10:00:30,10:00:30,통과,경전선,화수목금토
화물,3803,하행,61,진영,10:04:30,10:04:30,통과,경전선,화수목금토
화물,3803,하행,62,진례,10:07:30,10:07:30,통과,경전선,화수목금토
화물,3803,하행,63,장유,10:15:30,10:15:30,통과,부산신항선,화수목금토
화물,3803,하행,64,부산항,10:27:00,10:27:00,종착,부산신항선,화수목금토
근거리,R3803,하행,1,부산항,11:07:00,11:07:00,시발,신항북선,화수목금토
근거리,R3803,하행,2,북철송,11:17:00,11:17:00,종착,신항북선,화수목금토
화물,3804,상행,1,부산항,09:35:00,09:35:00,시발,부산신항선,화수목금토
화물,3804,상행,2,장유,09:47:00,09:47:00,통과,부산신항선,화수목금토
화물,3804,상행,3,진례,09:56:00,09:56:00,통과,부산신항선,화수목금토
화물,3804,상행,4,진영,09:59:00,09:59:00,통과,경전선,화수목금토
화물,3804,상행,5,한림정,10:02:30,10:02:30,통과,경전선,화수목금토
화물,3804,상행,6,낙동강,10:08:30,10:08:30,통과,경전선,화수목금토
화물,3804,상행,7,미전,10:10:30,10:10:30,통과,미전선,화수목금토
화물,3804,상행,8,밀양,10:18:30,10:18:30,통과,경부선,화수목금토
화물,3804,상행,9,상동,10:25:30,10:25:30,통과,경부선,화수목금토
화물,3804,상행,10,신거,10:28:30,10:28:30,통과,경부선,화수목금토
화물,3804,상행,11,청도,10:32:00,10:32:00,통과,경부선,화수목금토
화물,3804,상행,12,남성현,10:37:30,10:37:30,통과,경부선,화수목금토
화물,3804,상행,13,삼성,10:42:00,10:42:00,통과,경부선,화수목금토
화물,3804,상행,14,경산,10:46:30,10:46:30,통과,경부선,화수목금토
화물,3804,상행,15,가천,10:50:00,10:50:00,통과,경부선,화수목금토
화물,3804,상행,16,고모,10:51:00,10:51:00,통과,경부선,화수목금토
화물,3804,상행,17,동대구,10:55:30,10:55:30,통과,경부선,화수목금토
화물,3804,상행,18,대구,11:00:00,11:00:00,통과,경부선,화수목금토
화물,3804,상행,19,서대구,11:03:00,11:03:00,통과,경부선,화수목금토
화물,3804,상행,20,지천,11:07:00,11:07:00,통과,경부선,화수목금토
화물,3804,상행,21,신동,11:12:00,11:12:00,통과,경부선,화수목금토
화물,3804,상행,22,연화,11:14:30,11:14:30,통과,경부선,화수목금토
화물,3804,상행,23,왜관,11:18:30,11:18:30,통과,경부선,화수목금토
화물,3804,상행,24,약목,11:22:30,11:22:30,통과,경부선,화수목금토
화물,3804,상행,25,사곡,11:27:30,11:27:30,통과,경부선,화수목금토
화물,3804,상행,26,구미,11:30:30,11:30:30,통과,경부선,화수목금토
화물,3804,상행,27,아포,11:35:00,11:35:00,통과,경부선,화수목금토
화물,3804,상행,28,대신,11:38:30,11:38:30,통과,경부선,화수목금토
화물,3804,상행,29,김천,11:46:00,11:49:00,승무원교대,경부선,화수목금토
화물,3804,상행,30,직지사,11:55:30,11:55:30,통과,경부선,화수목금토
화물,3804,상행,31,신암,12:00:30,12:00:30,통과,경부선,화수목금토
화물,3804,상행,32,추풍령,12:04:30,12:04:30,통과,경부선,화수목금토
화물,3804,상행,33,황간,12:10:00,12:10:00,통과,경부선,화수목금토
화물,3804,상행,34,영동,12:19:00,12:19:00,통과,경부선,화수목금토
화물,3804,상행,35,각계,12:23:30,12:23:30,통과,경부선,화수목금토
화물,3804,상행,36,심천,12:26:00,12:26:00,통과,경부선,화수목금토
화물,3804,상행,37,지탄,12:29:00,12:29:00,통과,경부선,화수목금토
화물,3804,상행,38,이원,12:32:30,12:32:30,통과,경부선,화수목금토
화물,3804,상행,39,옥천,12:37:30,12:37:30,통과,경부선,화수목금토
화물,3804,상행,40,세천,12:43:00,12:43:00,통과,경부선,화수목금토
화물,3804,상행,41,대전,12:49:00,12:52:00,승무원교대,경부선,화수목금토
화물,3804,상행,42,대전조,12:57:00,12:57:00,통과,경부선,화수목금토
화물,3804,상행,43,회덕,12:59:30,12:59:30,통과,경부선,화수목금토
화물,3804,상행,44,신탄진,13:03:00,13:03:00,통과,경부선,화수목금토
화물,3804,상행,45,매포,13:07:30,13:07:30,통과,경부선,화수목금토
화물,3804,상행,46,부강,13:10:30,13:10:30,통과,경부선,화수목금토
화물,3804,상행,47,내판,13:13:30,13:13:30,통과,경부선,화수목금토
화물,3804,상행,48,조치원,13:17:00,13:17:00,통과,경부선,화수목금토
화물,3804,상행,49,서창,13:19:00,13:19:00,통과,경부선,화수목금토
화물,3804,상행,50,전동,13:21:30,13:21:30,통과,경부선,화수목금토
화물,3804,상행,51,전의,13:26:30,13:26:30,통과,경부선,화수목금토
화물,3804,상행,52,소정리,13:31:00,13:31:00,통과,경부선,화수목금토
화물,3804,상행,53,천안,13:37:30,13:37:30,통과,경부선,화수목금토
화물,3804,상행,54,두정,13:39:30,13:39:30,통과,경부선,화수목금토
화물,3804,상행,55,직산,13:42:00,13:42:00,통과,경부선,화수목금토
화물,3804,상행,56,성환,13:45:30,13:45:30,통과,경부선,화수목금토
화물,3804,상행,57,평택,13:51:00,13:51:00,통과,경부선,화수목금토
화물,3804,상행,58,서정리,13:56:30,13:56:30,통과,경부선,화수목금토
화물,3804,상행,59,송탄,13:58:00,13:58:00,통과,경부선,화수목금토
화물,3804,상행,60,오산,14:03:00,14:03:00,통과,경부선,화수목금토
화물,3804,상행,61,병점,14:08:00,14:08:00,통과,경부선,화수목금토
화물,3804,상행,62,수원,14:12:30,14:12:30,통과,경부선,화수목금토
화물,3804,상행,63,의왕,14:21:00,14:21:00,통과,경부선,화수목금토
화물,3804,상행,64,오봉,14:29:00,14:29:00,종착,남부화물기,화수목금토
화물,3805,하행,1,오봉,07:20:00,07:20:00,시발,남부화물기,일화수목금토
화물,3805,하행,2,의왕,07:29:00,07:29:00,통과,남부화물기,일화수목금토
화물,3805,하행,3,수원,07:38:00,07:38:00,통과,경부선,일화수목금토
화물,3805,하행,4,병점,07:42:30,07:42:30,통과,경부선,일화수목금토
화물,3805,하행,5,오산,07:47:30,07:47:30,통과,경부선,일화수목금토
화물,3805,하행,6,송탄,07:52:30,07:52:30,통과,경부선,일화수목금토
화물,3805,하행,7,서정리,07:54:00,07:54:00,통과,경부선,일화수목금토
화물,3805,하행,8,평택,07:59:30,07:59:30,통과,경부선,일화수목금토
화물,3805,하행,9,성환,08:05:00,08:05:00,통과,경부선,일화수목금토
화물,3805,하행,10,직산,08:08:30,08:08:30,통과,경부선,일화수목금토
화물,3805,하행,11,두정,08:11:00,08:11:00,통과,경부선,일화수목금토
화물,3805,하행,12,천안,08:13:00,08:13:00,통과,경부선,일화수목금토
화물,3805,하행,13,소정리,08:19:30,08:19:30,통과,경부선,일화수목금토
화물,3805,하행,14,전의,08:24:00,08:24:00,통과,경부선,일화수목금토
화물,3805,하행,15,전동,08:29:00,08:29:00,통과,경부선,일화수목금토
화물,3805,하행,16,서창,08:31:30,08:31:30,통과,경부선,일화수목금토
화물,3805,하행,17,조치원,08:33:30,08:33:30,통과,경부선,일화수목금토
화물,3805,하행,18,내판,08:36:30,08:36:30,통과,경부선,일화수목금토
화물,3805,하행,19,부강,08:39:30,08:39:30,통과,경부선,일화수목금토
화물,3805,하행,20,매포,08:42:30,08:42:30,통과,경부선,일화수목금토
화물,3805,하행,21,신탄진,08:47:00,08:47:00,통과,경부선,일화수목금토
화물,3805,하행,22,회덕,08:50:30,08:50:30,통과,경부선,일화수목금토
화물,3805,하행,23,대전조,08:53:00,08:53:00,통과,경부선,일화수목금토
화물,3805,하행,24,대전,08:58:00,09:03:00,승무원교대,경부선,일화수목금토
화물,3805,하행,25,세천,09:11:00,09:11:00,통과,경부선,일화수목금토
화물,3805,하행,26,옥천,09:16:30,09:16:30,통과,경부선,일화수목금토
화물,3805,하행,27,이원,09:21:30,09:21:30,통과,경부선,일화수목금토
화물,3805,하행,28,지탄,09:25:00,09:25:00,통과,경부선,일화수목금토
화물,3805,하행,29,심천,09:28:00,09:28:00,통과,경부선,일화수목금토
화물,3805,하행,30,각계,09:30:30,09:30:30,통과,경부선,일화수목금토
화물,3805,하행,31,영동,09:35:00,09:35:00,통과,경부선,일화수목금토
화물,3805,하행,32,황간,09:44:00,09:44:00,통과,경부선,일화수목금토
화물,3805,하행,33,추풍령,09:49:30,09:49:30,통과,경부선,일화수목금토
화물,3805,하행,34,신암,09:53:30,09:53:30,통과,경부선,일화수목금토
화물,3805,하행,35,직지사,09:57:30,09:57:30,통과,경부선,일화수목금토
화물,3805,하행,36,김천,10:02:30,10:02:30,통과,경부선,일화수목금토
화물,3805,하행,37,대신,10:08:30,10:08:30,통과,경부선,일화수목금토
화물,3805,하행,38,아포,10:12:00,10:12:00,통과,경부선,일화수목금토
화물,3805,하행,39,구미,10:16:30,10:16:30,통과,경부선,일화수목금토
화물,3805,하행,40,사곡,10:19:30,10:19:30,통과,경부선,일화수목금토
화물,3805,하행,41,약목,10:24:30,10:24:30,통과,경부선,일화수목금토
화물,3805,하행,42,왜관,10:28:30,10:28:30,통과,경부선,일화수목금토
화물,3805,하행,43,연화,10:32:30,10:32:30,통과,경부선,일화수목금토
화물,3805,하행,44,신동,10:37:00,10:43:00,대피,경부선,일화수목금토
화물,3805,하행,45,지천,10:49:30,10:49:30,통과,경부선,일화수목금토
화물,3805,하행,46,서대구,10:53:00,10:53:00,통과,경부선,일화수목금토
화물,3805,하행,47,대구,10:55:30,10:55:30,통과,경부선,일화수목금토
화물,3805,하행,48,동대구,11:00:00,11:03:00,승무원교대,경부선,일화수목금토
화물,3805,하행,49,고모,11:09:00,11:09:00,통과,경부선,일화수목금토
화물,3805,하행,50,가천,11:10:00,11:10:00,통과,경부선,일화수목금토
화물,3805,하행,51,경산,11:13:30,11:13:30,통과,경부선,일화수목금토
화물,3805,하행,52,삼성,11:18:00,11:18:00,통과,경부선,일화수목금토
화물,3805,하행,53,남성현,11:22:30,11:22:30,통과,경부선,일화수목금토
화물,3805,하행,54,청도,11:28:00,11:28:00,통과,경부선,일화수목금토
화물,3805,하행,55,신거,11:31:30,11:31:30,통과,경부선,일화수목금토
화물,3805,하행,56,상동,11:34:30,11:34:30,통과,경부선,일화수목금토
화물,3805,하행,57,밀양,11:40:30,11:40:30,통과,경부선,일화수목금토
화물,3805,하행,58,미전,11:47:30,11:47:30,통과,경부선,일화수목금토
화물,3805,하행,59,낙동강,11:49:30,11:49:30,통과,미전선,일화수목금토
화물,3805,하행,60,한림정,11:55:30,11:55:30,통과,경전선,일화수목금토
화물,3805,하행,61,진영,11:59:00,11:59:00,통과,경전선,일화수목금토
화물,3805,하행,62,진례,12:02:00,12:02:00,통과,경전선,일화수목금토
화물,3805,하행,63,장유,12:09:00,12:09:00,통과,부산신항선,일화수목금토
화물,3805,하행,64,부산항,12:21:00,12:21:00,종착,부산신항선,일화수목금토
화물,3806,상행,1,부산항,15:38:00,15:38:00,시발,부산신항선,월화수목금
화물,3806,상행,2,장유,15:50:00,15:50:00,통과,부산신항선,월화수목금
화물,3806,상행,3,진례,15:57:00,15:57:00,통과,부산신항선,월화수목금
화물,3806,상행,4,진영,16:00:00,16:00:00,통과,경전선,월화수목금
화물,3806,상행,5,한림정,16:03:30,16:03:30,통과,경전선,월화수목금
화물,3806,상행,6,낙동강,16:09:30,16:09:30,통과,경전선,월화수목금
화물,3806,상행,7,미전,16:11:30,16:11:30,통과,미전선,월화수목금
화물,3806,상행,8,밀양,16:18:30,16:18:30,통과,경부선,월화수목금
화물,3806,상행,9,상동,16:24:30,16:24:30,통과,경부선,월화수목금
화물,3806,상행,10,신거,16:27:30,16:27:30,통과,경부선,월화수목금
화물,3806,상행,11,청도,16:31:00,16:31:00,통과,경부선,월화수목금
화물,3806,상행,12,남성현,16:38:30,16:43:30,대피,경부선,월화수목금
화물,3806,상행,13,삼성,16:50:00,16:50:00,통과,경부선,월화수목금
화물,3806,상행,14,경산,16:54:30,16:54:30,통과,경부선,월화수목금
화물,3806,상행,15,가천,16:58:00,16:58:00,통과,경부선,월화수목금
화물,3806,상행,16,고모,16:59:00,16:59:00,통과,경부선,월화수목금
화물,3806,상행,17,동대구,17:04:00,17:06:00,승무원교대,경부선,월화수목금
화물,3806,상행,18,대구,17:11:30,17:11:30,통과,경부선,월화수목금
화물,3806,상행,19,서대구,17:14:00,17:14:00,통과,경부선,월화수목금
화물,3806,상행,20,지천,17:17:30,17:17:30,통과,경부선,월화수목금
화물,3806,상행,21,신동,17:22:00,17:22:00,통과,경부선,월화수목금
화물,3806,상행,22,연화,17:24:30,17:24:30,통과,경부선,월화수목금
화물,3806,상행,23,왜관,17:28:30,17:28:30,통과,경부선,월화수목금
화물,3806,상행,24,약목,17:33:00,17:33:00,통과,경부선,월화수목금
화물,3806,상행,25,사곡,17:38:30,17:38:30,통과,경부선,월화수목금
화물,3806,상행,26,구미,17:42:30,17:42:30,통과,경부선,월화수목금
화물,3806,상행,27,아포,17:47:00,17:47:00,통과,경부선,월화수목금
화물,3806,상행,28,대신,17:50:30,17:50:30,통과,경부선,월화수목금
화물,3806,상행,29,김천,17:56:30,17:56:30,통과,경부선,월화수목금
화물,3806,상행,30,직지사,18:01:30,18:01:30,통과,경부선,월화수목금
화물,3806,상행,31,신암,18:06:30,18:06:30,통과,경부선,월화수목금
화물,3806,상행,32,추풍령,18:10:30,18:10:30,통과,경부선,월화수목금
화물,3806,상행,33,황간,18:17:00,18:17:00,통과,경부선,월화수목금
화물,3806,상행,34,영동,18:27:00,18:27:00,통과,경부선,월화수목금
화물,3806,상행,35,각계,18:32:30,18:32:30,통과,경부선,월화수목금
화물,3806,상행,36,심천,18:35:00,18:35:00,통과,경부선,월화수목금
화물,3806,상행,37,지탄,18:38:00,18:38:00,통과,경부선,월화수목금
화물,3806,상행,38,이원,18:41:30,18:41:30,통과,경부선,월화수목금
화물,3806,상행,39,옥천,18:46:30,18:46:30,통과,경부선,월화수목금
화물,3806,상행,40,세천,18:52:00,18:52:00,통과,경부선,월화수목금
화물,3806,상행,41,대전,18:58:00,19:09:00,승무원교대,경부선,월화수목금
화물,3806,상행,42,대전조,19:14:00,19:14:00,통과,경부선,월화수목금
화물,3806,상행,43,회덕,19:16:30,19:16:30,통과,경부선,월화수목금
화물,3806,상행,44,신탄진,19:20:00,19:20:00,통과,경부선,월화수목금
화물,3806,상행,45,매포,19:24:30,19:24:30,통과,경부선,월화수목금
화물,3806,상행,46,부강,19:27:30,19:27:30,통과,경부선,월화수목금
화물,3806,상행,47,내판,19:30:30,19:30:30,통과,경부선,월화수목금
화물,3806,상행,48,조치원,19:34:00,19:34:00,통과,경부선,월화수목금
화물,3806,상행,49,서창,19:36:00,19:36:00,통과,경부선,월화수목금
화물,3806,상행,50,전동,19:40:00,19:45:00,대피,경부선,월화수목금
화물,3806,상행,51,전의,19:51:30,19:51:30,통과,경부선,월화수목금
화물,3806,상행,52,소정리,19:58:00,20:03:00,대피,경부선,월화수목금
화물,3806,상행,53,천안,20:11:30,20:11:30,통과,경부선,월화수목금
화물,3806,상행,54,두정,20:13:30,20:13:30,통과,경부선,월화수목금
화물,3806,상행,55,직산,20:16:00,20:16:00,통과,경부선,월화수목금
화물,3806,상행,56,성환,20:19:30,20:19:30,통과,경부선,월화수목금
화물,3806,상행,57,평택,20:25:00,20:25:00,통과,경부선,월화수목금
화물,3806,상행,58,서정리,20:30:30,20:30:30,통과,경부선,월화수목금
화물,3806,상행,59,송탄,20:32:00,20:32:00,통과,경부선,월화수목금
화물,3806,상행,60,오산,20:37:00,20:37:00,통과,경부선,월화수목금
화물,3806,상행,61,병점,20:42:00,20:42:00,통과,경부선,월화수목금
화물,3806,상행,62,수원,20:46:30,20:46:30,통과,경부선,월화수목금
화물,3806,상행,63,의왕,20:54:30,20:54:30,통과,경부선,월화수목금
화물,3806,상행,64,오봉,21:01:00,21:01:00,종착,남부화물기,월화수목금
화물,3807,하행,1,오봉,09:26:00,09:26:00,시발,남부화물기,화수목금토
화물,3807,하행,2,의왕,09:35:00,09:35:00,통과,남부화물기,화수목금토
화물,3807,하행,3,수원,09:44:00,09:44:00,통과,경부선,화수목금토
화물,3807,하행,4,병점,09:48:30,09:48:30,통과,경부선,화수목금토
화물,3807,하행,5,오산,09:53:30,09:53:30,통과,경부선,화수목금토
화물,3807,하행,6,송탄,09:58:30,09:58:30,통과,경부선,화수목금토
화물,3807,하행,7,서정리,10:00:00,10:00:00,통과,경부선,화수목금토
화물,3807,하행,8,평택,10:05:00,10:05:00,통과,경부선,화수목금토
화물,3807,하행,9,성환,10:10:30,10:10:30,통과,경부선,화수목금토
화물,3807,하행,10,직산,10:14:00,10:14:00,통과,경부선,화수목금토
화물,3807,하행,11,두정,10:16:30,10:16:30,통과,경부선,화수목금토
화물,3807,하행,12,천안,10:18:30,10:18:30,통과,경부선,화수목금토
화물,3807,하행,13,소정리,10:25:00,10:25:00,통과,경부선,화수목금토
화물,3807,하행,14,전의,10:29:30,10:29:30,통과,경부선,화수목금토
화물,3807,하행,15,전동,10:34:30,10:34:30,통과,경부선,화수목금토
화물,3807,하행,16,서창,10:37:00,10:37:00,통과,경부선,화수목금토
화물,3807,하행,17,조치원,10:39:00,10:39:00,통과,경부선,화수목금토
화물,3807,하행,18,내판,10:42:00,10:42:00,통과,경부선,화수목금토
화물,3807,하행,19,부강,10:45:00,10:45:00,통과,경부선,화수목금토
화물,3807,하행,20,매포,10:48:00,10:48:00,통과,경부선,화수목금토
화물,3807,하행,21,신탄진,10:52:30,10:52:30,통과,경부선,화수목금토
화물,3807,하행,22,회덕,10:56:00,10:56:00,통과,경부선,화수목금토
화물,3807,하행,23,대전조,10:58:30,10:58:30,통과,경부선,화수목금토
화물,3807,하행,24,대전,11:03:30,11:05:30,승무원교대,경부선,화수목금토
화물,3807,하행,25,세천,11:13:30,11:13:30,통과,경부선,화수목금토
화물,3807,하행,26,옥천,11:19:00,11:19:00,통과,경부선,화수목금토
화물,3807,하행,27,이원,11:24:00,11:24:00,통과,경부선,화수목금토
화물,3807,하행,28,지탄,11:27:30,11:27:30,통과,경부선,화수목금토
화물,3807,하행,29,심천,11:30:30,11:30:30,통과,경부선,화수목금토
화물,3807,하행,30,각계,11:33:00,11:33:00,통과,경부선,화수목금토
화물,3807,하행,31,영동,11:37:30,11:37:30,통과,경부선,화수목금토
화물,3807,하행,32,황간,11:46:30,11:46:30,통과,경부선,화수목금토
화물,3807,하행,33,추풍령,11:52:00,11:52:00,통과,경부선,화수목금토
화물,3807,하행,34,신암,11:56:00,11:56:00,통과,경부선,화수목금토
화물,3807,하행,35,직지사,12:00:00,12:00:00,통과,경부선,화수목금토
화물,3807,하행,36,김천,12:06:00,12:08:00,승무원교대,경부선,화수목금토
화물,3807,하행,37,대신,12:15:00,12:15:00,통과,경부선,화수목금토
화물,3807,하행,38,아포,12:18:30,12:18:30,통과,경부선,화수목금토
화물,3807,하행,39,구미,12:23:00,12:23:00,통과,경부선,화수목금토
화물,3807,하행,40,사곡,12:26:30,12:26:30,통과,경부선,화수목금토
화물,3807,하행,41,약목,12:32:00,12:32:00,통과,경부선,화수목금토
화물,3807,하행,42,왜관,12:36:30,12:36:30,통과,경부선,화수목금토
화물,3807,하행,43,연화,12:40:30,12:40:30,통과,경부선,화수목금토
화물,3807,하행,44,신동,12:43:00,12:43:00,통과,경부선,화수목금토
화물,3807,하행,45,지천,12:47:30,12:47:30,통과,경부선,화수목금토
화물,3807,하행,46,서대구,12:51:30,12:51:30,통과,경부선,화수목금토
화물,3807,하행,47,대구,12:54:30,12:54:30,통과,경부선,화수목금토
화물,3807,하행,48,동대구,12:57:30,12:57:30,통과,경부선,화수목금토
화물,3807,하행,49,고모,13:02:00,13:02:00,통과,경부선,화수목금토
화물,3807,하행,50,가천,13:03:00,13:03:00,통과,경부선,화수목금토
화물,3807,하행,51,경산,13:06:30,13:06:30,통과,경부선,화수목금토
화물,3807,하행,52,삼성,13:11:00,13:11:00,통과,경부선,화수목금토
화물,3807,하행,53,남성현,13:15:30,13:15:30,통과,경부선,화수목금토
화물,3807,하행,54,청도,13:21:00,13:21:00,통과,경부선,화수목금토
화물,3807,하행,55,신거,13:24:30,13:24:30,통과,경부선,화수목금토
화물,3807,하행,56,상동,13:27:30,13:27:30,통과,경부선,화수목금토
화물,3807,하행,57,밀양,13:33:30,13:33:30,통과,경부선,화수목금토
화물,3807,하행,58,미전,13:40:30,13:40:30,통과,경부선,화수목금토
화물,3807,하행,59,낙동강,13:42:30,13:42:30,통과,미전선,화수목금토
화물,3807,하행,60,한림정,13:48:30,13:48:30,통과,경전선,화수목금토
화물,3807,하행,61,진영,13:52:00,13:52:00,통과,경전선,화수목금토
화물,3807,하행,62,진례,13:55:00,13:55:00,통과,경전선,화수목금토
화물,3807,하행,63,장유,14:02:00,14:02:00,통과,부산신항선,화수목금토
화물,3807,하행,64,부산항,14:14:00,14:14:00,종착,부산신항선,화수목금토
화물,3808,상행,1,부산항,17:35:00,17:35:00,시발,부산신항선,화수목금토
화물,3808,상행,2,장유,17:47:00,17:47:00,통과,부산신항선,화수목금토
화물,3808,상행,3,진례,17:54:00,17:54:00,통과,부산신항선,화수목금토
화물,3808,상행,4,진영,17:57:00,17:57:00,통과,경전선,화수목금토
화물,3808,상행,5,한림정,18:00:30,18:00:30,통과,경전선,화수목금토
화물,3808,상행,6,낙동강,18:06:30,18:06:30,통과,경전선,화수목금토
화물,3808,상행,7,미전,18:08:30,18:08:30,통과,미전선,화수목금토
화물,3808,상행,8,밀양,18:15:30,18:15:30,통과,경부선,화수목금토
화물,3808,상행,9,상동,18:21:30,18:21:30,통과,경부선,화수목금토
화물,3808,상행,10,신거,18:24:30,18:24:30,통과,경부선,화수목금토
화물,3808,상행,11,청도,18:28:00,18:28:00,통과,경부선,화수목금토
화물,3808,상행,12,남성현,18:33:30,18:33:30,통과,경부선,화수목금토
화물,3808,상행,13,삼성,18:38:00,18:38:00,통과,경부선,화수목금토
화물,3808,상행,14,경산,18:42:30,18:42:30,통과,경부선,화수목금토
화물,3808,상행,15,가천,18:46:00,18:46:00,통과,경부선,화수목금토
화물,3808,상행,16,고모,18:47:00,18:47:00,통과,경부선,화수목금토
화물,3808,상행,17,동대구,18:52:00,18:55:00,승무원교대,경부선,화수목금토
화물,3808,상행,18,대구,19:00:30,19:00:30,통과,경부선,화수목금토
화물,3808,상행,19,서대구,19:03:00,19:03:00,통과,경부선,화수목금토
화물,3808,상행,20,지천,19:06:30,19:06:30,통과,경부선,화수목금토
화물,3808,상행,21,신동,19:11:00,19:11:00,통과,경부선,화수목금토
화물,3808,상행,22,연화,19:13:30,19:13:30,통과,경부선,화수목금토
화물,3808,상행,23,왜관,19:17:30,19:17:30,통과,경부선,화수목금토
화물,3808,상행,24,약목,19:21:30,19:21:30,통과,경부선,화수목금토
화물,3808,상행,25,사곡,19:26:30,19:26:30,통과,경부선,화수목금토
화물,3808,상행,26,구미,19:29:30,19:29:30,통과,경부선,화수목금토
화물,3808,상행,27,아포,19:34:00,19:34:00,통과,경부선,화수목금토
화물,3808,상행,28,대신,19:37:30,19:37:30,통과,경부선,화수목금토
화물,3808,상행,29,김천,19:43:30,19:43:30,통과,경부선,화수목금토
화물,3808,상행,30,직지사,19:48:30,19:48:30,통과,경부선,화수목금토
화물,3808,상행,31,신암,19:53:30,19:53:30,통과,경부선,화수목금토
화물,3808,상행,32,추풍령,19:57:30,19:57:30,통과,경부선,화수목금토
화물,3808,상행,33,황간,20:03:00,20:03:00,통과,경부선,화수목금토
화물,3808,상행,34,영동,20:12:00,20:12:00,통과,경부선,화수목금토
화물,3808,상행,35,각계,20:16:30,20:16:30,통과,경부선,화수목금토
화물,3808,상행,36,심천,20:19:00,20:19:00,통과,경부선,화수목금토
화물,3808,상행,37,지탄,20:22:00,20:22:00,통과,경부선,화수목금토
화물,3808,상행,38,이원,20:25:30,20:25:30,통과,경부선,화수목금토
화물,3808,상행,39,옥천,20:30:30,20:30:30,통과,경부선,화수목금토
화물,3808,상행,40,세천,20:36:00,20:36:00,통과,경부선,화수목금토
화물,3808,상행,41,대전,20:42:00,20:55:00,승무원교대,경부선,화수목금토
화물,3808,상행,42,대전조,21:00:00,21:00:00,통과,경부선,화수목금토
화물,3808,상행,43,회덕,21:02:30,21:02:30,통과,경부선,화수목금토
화물,3808,상행,44,신탄진,21:06:00,21:06:00,통과,경부선,화수목금토
화물,3808,상행,45,매포,21:10:30,21:10:30,통과,경부선,화수목금토
화물,3808,상행,46,부강,21:13:30,21:13:30,통과,경부선,화수목금토
화물,3808,상행,47,내판,21:16:30,21:16:30,통과,경부선,화수목금토
화물,3808,상행,48,조치원,21:20:00,21:20:00,통과,경부선,화수목금토
화물,3808,상행,49,서창,21:22:00,21:22:00,통과,경부선,화수목금토
화물,3808,상행,50,전동,21:24:30,21:24:30,통과,경부선,화수목금토
화물,3808,상행,51,전의,21:29:30,21:29:30,통과,경부선,화수목금토
화물,3808,상행,52,소정리,21:34:00,21:34:00,통과,경부선,화수목금토
화물,3808,상행,53,천안,21:40:30,21:40:30,통과,경부선,화수목금토
화물,3808,상행,54,두정,21:42:30,21:42:30,통과,경부선,화수목금토
화물,3808,상행,55,직산,21:45:00,21:45:00,통과,경부선,화수목금토
화물,3808,상행,56,성환,21:48:30,21:48:30,통과,경부선,화수목금토
화물,3808,상행,57,평택,21:54:00,21:54:00,통과,경부선,화수목금토
화물,3808,상행,58,서정리,21:59:30,21:59:30,통과,경부선,화수목금토
화물,3808,상행,59,송탄,22:01:00,22:01:00,통과,경부선,화수목금토
화물,3808,상행,60,오산,22:06:00,22:06:00,통과,경부선,화수목금토
화물,3808,상행,61,병점,22:11:00,22:11:00,통과,경부선,화수목금토
화물,3808,상행,62,수원,22:15:30,22:15:30,통과,경부선,화수목금토
화물,3808,상행,63,의왕,22:23:30,22:23:30,통과,경부선,화수목금토
화물,3808,상행,64,오봉,22:30:00,22:30:00,종착,남부화물기,화수목금토
화물,3809,하행,1,오봉,15:13:00,15:13:00,시발,남부화물기,화수목금토
화물,3809,하행,2,의왕,15:22:00,15:22:00,통과,남부화물기,화수목금토
화물,3809,하행,3,수원,15:31:00,15:31:00,통과,경부선,화수목금토
화물,3809,하행,4,병점,15:35:30,15:35:30,통과,경부선,화수목금토
화물,3809,하행,5,오산,15:40:30,15:40:30,통과,경부선,화수목금토
화물,3809,하행,6,송탄,15:45:30,15:45:30,통과,경부선,화수목금토
화물,3809,하행,7,서정리,15:47:00,15:47:00,통과,경부선,화수목금토
화물,3809,하행,8,평택,15:52:30,15:52:30,통과,경부선,화수목금토
화물,3809,하행,9,성환,15:58:00,15:58:00,통과,경부선,화수목금토
화물,3809,하행,10,직산,16:01:30,16:01:30,통과,경부선,화수목금토
화물,3809,하행,11,두정,16:04:00,16:04:00,통과,경부선,화수목금토
화물,3809,하행,12,천안,16:06:00,16:06:00,통과,경부선,화수목금토
화물,3809,하행,13,소정리,16:12:30,16:12:30,통과,경부선,화수목금토
화물,3809,하행,14,전의,16:17:30,16:17:30,통과,경부선,화수목금토
화물,3809,하행,15,전동,16:23:00,16:23:00,통과,경부선,화수목금토
화물,3809,하행,16,서창,16:25:30,16:25:30,통과,경부선,화수목금토
화물,3809,하행,17,조치원,16:27:30,16:27:30,통과,경부선,화수목금토
화물,3809,하행,18,내판,16:30:30,16:30:30,통과,경부선,화수목금토
화물,3809,하행,19,부강,16:33:30,16:33:30,통과,경부선,화수목금토
화물,3809,하행,20,매포,16:36:30,16:36:30,통과,경부선,화수목금토
화물,3809,하행,21,신탄진,16:41:00,16:41:00,통과,경부선,화수목금토
화물,3809,하행,22,회덕,16:44:30,16:44:30,통과,경부선,화수목금토
화물,3809,하행,23,대전조,16:47:00,16:47:00,통과,경부선,화수목금토
화물,3809,하행,24,대전,16:52:00,16:58:00,승무원교대,경부선,화수목금토
화물,3809,하행,25,세천,17:06:00,17:06:00,통과,경부선,화수목금토
화물,3809,하행,26,옥천,17:11:30,17:11:30,통과,경부선,화수목금토
화물,3809,하행,27,이원,17:16:30,17:16:30,통과,경부선,화수목금토
화물,3809,하행,28,지탄,17:20:00,17:20:00,통과,경부선,화수목금토
화물,3809,하행,29,심천,17:23:00,17:23:00,통과,경부선,화수목금토
화물,3809,하행,30,각계,17:25:30,17:25:30,통과,경부선,화수목금토
화물,3809,하행,31,영동,17:30:00,17:30:00,통과,경부선,화수목금토
화물,3809,하행,32,황간,17:39:00,17:39:00,통과,경부선,화수목금토
화물,3809,하행,33,추풍령,17:44:30,17:44:30,통과,경부선,화수목금토
화물,3809,하행,34,신암,17:48:30,17:48:30,통과,경부선,화수목금토
화물,3809,하행,35,직지사,17:52:30,17:52:30,통과,경부선,화수목금토
화물,3809,하행,36,김천,17:57:30,17:57:30,통과,경부선,화수목금토
화물,3809,하행,37,대신,18:04:00,18:04:00,통과,경부선,화수목금토
화물,3809,하행,38,아포,18:08:00,18:08:00,통과,경부선,화수목금토
화물,3809,하행,39,구미,18:13:00,18:13:00,통과,경부선,화수목금토
화물,3809,하행,40,사곡,18:16:30,18:16:30,통과,경부선,화수목금토
화물,3809,하행,41,약목,18:22:00,18:22:00,통과,경부선,화수목금토
화물,3809,하행,42,왜관,18:26:30,18:26:30,통과,경부선,화수목금토
화물,3809,하행,43,연화,18:31:00,18:31:00,통과,경부선,화수목금토
화물,3809,하행,44,신동,18:34:00,18:34:00,통과,경부선,화수목금토
화물,3809,하행,45,지천,18:39:00,18:39:00,통과,경부선,화수목금토
화물,3809,하행,46,서대구,18:43:00,18:43:00,통과,경부선,화수목금토
화물,3809,하행,47,대구,18:46:00,18:46:00,통과,경부선,화수목금토
화물,3809,하행,48,동대구,18:51:00,18:53:00,승무원교대,경부선,화수목금토
화물,3809,하행,49,고모,18:59:00,18:59:00,통과,경부선,화수목금토
화물,3809,하행,50,가천,19:00:00,19:00:00,통과,경부선,화수목금토
화물,3809,하행,51,경산,19:03:30,19:03:30,통과,경부선,화수목금토
화물,3809,하행,52,삼성,19:08:00,19:08:00,통과,경부선,화수목금토
화물,3809,하행,53,남성현,19:12:30,19:12:30,통과,경부선,화수목금토
화물,3809,하행,54,청도,19:18:00,19:18:00,통과,경부선,화수목금토
화물,3809,하행,55,신거,19:21:30,19:21:30,통과,경부선,화수목금토
화물,3809,하행,56,상동,19:24:30,19:24:30,통과,경부선,화수목금토
화물,3809,하행,57,밀양,19:30:30,19:30:30,통과,경부선,화수목금토
화물,3809,하행,58,미전,19:37:30,19:37:30,통과,경부선,화수목금토
화물,3809,하행,59,낙동강,19:39:30,19:39:30,통과,미전선,화수목금토
화물,3809,하행,60,한림정,19:45:30,19:45:30,통과,경전선,화수목금토
화물,3809,하행,61,진영,19:49:00,19:49:00,통과,경전선,화수목금토
화물,3809,하행,62,진례,19:52:00,19:52:00,통과,경전선,화수목금토
화물,3809,하행,63,장유,19:59:00,19:59:00,통과,부산신항선,화수목금토
화물,3809,하행,64,부산항,20:11:00,20:11:00,종착,부산신항선,화수목금토
근거리,P3810,상행,1,북철송,19:41:00,19:41:00,시발,신항북선,월화수목금
근거리,P3810,상행,2,부산항,19:51:00,19:51:00,종착,신항북선,월화수목금
화물,3810,상행,1,부산항,20:03:00,20:03:00,시발,부산신항선,월화수목금
화물,3810,상행,2,장유,20:15:00,20:15:00,통과,부산신항선,월화수목금
화물,3810,상행,3,진례,20:25:00,20:25:00,통과,부산신항선,월화수목금
화물,3810,상행,4,진영,20:28:00,20:28:00,통과,경전선,월화수목금
화물,3810,상행,5,한림정,20:32:00,20:32:00,통과,경전선,월화수목금
화물,3810,상행,6,낙동강,20:39:00,20:39:00,통과,경전선,월화수목금
화물,3810,상행,7,미전,20:40:30,20:40:30,통과,미전선,월화수목금
화물,3810,상행,8,밀양,20:48:00,20:48:00,통과,경부선,월화수목금
화물,3810,상행,9,상동,20:54:30,20:54:30,통과,경부선,월화수목금
화물,3810,상행,10,신거,20:58:00,20:58:00,통과,경부선,월화수목금
화물,3810,상행,11,청도,21:01:30,21:01:30,통과,경부선,월화수목금
화물,3810,상행,12,남성현,21:09:30,21:09:30,통과,경부선,월화수목금
화물,3810,상행,13,삼성,21:15:30,21:15:30,통과,경부선,월화수목금
화물,3810,상행,14,경산,21:20:30,21:20:30,통과,경부선,월화수목금
화물,3810,상행,15,가천,21:24:00,21:24:00,통과,경부선,월화수목금
화물,3810,상행,16,고모,21:25:00,21:25:00,통과,경부선,월화수목금
화물,3810,상행,17,동대구,21:31:00,21:45:00,승무원교대,경부선,월화수목금
화물,3810,상행,18,대구,21:50:00,21:50:00,통과,경부선,월화수목금
화물,3810,상행,19,서대구,21:53:30,21:53:30,통과,경부선,월화수목금
화물,3810,상행,20,지천,21:57:30,21:57:30,통과,경부선,월화수목금
화물,3810,상행,21,신동,22:02:30,22:02:30,통과,경부선,월화수목금
화물,3810,상행,22,연화,22:05:30,22:05:30,통과,경부선,월화수목금
화물,3810,상행,23,왜관,22:10:00,22:10:00,통과,경부선,월화수목금
화물,3810,상행,24,약목,22:15:00,22:15:00,통과,경부선,월화수목금
화물,3810,상행,25,사곡,22:21:00,22:21:00,통과,경부선,월화수목금
화물,3810,상행,26,구미,22:24:30,22:24:30,통과,경부선,월화수목금
화물,3810,상행,27,아포,22:30:00,22:30:00,통과,경부선,월화수목금
화물,3810,상행,28,대신,22:34:00,22:34:00,통과,경부선,월화수목금
화물,3810,상행,29,김천,22:40:30,22:40:30,통과,경부선,월화수목금
화물,3810,상행,30,직지사,22:46:30,22:46:30,통과,경부선,월화수목금
화물,3810,상행,31,신암,22:53:30,22:53:30,통과,경부선,월화수목금
화물,3810,상행,32,추풍령,23:00:30,23:00:30,통과,경부선,월화수목금
화물,3810,상행,33,황간,23:07:30,23:07:30,통과,경부선,월화수목금
화물,3810,상행,34,영동,23:17:30,23:17:30,통과,경부선,월화수목금
화물,3810,상행,35,각계,23:22:30,23:22:30,통과,경부선,월화수목금
화물,3810,상행,36,심천,23:25:00,23:25:00,통과,경부선,월화수목금
화물,3810,상행,37,지탄,23:28:00,23:28:00,통과,경부선,월화수목금
화물,3810,상행,38,이원,23:32:00,23:32:00,통과,경부선,월화수목금
화물,3810,상행,39,옥천,23:37:30,23:37:30,통과,경부선,월화수목금
화물,3810,상행,40,세천,23:43:30,23:43:30,통과,경부선,월화수목금
화물,3810,상행,41,대전,23:51:00,23:51:00,통과,경부선,월화수목금
화물,3810,상행,42,대전조,23:58:00,04:55:00,승무원교대,경부선,월화수목금
화물,3810,상행,43,회덕,05:00:00,05:00:00,통과,경부선,월화수목금
화물,3810,상행,44,신탄진,05:04:00,05:04:00,통과,경부선,월화수목금
화물,3810,상행,45,매포,05:09:00,05:09:00,통과,경부선,월화수목금
화물,3810,상행,46,부강,05:12:00,05:12:00,통과,경부선,월화수목금
화물,3810,상행,47,내판,05:15:30,05:15:30,통과,경부선,월화수목금
화물,3810,상행,48,조치원,05:19:30,05:19:30,통과,경부선,월화수목금
화물,3810,상행,49,서창,05:21:30,05:21:30,통과,경부선,월화수목금
화물,3810,상행,50,전동,05:24:00,05:24:00,통과,경부선,월화수목금
화물,3810,상행,51,전의,05:29:00,05:29:00,통과,경부선,월화수목금
화물,3810,상행,52,소정리,05:34:00,05:34:00,통과,경부선,월화수목금
화물,3810,상행,53,천안,05:41:30,05:41:30,통과,경부선,월화수목금
화물,3810,상행,54,두정,05:43:30,05:43:30,통과,경부선,월화수목금
화물,3810,상행,55,직산,05:45:30,05:45:30,통과,경부선,월화수목금
화물,3810,상행,56,성환,05:48:30,05:48:30,통과,경부선,월화수목금
화물,3810,상행,57,평택,05:54:00,05:54:00,통과,경부선,월화수목금
화물,3810,상행,58,서정리,05:59:00,05:59:00,통과,경부선,월화수목금
화물,3810,상행,59,송탄,06:00:30,06:00:30,통과,경부선,월화수목금
화물,3810,상행,60,오산,06:05:00,06:05:00,통과,경부선,월화수목금
화물,3810,상행,61,병점,06:11:00,06:11:00,통과,경부선,월화수목금
화물,3810,상행,62,수원,06:16:00,06:16:00,통과,경부선,월화수목금
화물,3810,상행,63,의왕,06:24:30,06:24:30,통과,경부선,월화수목금
화물,3810,상행,64,오봉,06:32:00,06:32:00,종착,남부화물기,월화수목금
근거리,Y3810,상행,1,부산항,19:10:00,19:10:00,시발,신항북선,월화수목금
근거리,Y3810,상행,2,북철송,19:20:00,19:20:00,종착,신항북선,월화수목금
화물,3811,하행,1,오봉,16:06:00,16:06:00,시발,남부화물기,일수목금토
화물,3811,하행,2,의왕,16:15:00,16:15:00,통과,남부화물기,일수목금토
화물,3811,하행,3,수원,16:24:00,16:24:00,통과,경부선,일수목금토
화물,3811,하행,4,병점,16:28:30,16:28:30,통과,경부선,일수목금토
화물,3811,하행,5,오산,16:33:30,16:33:30,통과,경부선,일수목금토
화물,3811,하행,6,송탄,16:38:30,16:38:30,통과,경부선,일수목금토
화물,3811,하행,7,서정리,16:40:00,16:40:00,통과,경부선,일수목금토
화물,3811,하행,8,평택,16:45:30,16:45:30,통과,경부선,일수목금토
화물,3811,하행,9,성환,16:51:00,16:51:00,통과,경부선,일수목금토
화물,3811,하행,10,직산,16:54:30,16:54:30,통과,경부선,일수목금토
화물,3811,하행,11,두정,16:57:00,16:57:00,통과,경부선,일수목금토
화물,3811,하행,12,천안,16:59:00,16:59:00,통과,경부선,일수목금토
화물,3811,하행,13,소정리,17:05:30,17:05:30,통과,경부선,일수목금토
화물,3811,하행,14,전의,17:10:00,17:10:00,통과,경부선,일수목금토
화물,3811,하행,15,전동,17:15:00,17:15:00,통과,경부선,일수목금토
화물,3811,하행,16,서창,17:19:30,17:26:00,대피,경부선,일수목금토
화물,3811,하행,17,조치원,17:29:30,17:29:30,통과,경부선,일수목금토
화물,3811,하행,18,내판,17:32:30,17:32:30,통과,경부선,일수목금토
화물,3811,하행,19,부강,17:35:30,17:35:30,통과,경부선,일수목금토
화물,3811,하행,20,매포,17:38:30,17:38:30,통과,경부선,일수목금토
화물,3811,하행,21,신탄진,17:43:00,17:43:00,통과,경부선,일수목금토
화물,3811,하행,22,회덕,17:46:30,17:46:30,통과,경부선,일수목금토
화물,3811,하행,23,대전조,17:49:00,17:49:00,통과,경부선,일수목금토
화물,3811,하행,24,대전,17:54:00,17:59:00,승무원교대,경부선,일수목금토
화물,3811,하행,25,세천,18:07:00,18:07:00,통과,경부선,일수목금토
화물,3811,하행,26,옥천,18:12:30,18:12:30,통과,경부선,일수목금토
화물,3811,하행,27,이원,18:17:30,18:17:30,통과,경부선,일수목금토
화물,3811,하행,28,지탄,18:21:00,18:21:00,통과,경부선,일수목금토
화물,3811,하행,29,심천,18:24:00,18:24:00,통과,경부선,일수목금토
화물,3811,하행,30,각계,18:26:30,18:26:30,통과,경부선,일수목금토
화물,3811,하행,31,영동,18:31:00,18:31:00,통과,경부선,일수목금토
화물,3811,하행,32,황간,18:40:00,18:40:00,통과,경부선,일수목금토
화물,3811,하행,33,추풍령,18:45:30,18:45:30,통과,경부선,일수목금토
화물,3811,하행,34,신암,18:49:30,18:49:30,통과,경부선,일수목금토
화물,3811,하행,35,직지사,18:53:30,18:53:30,통과,경부선,일수목금토
화물,3811,하행,36,김천,18:58:30,18:58:30,통과,경부선,일수목금토
화물,3811,하행,37,대신,19:04:30,19:04:30,통과,경부선,일수목금토
화물,3811,하행,38,아포,19:08:00,19:08:00,통과,경부선,일수목금토
화물,3811,하행,39,구미,19:12:30,19:12:30,통과,경부선,일수목금토
화물,3811,하행,40,사곡,19:15:30,19:15:30,통과,경부선,일수목금토
화물,3811,하행,41,약목,19:20:30,19:20:30,통과,경부선,일수목금토
화물,3811,하행,42,왜관,19:24:30,19:24:30,통과,경부선,일수목금토
화물,3811,하행,43,연화,19:28:30,19:28:30,통과,경부선,일수목금토
화물,3811,하행,44,신동,19:31:00,19:31:00,통과,경부선,일수목금토
화물,3811,하행,45,지천,19:35:30,19:35:30,통과,경부선,일수목금토
화물,3811,하행,46,서대구,19:39:00,19:39:00,통과,경부선,일수목금토
화물,3811,하행,47,대구,19:41:30,19:41:30,통과,경부선,일수목금토
화물,3811,하행,48,동대구,19:46:00,19:48:00,승무원교대,경부선,일수목금토
화물,3811,하행,49,고모,19:54:00,19:54:00,통과,경부선,일수목금토
화물,3811,하행,50,가천,19:55:00,19:55:00,통과,경부선,일수목금토
화물,3811,하행,51,경산,19:58:30,19:58:30,통과,경부선,일수목금토
화물,3811,하행,52,삼성,20:03:30,20:03:30,통과,경부선,일수목금토
화물,3811,하행,53,남성현,20:08:30,20:08:30,통과,경부선,일수목금토
화물,3811,하행,54,청도,20:14:00,20:14:00,통과,경부선,일수목금토
화물,3811,하행,55,신거,20:17:30,20:17:30,통과,경부선,일수목금토
화물,3811,하행,56,상동,20:20:30,20:20:30,통과,경부선,일수목금토
화물,3811,하행,57,밀양,20:26:30,20:26:30,통과,경부선,일수목금토
화물,3811,하행,58,미전,20:33:30,20:33:30,통과,경부선,일수목금토
화물,3811,하행,59,낙동강,20:35:30,20:35:30,통과,미전선,일수목금토
화물,3811,하행,60,한림정,20:41:30,20:41:30,통과,경전선,일수목금토
화물,3811,하행,61,진영,20:45:00,20:45:00,통과,경전선,일수목금토
화물,3811,하행,62,진례,20:48:00,20:48:00,통과,경전선,일수목금토
화물,3811,하행,63,장유,20:55:00,20:55:00,통과,부산신항선,일수목금토
화물,3811,하행,64,부산항,21:07:00,21:07:00,종착,부산신항선,일수목금토
화물,3812,상행,1,부산항,20:44:00,20:44:00,시발,부산신항선,월화수목금
화물,3812,상행,2,장유,20:56:00,20:56:00,통과,부산신항선,월화수목금
화물,3812,상행,3,진례,21:06:00,21:06:00,통과,부산신항선,월화수목금
화물,3812,상행,4,진영,21:09:00,21:09:00,통과,경전선,월화수목금
화물,3812,상행,5,한림정,21:13:00,21:13:00,통과,경전선,월화수목금
화물,3812,상행,6,낙동강,21:20:00,21:20:00,통과,경전선,월화수목금
화물,3812,상행,7,미전,21:21:30,21:21:30,통과,미전선,월화수목금
화물,3812,상행,8,밀양,21:30:30,21:30:30,통과,경부선,월화수목금
화물,3812,상행,9,상동,21:38:30,21:38:30,통과,경부선,월화수목금
화물,3812,상행,10,신거,21:42:30,21:42:30,통과,경부선,월화수목금
화물,3812,상행,11,청도,21:49:00,21:54:00,대피,경부선,월화수목금
화물,3812,상행,12,남성현,22:03:00,22:03:00,통과,경부선,월화수목금
화물,3812,상행,13,삼성,22:10:00,22:10:00,통과,경부선,월화수목금
화물,3812,상행,14,경산,22:16:00,22:16:00,통과,경부선,월화수목금
화물,3812,상행,15,가천,22:20:00,22:20:00,통과,경부선,월화수목금
화물,3812,상행,16,고모,22:21:30,22:21:30,통과,경부선,월화수목금
화물,3812,상행,17,동대구,22:27:30,22:31:30,승무원교대,경부선,월화수목금
화물,3812,상행,18,대구,22:36:30,22:36:30,통과,경부선,월화수목금
화물,3812,상행,19,서대구,22:40:00,22:40:00,통과,경부선,월화수목금
화물,3812,상행,20,지천,22:44:00,22:44:00,통과,경부선,월화수목금
화물,3812,상행,21,신동,22:50:00,22:50:00,통과,경부선,월화수목금
화물,3812,상행,22,연화,22:53:00,22:53:00,통과,경부선,월화수목금
화물,3812,상행,23,왜관,22:58:00,22:58:00,통과,경부선,월화수목금
화물,3812,상행,24,약목,23:03:00,23:03:00,통과,경부선,월화수목금
화물,3812,상행,25,사곡,23:10:00,23:10:00,통과,경부선,월화수목금
화물,3812,상행,26,구미,23:14:00,23:14:00,통과,경부선,월화수목금
화물,3812,상행,27,아포,23:20:00,23:20:00,통과,경부선,월화수목금
화물,3812,상행,28,대신,23:25:00,23:25:00,통과,경부선,월화수목금
화물,3812,상행,29,김천,23:33:00,23:33:00,통과,경부선,월화수목금
화물,3812,상행,30,직지사,23:41:30,23:47:00,대피,경부선,월화수목금
화물,3812,상행,31,신암,23:55:00,23:55:00,통과,경부선,월화수목금
화물,3812,상행,32,추풍령,00:02:00,00:02:00,통과,경부선,월화수목금
화물,3812,상행,33,황간,00:09:00,00:09:00,통과,경부선,월화수목금
화물,3812,상행,34,영동,00:19:00,00:19:00,통과,경부선,월화수목금
화물,3812,상행,35,각계,00:25:00,00:25:00,통과,경부선,월화수목금
화물,3812,상행,36,심천,00:28:00,00:28:00,통과,경부선,월화수목금
화물,3812,상행,37,지탄,00:32:00,00:32:00,통과,경부선,월화수목금
화물,3812,상행,38,이원,00:37:00,00:37:00,통과,경부선,월화수목금
화물,3812,상행,39,옥천,00:44:00,00:44:00,통과,경부선,월화수목금
화물,3812,상행,40,세천,00:52:00,00:52:00,통과,경부선,월화수목금
화물,3812,상행,41,대전,01:00:00,05:10:00,운전취급,경부선,월화수목금
화물,3812,상행,42,대전조,05:16:00,05:16:00,통과,경부선,월화수목금
화물,3812,상행,43,회덕,05:19:30,05:19:30,통과,경부선,월화수목금
화물,3812,상행,44,신탄진,05:24:30,05:24:30,통과,경부선,월화수목금
화물,3812,상행,45,매포,05:30:30,05:30:30,통과,경부선,월화수목금
화물,3812,상행,46,부강,05:34:00,05:34:00,통과,경부선,월화수목금
화물,3812,상행,47,내판,05:38:00,05:38:00,통과,경부선,월화수목금
화물,3812,상행,48,조치원,05:42:30,05:42:30,통과,경부선,월화수목금
화물,3812,상행,49,서창,05:45:00,05:45:00,통과,경부선,월화수목금
화물,3812,상행,50,전동,05:48:00,05:48:00,통과,경부선,월화수목금
화물,3812,상행,51,전의,05:54:00,05:54:00,통과,경부선,월화수목금
화물,3812,상행,52,소정리,06:00:00,06:00:00,통과,경부선,월화수목금
화물,3812,상행,53,천안,06:09:00,06:09:00,통과,경부선,월화수목금
화물,3812,상행,54,두정,06:12:00,06:12:00,통과,경부선,월화수목금
화물,3812,상행,55,직산,06:15:00,06:15:00,통과,경부선,월화수목금
화물,3812,상행,56,성환,06:19:30,06:19:30,통과,경부선,월화수목금
화물,3812,상행,57,평택,06:26:30,06:26:30,통과,경부선,월화수목금
화물,3812,상행,58,서정리,06:33:00,06:33:00,통과,경부선,월화수목금
화물,3812,상행,59,송탄,06:35:00,06:35:00,통과,경부선,월화수목금
화물,3812,상행,60,오산,06:41:00,06:41:00,통과,경부선,월화수목금
화물,3812,상행,61,병점,06:47:00,06:47:00,통과,경부선,월화수목금
화물,3812,상행,62,수원,06:52:30,06:52:30,통과,경부선,월화수목금
화물,3812,상행,63,의왕,07:02:00,07:02:00,통과,경부선,월화수목금
화물,3812,상행,64,오봉,07:10:00,07:10:00,종착,남부화물기,월화수목금
근거리,Y3812,상행,1,북철송,20:29:00,20:29:00,시발,신항북선,월화수목금
근거리,Y3812,상행,2,부산항,20:39:00,20:39:00,종착,신항북선,월화수목금
화물,3955,하행,1,제천조,18:16:00,18:16:00,시발,중앙선,월수금
화물,3955,하행,2,제천,18:20:00,18:20:00,통과,중앙선,월수금
화물,3955,하행,3,고명,18:27:00,18:27:00,통과,중앙선,월수금
화물,3955,하행,4,삼곡,18:32:30,18:32:30,통과,중앙선,월수금
화물,3955,하행,5,도담,18:39:00,18:39:00,통과,중앙선,월수금
화물,3955,하행,6,단양,18:44:30,18:44:30,통과,중앙선,월수금
화물,3955,하행,7,풍기,19:04:30,19:04:30,통과,중앙선,월수금
화물,3955,하행,8,영주,19:17:30,19:23:30,승무원교대,중앙선,월수금
화물,3955,하행,9,옹천,19:42:00,19:42:00,통과,중앙선,월수금
화물,3955,하행,10,안동,19:53:30,19:53:30,통과,중앙선,월수금
화물,3955,하행,11,의성,20:15:30,20:15:30,통과,중앙선,월수금
화물,3955,하행,12,군위,20:35:30,20:35:30,통과,중앙선,월수금
화물,3955,하행,13,북영천,20:58:30,20:58:30,통과,중앙선,월수금
화물,3955,하행,14,영천,21:01:00,21:01:00,통과,중앙선,월수금
화물,3955,하행,15,아화,21:14:30,21:14:30,통과,중앙선,월수금
화물,3955,하행,16,모량,21:24:30,21:24:30,통과,중앙선,월수금
화물,3955,하행,17,경주,21:28:30,21:28:30,통과,동해선,월수금
화물,3955,하행,18,외동,21:46:30,21:46:30,통과,동해선,월수금
화물,3955,하행,19,북울산,21:57:00,21:57:00,통과,동해선,월수금
화물,3955,하행,20,태화강,22:07:30,22:16:30,승무원교대,동해선,월수금
화물,3955,하행,21,개운포,22:23:00,22:23:00,통과,동해선,월수금
화물,3955,하행,22,덕하,22:25:30,22:25:30,통과,동해선,월수금
화물,3955,하행,23,망양,22:29:30,22:29:30,통과,동해선,월수금
화물,3955,하행,24,남창,22:34:00,22:34:00,통과,동해선,월수금
화물,3955,하행,25,온산,22:45:00,22:45:00,종착,온산선,월수금
화물,3956,상행,1,태화강,06:41:00,06:41:00,시발,동해선,월수금
화물,3956,상행,2,북울산,06:52:00,06:52:00,통과,동해선,월수금
화물,3956,상행,3,외동,07:02:30,07:02:30,통과,동해선,월수금
화물,3956,상행,4,경주,07:21:00,07:21:00,통과,동해선,월수금
화물,3956,상행,5,모량,07:25:30,07:25:30,통과,동해선,월수금
화물,3956,상행,6,아화,07:36:00,07:36:00,통과,중앙선,월수금
화물,3956,상행,7,영천,07:50:00,07:50:00,통과,중앙선,월수금
화물,3956,상행,8,북영분,07:53:00,07:53:00,통과,대구선,월수금
화물,3956,상행,9,금호,08:00:00,08:00:00,통과,대구선,월수금
화물,3956,상행,10,하양,08:04:00,08:04:00,통과,대구선,월수금
화물,3956,상행,11,청천,08:08:30,08:08:30,통과,대구선,월수금
화물,3956,상행,12,금강,08:12:00,08:12:00,통과,대구선,월수금
화물,3956,상행,13,가천,08:18:30,08:18:30,통과,대구선,월수금
화물,3956,상행,14,고모,08:21:30,08:21:30,통과,경부선,월수금
화물,3956,상행,15,동대구,08:26:30,08:30:00,승무원교대,경부선,월수금
화물,3956,상행,16,대구,08:35:00,08:35:00,통과,경부선,월수금
화물,3956,상행,17,서대구,08:38:30,08:38:30,통과,경부선,월수금
화물,3956,상행,18,지천,08:42:30,08:42:30,통과,경부선,월수금
화물,3956,상행,19,신동,08:48:30,08:48:30,통과,경부선,월수금
화물,3956,상행,20,연화,08:51:30,08:51:30,통과,경부선,월수금
화물,3956,상행,21,왜관,08:58:00,09:03:00,대피,경부선,월수금
화물,3956,상행,22,약목,09:09:30,09:09:30,통과,경부선,월수금
화물,3956,상행,23,사곡,09:16:30,09:16:30,통과,경부선,월수금
화물,3956,상행,24,구미,09:20:30,09:20:30,통과,경부선,월수금
화물,3956,상행,25,아포,09:26:30,09:26:30,통과,경부선,월수금
화물,3956,상행,26,대신,09:31:30,09:31:30,통과,경부선,월수금
화물,3956,상행,27,김천,09:39:30,09:39:30,통과,경부선,월수금
화물,3956,상행,28,직지사,09:46:30,09:46:30,통과,경부선,월수금
화물,3956,상행,29,신암,09:53:30,09:53:30,통과,경부선,월수금
화물,3956,상행,30,추풍령,10:00:30,10:00:30,통과,경부선,월수금
화물,3956,상행,31,황간,10:07:30,10:07:30,통과,경부선,월수금
화물,3956,상행,32,영동,10:17:30,10:17:30,통과,경부선,월수금
화물,3956,상행,33,각계,10:23:30,10:23:30,통과,경부선,월수금
화물,3956,상행,34,심천,10:26:30,10:26:30,통과,경부선,월수금
화물,3956,상행,35,지탄,10:30:30,10:30:30,통과,경부선,월수금
화물,3956,상행,36,이원,10:35:30,10:35:30,통과,경부선,월수금
화물,3956,상행,37,옥천,10:42:30,10:42:30,통과,경부선,월수금
화물,3956,상행,38,세천,10:50:30,10:50:30,통과,경부선,월수금
화물,3956,상행,39,대전,10:58:30,11:05:30,승무원교대,경부선,월수금
화물,3956,상행,40,대전조,11:11:00,11:11:00,통과,경부선,월수금
화물,3956,상행,41,회덕,11:14:30,11:14:30,통과,경부선,월수금
화물,3956,상행,42,신탄진,11:19:30,11:19:30,통과,경부선,월수금
화물,3956,상행,43,매포,11:25:30,11:25:30,통과,경부선,월수금
화물,3956,상행,44,부강,11:29:00,11:29:00,통과,경부선,월수금
화물,3956,상행,45,내판,11:33:00,11:33:00,통과,경부선,월수금
화물,3956,상행,46,조치원,11:39:00,11:39:00,통과,경부선,월수금
화물,3956,상행,47,오송,11:45:00,11:45:00,통과,충북선,월수금
화물,3956,상행,48,청주,11:52:00,11:52:00,통과,충북선,월수금
화물,3956,상행,49,오근장,12:02:00,13:30:00,화물취급,충북선,월수금
화물,3956,상행,50,청주공,13:32:30,13:32:30,통과,충북선,월수금
화물,3956,상행,51,내수,13:36:30,13:36:30,통과,충북선,월수금
화물,3956,상행,52,증평,13:43:30,13:43:30,통과,충북선,월수금
화물,3956,상행,53,도안,13:48:30,13:48:30,통과,충북선,월수금
화물,3956,상행,54,보천,13:56:30,13:56:30,통과,충북선,월수금
화물,3956,상행,55,음성,14:04:00,14:04:00,통과,충북선,월수금
화물,3956,상행,56,소이,14:08:00,14:08:00,통과,충북선,월수금
화물,3956,상행,57,주덕,14:15:00,14:15:00,통과,충북선,월수금
화물,3956,상행,58,달천,14:21:00,14:21:00,통과,충북선,월수금
화물,3956,상행,59,충주,14:26:00,14:27:00,운전취급,충북선,월수금
화물,3956,상행,60,금가,14:37:00,14:37:00,종착,중부내륙선,월수금
근거리,R3956,상행,1,금가,15:22:00,15:22:00,시발,중부내륙선,월수금
근거리,R3956,상행,2,충주,15:32:00,15:52:00,화물취급,중부내륙선,월수금
근거리,R3956,상행,3,목행,15:58:30,15:58:30,통과,충북선,월수금
근거리,R3956,상행,4,동량,16:02:30,16:02:30,통과,충북선,월수금
근거리,R3956,상행,5,삼탄,16:09:30,16:09:30,통과,충북선,월수금
근거리,R3956,상행,6,공전,16:14:30,16:14:30,통과,충북선,월수금
근거리,R3956,상행,7,봉양,16:21:30,16:21:30,통과,충북선,월수금
근거리,R3956,상행,8,제천조,16:27:00,16:27:00,종착,중앙선,월수금
화물,3431,하행,5,홍성,20:47:30,20:47:30,통과,장항선,월화수목금
화물,3957,하행,2,화양,14:58:00,14:58:00,통과,장항선,화목토
화물,3957,하행,3,삽교,15:04:00,15:04:00,통과,장항선,화목토
화물,3957,하행,4,예산,15:11:00,15:11:00,통과,장항선,화목토
화물,3957,하행,5,신례원,15:15:30,15:15:30,통과,장항선,화목토
화물,3957,하행,6,도고온,15:19:30,15:19:30,통과,장항선,화목토
화물,3957,하행,7,신창,15:24:30,15:24:30,통과,장항선,화목토
화물,3957,하행,8,온양온,15:29:00,15:29:00,통과,장항선,화목토
화물,3957,하행,9,배방,15:33:30,15:33:30,통과,장항선,화목토
화물,3957,하행,10,탕정,15:36:30,15:36:30,통과,장항선,화목토
화물,3957,하행,11,아산,15:38:00,15:38:00,통과,장항선,화목토
화물,3957,하행,12,쌍용나,15:40:00,15:40:00,통과,장항선,화목토
화물,3957,하행,13,봉명,15:42:00,15:42:00,통과,장항선,화목토
화물,3957,하행,14,천안,15:45:00,16:25:30,동력차교체,장항선,화목토
화물,3957,하행,15,소정리,16:35:30,16:35:30,통과,경부선,화목토
화물,3957,하행,16,전의,16:41:30,16:41:30,통과,경부선,화목토
화물,3957,하행,17,전동,16:47:30,16:47:30,통과,경부선,화목토
화물,3957,하행,18,서창,16:50:30,16:50:30,통과,경부선,화목토
화물,3957,하행,19,조치원,16:53:00,16:53:00,통과,경부선,화목토
화물,3957,하행,20,내판,16:57:30,16:57:30,통과,경부선,화목토
화물,3957,하행,21,부강,17:01:30,17:01:30,통과,경부선,화목토
화물,3957,하행,22,매포,17:05:00,17:05:00,통과,경부선,화목토
화물,3957,하행,23,신탄진,17:11:00,17:11:00,통과,경부선,화목토
화물,3957,하행,24,회덕,17:16:00,17:16:00,통과,경부선,화목토
화물,3957,하행,25,대전조,17:19:30,17:19:30,통과,경부선,화목토
화물,3957,하행,26,대전,17:25:00,17:32:00,승무원교대,경부선,화목토
화물,3957,하행,27,세천,17:43:00,17:43:00,통과,경부선,화목토
화물,3957,하행,28,옥천,17:51:00,17:51:00,통과,경부선,화목토
화물,3957,하행,29,이원,17:58:00,17:58:00,통과,경부선,화목토
화물,3957,하행,30,지탄,18:03:00,18:03:00,통과,경부선,화목토
화물,3957,하행,31,심천,18:07:00,18:07:00,통과,경부선,화목토
화물,3957,하행,32,각계,18:10:00,18:10:00,통과,경부선,화목토
화물,3957,하행,33,영동,18:16:00,18:16:00,통과,경부선,화목토
화물,3957,하행,34,황간,18:29:00,18:29:00,통과,경부선,화목토
화물,3957,하행,35,추풍령,18:36:00,18:36:00,통과,경부선,화목토
화물,3957,하행,36,신암,18:40:30,18:40:30,통과,경부선,화목토
화물,3957,하행,37,직지사,18:45:00,18:45:00,통과,경부선,화목토
화물,3957,하행,38,김천,18:51:00,18:51:00,통과,경부선,화목토
화물,3957,하행,39,대신,18:59:00,18:59:00,통과,경부선,화목토
화물,3957,하행,40,아포,19:05:30,19:10:30,대피,경부선,화목토
화물,3957,하행,41,구미,19:18:00,19:18:00,통과,경부선,화목토
화물,3957,하행,42,사곡,19:22:00,19:22:00,통과,경부선,화목토
화물,3957,하행,43,약목,19:29:00,19:29:00,통과,경부선,화목토
화물,3957,하행,44,왜관,19:34:00,19:34:00,통과,경부선,화목토
화물,3957,하행,45,연화,19:39:00,19:39:00,통과,경부선,화목토
화물,3957,하행,46,신동,19:43:30,19:48:30,대피,경부선,화목토
화물,3957,하행,47,지천,19:57:30,20:07:30,대피,경부선,화목토
화물,3957,하행,48,서대구,20:13:30,20:13:30,통과,경부선,화목토
화물,3957,하행,49,대구,20:17:00,20:17:00,통과,경부선,화목토
화물,3957,하행,50,동대구,20:21:30,20:23:30,승무원교대,경부선,화목토
화물,3957,하행,51,고모,20:30:30,20:30:30,통과,경부선,화목토
화물,3957,하행,52,가천,20:32:30,20:55:30,화물취급,경부선,화목토
화물,3957,하행,53,금강,21:00:30,21:00:30,통과,대구선,화목토
화물,3957,하행,54,청천,21:04:00,21:04:00,통과,대구선,화목토
화물,3957,하행,55,하양,21:08:30,21:08:30,통과,대구선,화목토
화물,3957,하행,56,금호,21:12:30,21:12:30,통과,대구선,화목토
화물,3957,하행,57,북영분,21:17:30,21:17:30,통과,대구선,화목토
화물,3957,하행,58,영천,21:20:30,21:20:30,통과,대구선,화목토
화물,3957,하행,59,아화,21:36:00,21:46:00,대피,중앙선,화목토
화물,3957,하행,60,모량,21:58:00,21:58:00,통과,중앙선,화목토
화물,3957,하행,61,경주,22:02:00,22:02:00,통과,동해선,화목토
화물,3957,하행,62,외동,22:20:00,22:28:00,대피,동해선,화목토
화물,3957,하행,63,북울산,22:38:30,22:38:30,통과,동해선,화목토
화물,3957,하행,64,태화강,22:49:00,22:49:00,종착,동해선,화목토
화물,3958,상행,1,태화강,06:41:00,06:41:00,시발,동해선,화목토
화물,3958,상행,2,북울산,06:52:00,06:52:00,통과,동해선,화목토
화물,3958,상행,3,외동,07:02:30,07:02:30,통과,동해선,화목토
화물,3958,상행,4,경주,07:21:00,07:21:00,통과,동해선,화목토
화물,3958,상행,5,모량,07:25:30,07:25:30,통과,동해선,화목토
화물,3958,상행,6,아화,07:36:00,07:36:00,통과,중앙선,화목토
화물,3958,상행,7,영천,07:50:00,07:50:00,통과,중앙선,화목토
화물,3958,상행,8,북영분,07:53:00,07:53:00,통과,대구선,화목토
화물,3958,상행,9,금호,08:00:00,08:00:00,통과,대구선,화목토
화물,3958,상행,10,하양,08:04:00,08:04:00,통과,대구선,화목토
화물,3958,상행,11,청천,08:08:30,08:08:30,통과,대구선,화목토
화물,3958,상행,12,금강,08:12:00,08:12:00,통과,대구선,화목토
화물,3958,상행,13,가천,08:18:30,08:18:30,통과,대구선,화목토
화물,3958,상행,14,고모,08:21:30,08:21:30,통과,경부선,화목토
화물,3958,상행,15,동대구,08:26:30,08:30:00,승무원교대,경부선,화목토
화물,3958,상행,16,대구,08:35:00,08:35:00,통과,경부선,화목토
화물,3958,상행,17,서대구,08:38:30,08:38:30,통과,경부선,화목토
화물,3958,상행,18,지천,08:42:30,08:42:30,통과,경부선,화목토
화물,3958,상행,19,신동,08:48:30,08:48:30,통과,경부선,화목토
화물,3958,상행,20,연화,08:51:30,08:51:30,통과,경부선,화목토
화물,3958,상행,21,왜관,08:58:00,09:03:00,대피,경부선,화목토
화물,3958,상행,22,약목,09:09:30,09:09:30,통과,경부선,화목토
화물,3958,상행,23,사곡,09:16:30,09:16:30,통과,경부선,화목토
화물,3958,상행,24,구미,09:20:30,09:20:30,통과,경부선,화목토
화물,3958,상행,25,아포,09:26:30,09:26:30,통과,경부선,화목토
화물,3958,상행,26,대신,09:31:30,09:31:30,통과,경부선,화목토
화물,3958,상행,27,김천,09:39:30,09:39:30,통과,경부선,화목토
화물,3958,상행,28,직지사,09:46:30,09:46:30,통과,경부선,화목토
화물,3958,상행,29,신암,09:53:30,09:53:30,통과,경부선,화목토
화물,3958,상행,30,추풍령,10:00:30,10:00:30,통과,경부선,화목토
화물,3958,상행,31,황간,10:07:30,10:07:30,통과,경부선,화목토
화물,3958,상행,32,영동,10:17:30,10:17:30,통과,경부선,화목토
화물,3958,상행,33,각계,10:23:30,10:23:30,통과,경부선,화목토
화물,3958,상행,34,심천,10:26:30,10:26:30,통과,경부선,화목토
화물,3958,상행,35,지탄,10:30:30,10:30:30,통과,경부선,화목토
화물,3958,상행,36,이원,10:35:30,10:35:30,통과,경부선,화목토
화물,3958,상행,37,옥천,10:42:30,10:42:30,통과,경부선,화목토
화물,3958,상행,38,세천,10:50:30,10:50:30,통과,경부선,화목토
화물,3958,상행,39,대전,10:58:30,11:05:30,승무원교대,경부선,화목토
화물,3958,상행,40,대전조,11:11:00,11:11:00,통과,경부선,화목토
화물,3958,상행,41,회덕,11:14:30,11:14:30,통과,경부선,화목토
화물,3958,상행,42,신탄진,11:19:30,11:19:30,통과,경부선,화목토
화물,3958,상행,43,매포,11:25:30,11:25:30,통과,경부선,화목토
화물,3958,상행,44,부강,11:29:00,11:29:00,통과,경부선,화목토
화물,3958,상행,45,내판,11:33:00,11:33:00,통과,경부선,화목토
화물,3958,상행,46,조치원,11:37:30,11:37:30,통과,경부선,화목토
화물,3958,상행,47,서창,11:40:00,11:40:00,통과,경부선,화목토
화물,3958,상행,48,전동,11:44:30,11:52:30,대피,경부선,화목토
화물,3958,상행,49,전의,12:00:00,12:00:00,통과,경부선,화목토
화물,3958,상행,50,소정리,12:07:00,12:18:00,대피,경부선,화목토
화물,3958,상행,51,천안,12:30:00,13:08:00,동력차교체,경부선,화목토
화물,3958,상행,52,봉명,13:11:00,13:11:00,통과,장항선,화목토
화물,3958,상행,53,쌍용나,13:13:00,13:13:00,통과,장항선,화목토
화물,3958,상행,54,아산,13:15:00,13:15:00,통과,장항선,화목토
화물,3958,상행,55,탕정,13:16:30,13:16:30,통과,장항선,화목토
화물,3958,상행,56,배방,13:19:30,13:19:30,통과,장항선,화목토
화물,3958,상행,57,온양온,13:24:00,13:24:00,통과,장항선,화목토
화물,3958,상행,58,신창,13:28:30,13:28:30,통과,장항선,화목토
화물,3958,상행,59,도고온,13:33:30,13:33:30,통과,장항선,화목토
화물,3958,상행,60,신례원,13:37:30,13:37:30,통과,장항선,화목토
화물,3958,상행,61,예산,13:42:00,13:42:00,통과,장항선,화목토
화물,3958,상행,62,삽교,13:48:30,13:48:30,통과,장항선,화목토
화물,3958,상행,63,화양,13:54:00,13:54:00,통과,장항선,화목토
화물,3438,상행,42,홍성,22:10:30,22:10:30,통과,장항선,월화수목금
화물,3961,하행,1,나주,07:59:00,07:59:00,시발,호남선,월화수목금토
화물,3961,하행,2,노안,08:06:00,08:06:00,통과,호남선,월화수목금토
화물,3961,하행,3,광주송,08:13:00,08:13:00,통과,호남선,월화수목금토
화물,3961,하행,4,북송정,08:14:30,08:14:30,통과,호남선,월화수목금토
화물,3961,하행,5,하남,08:16:30,08:16:30,통과,호남선,월화수목금토
화물,3961,하행,6,임곡,08:21:30,08:21:30,통과,호남선,월화수목금토
화물,3961,하행,7,장성,08:30:00,08:30:00,통과,호남선,월화수목금토
화물,3961,하행,8,안평,08:33:00,08:33:00,통과,호남선,월화수목금토
화물,3961,하행,9,백양사,08:42:00,08:42:00,통과,호남선,월화수목금토
화물,3961,하행,10,노령,08:47:30,08:47:30,통과,호남선,월화수목금토
화물,3961,하행,11,천원,08:52:30,08:57:30,대피,호남선,월화수목금토
화물,3961,하행,12,정읍,09:03:30,09:03:30,통과,호남선,월화수목금토
화물,3961,하행,13,초강,09:09:30,09:09:30,통과,호남선,월화수목금토
화물,3961,하행,14,신태인,09:14:00,09:14:00,통과,호남선,월화수목금토
화물,3961,하행,15,감곡,09:18:30,09:18:30,통과,호남선,월화수목금토
화물,3961,하행,16,김제,09:24:00,09:24:00,통과,호남선,월화수목금토
화물,3961,하행,17,와룡,09:29:30,09:29:30,통과,호남선,월화수목금토
화물,3961,하행,18,부용,09:32:00,09:32:00,통과,호남선,월화수목금토
화물,3961,하행,19,익산분,09:36:30,09:36:30,통과,호남선,월화수목금토
화물,3961,하행,20,익산,09:40:00,10:18:00,승무원교대,호남선,월화수목금토
화물,3961,하행,21,동익산,10:21:30,10:21:30,통과,전라선,월화수목금토
화물,3961,하행,22,삼례,10:30:30,10:30:30,통과,전라선,월화수목금토
화물,3961,하행,23,동산,10:35:30,10:56:30,화물취급,전라선,월화수목금토
화물,3961,하행,24,전주,11:04:30,11:04:30,통과,전라선,월화수목금토
화물,3961,하행,25,신리,11:12:00,11:12:00,통과,전라선,월화수목금토
화물,3961,하행,26,죽림온,11:16:30,11:16:30,통과,전라선,월화수목금토
화물,3961,하행,27,관촌,11:24:00,11:24:00,통과,전라선,월화수목금토
화물,3961,하행,28,임실,11:27:30,11:27:30,통과,전라선,월화수목금토
화물,3961,하행,29,봉천,11:32:30,11:32:30,통과,전라선,월화수목금토
화물,3961,하행,30,오수,11:36:00,11:36:00,통과,전라선,월화수목금토
화물,3961,하행,31,서도,11:42:30,11:47:30,대피,전라선,월화수목금토
화물,3961,하행,32,산성,11:54:00,11:54:00,통과,전라선,월화수목금토
화물,3961,하행,33,남원,11:57:00,11:57:00,통과,전라선,월화수목금토
화물,3961,하행,34,주생,12:02:00,12:02:00,통과,전라선,월화수목금토
화물,3961,하행,35,옹정,12:04:30,12:04:30,통과,전라선,월화수목금토
화물,3961,하행,36,금지,12:08:30,12:14:30,대피,전라선,월화수목금토
화물,3961,하행,37,곡성,12:21:00,12:21:00,통과,전라선,월화수목금토
화물,3961,하행,38,압록,12:30:30,12:30:30,통과,전라선,월화수목금토
화물,3961,하행,39,구례구,12:38:30,12:38:30,통과,전라선,월화수목금토
화물,3961,하행,40,봉덕,12:41:30,12:41:30,통과,전라선,월화수목금토
화물,3961,하행,41,괴목,12:46:00,12:46:00,통과,전라선,월화수목금토
화물,3961,하행,42,개운,12:52:30,12:52:30,통과,전라선,월화수목금토
화물,3961,하행,43,동운,12:55:30,12:55:30,통과,전라선,월화수목금토
화물,3961,하행,44,순천,13:03:30,13:44:00,승무원교대,전라선,월화수목금토
화물,3961,하행,45,성산,13:50:00,13:50:00,통과,전라선,월화수목금토
화물,3961,하행,46,율촌,13:56:00,13:56:00,통과,전라선,월화수목금토
화물,3961,하행,47,덕양,14:04:00,14:04:00,통과,전라선,월화수목금토
화물,3961,하행,48,흥국사,14:12:00,14:12:00,종착,여천선,월화수목금토
근거리,Y3961,하행,1,광주,06:19:00,06:19:00,시발,광주선,월화수목금토
근거리,Y3961,하행,2,극락강,06:26:00,06:26:00,통과,광주선,월화수목금토
근거리,Y3961,하행,3,동송정,06:31:00,06:31:00,통과,광주선,월화수목금토
근거리,Y3961,하행,4,북송분,06:32:30,06:32:30,통과,경전선,월화수목금토
근거리,Y3961,하행,5,광주송,06:35:00,06:35:00,통과,경전선,월화수목금토
근거리,Y3961,하행,6,노안,06:41:30,06:41:30,통과,호남선,월화수목금토
근거리,Y3961,하행,7,나주,06:47:00,06:47:00,종착,호남선,월화수목금토
화물,3962,상행,1,흥국사,10:32:00,10:32:00,시발,여천선,월화수목금토
화물,3962,상행,2,덕양,10:40:00,10:40:00,통과,여천선,월화수목금토
화물,3962,상행,3,율촌,10:47:00,10:47:00,통과,전라선,월화수목금토
화물,3962,상행,4,성산,10:52:00,10:52:00,통과,전라선,월화수목금토
화물,3962,상행,5,순천,10:57:00,11:09:00,승무원교대,전라선,월화수목금토
화물,3962,상행,6,동운,11:17:00,11:17:00,통과,전라선,월화수목금토
화물,3962,상행,7,개운,11:20:00,11:20:00,통과,전라선,월화수목금토
화물,3962,상행,8,괴목,11:26:30,11:26:30,통과,전라선,월화수목금토
화물,3962,상행,9,봉덕,11:31:00,11:31:00,통과,전라선,월화수목금토
화물,3962,상행,10,구례구,11:34:00,11:34:00,통과,전라선,월화수목금토
화물,3962,상행,11,압록,11:41:30,11:41:30,통과,전라선,월화수목금토
화물,3962,상행,12,곡성,11:52:30,11:59:30,대피,전라선,월화수목금토
화물,3962,상행,13,금지,12:06:00,12:06:00,통과,전라선,월화수목금토
화물,3962,상행,14,옹정,12:08:30,12:08:30,통과,전라선,월화수목금토
화물,3962,상행,15,주생,12:11:00,12:11:00,통과,전라선,월화수목금토
화물,3962,상행,16,남원,12:16:00,12:16:00,통과,전라선,월화수목금토
화물,3962,상행,17,산성,12:19:00,12:19:00,통과,전라선,월화수목금토
화물,3962,상행,18,서도,12:24:00,12:24:00,통과,전라선,월화수목금토
화물,3962,상행,19,오수,12:29:00,12:29:00,통과,전라선,월화수목금토
화물,3962,상행,20,봉천,12:32:30,12:32:30,통과,전라선,월화수목금토
화물,3962,상행,21,임실,12:37:30,12:37:30,통과,전라선,월화수목금토
화물,3962,상행,22,관촌,12:41:00,12:41:00,통과,전라선,월화수목금토
화물,3962,상행,23,죽림온,12:48:30,12:48:30,통과,전라선,월화수목금토
화물,3962,상행,24,신리,12:53:00,12:53:00,통과,전라선,월화수목금토
화물,3962,상행,25,전주,13:00:30,13:00:30,통과,전라선,월화수목금토
화물,3962,상행,26,동산,13:07:00,13:07:00,통과,전라선,월화수목금토
화물,3962,상행,27,삼례,13:10:30,13:10:30,통과,전라선,월화수목금토
화물,3962,상행,28,동익산,13:19:30,13:19:30,통과,전라선,월화수목금토
화물,3962,상행,29,익산,13:23:00,14:11:00,승무원교대,전라선,월화수목금토
화물,3962,상행,30,익산분,14:16:00,14:16:00,통과,호남선,월화수목금토
화물,3962,상행,31,부용,14:20:30,14:20:30,통과,호남선,월화수목금토
화물,3962,상행,32,와룡,14:23:00,14:23:00,통과,호남선,월화수목금토
화물,3962,상행,33,김제,14:28:30,14:28:30,통과,호남선,월화수목금토
화물,3962,상행,34,감곡,14:34:00,14:34:00,통과,호남선,월화수목금토
화물,3962,상행,35,신태인,14:38:30,14:38:30,통과,호남선,월화수목금토
화물,3962,상행,36,초강,14:43:00,14:43:00,통과,호남선,월화수목금토
화물,3962,상행,37,정읍,14:49:00,14:49:00,통과,호남선,월화수목금토
화물,3962,상행,38,천원,14:53:30,14:53:30,통과,호남선,월화수목금토
화물,3962,상행,39,노령,14:57:00,14:57:00,통과,호남선,월화수목금토
화물,3962,상행,40,백양사,15:02:30,15:02:30,통과,호남선,월화수목금토
화물,3962,상행,41,안평,15:11:30,15:11:30,통과,호남선,월화수목금토
화물,3962,상행,42,장성,15:14:30,15:14:30,통과,호남선,월화수목금토
화물,3962,상행,43,임곡,15:23:00,15:23:00,통과,호남선,월화수목금토
화물,3962,상행,44,하남,15:28:00,15:28:00,통과,호남선,월화수목금토
화물,3962,상행,45,북송정,15:30:00,15:30:00,통과,호남선,월화수목금토
화물,3962,상행,46,광주송,15:31:30,15:31:30,통과,호남선,월화수목금토
화물,3962,상행,47,노안,15:38:30,15:38:30,통과,호남선,월화수목금토
화물,3962,상행,48,나주,15:45:00,15:45:00,종착,호남선,월화수목금토
근거리,R3962,상행,1,나주,16:28:00,16:28:00,시발,호남선,월화수목금토
근거리,R3962,상행,2,노안,16:35:00,16:35:00,통과,호남선,월화수목금토
근거리,R3962,상행,3,광주송,16:42:00,16:42:00,통과,호남선,월화수목금토
근거리,R3962,상행,4,북송분,16:43:00,16:43:00,통과,경전선,월화수목금토
근거리,R3962,상행,5,동송정,16:44:00,16:44:00,통과,경전선,월화수목금토
근거리,R3962,상행,6,극락강,16:49:00,16:50:00,운전취급,광주선,월화수목금토
근거리,R3962,상행,7,광주,16:57:00,16:57:00,종착,광주선,월화수목금토
화물,3965,하행,1,철암,17:53:00,17:53:00,시발,영동선,매일
화물,3965,하행,2,동점,18:00:00,18:00:00,통과,영동선,매일
화물,3965,하행,3,석포,18:11:30,18:41:30,화물취급,영동선,매일
화물,3965,하행,4,승부,18:51:30,18:51:30,통과,영동선,매일
화물,3965,하행,5,양원,18:56:30,18:56:30,통과,영동선,매일
화물,3965,하행,6,비동,18:59:00,18:59:00,통과,영동선,매일
화물,3965,하행,7,분천,19:04:30,19:04:30,통과,영동선,매일
화물,3965,하행,8,현동,19:13:00,19:13:00,통과,영동선,매일
화물,3965,하행,9,임기,19:19:30,19:19:30,통과,영동선,매일
화물,3965,하행,10,녹동,19:26:00,19:26:00,통과,영동선,매일
화물,3965,하행,11,춘양,19:32:30,19:35:30,교행,영동선,매일
화물,3965,하행,12,법전,19:42:00,19:42:00,통과,영동선,매일
화물,3965,하행,13,봉성,19:51:00,20:03:00,교행,영동선,매일
화물,3965,하행,14,거촌,20:10:00,20:10:00,통과,영동선,매일
화물,3965,하행,15,봉화,20:17:00,20:17:00,통과,영동선,매일
화물,3965,하행,16,문단,20:24:30,20:24:30,통과,영동선,매일
화물,3965,하행,17,북주분,20:34:00,20:34:00,통과,영동선,매일
화물,3965,하행,18,영주,20:37:00,06:09:00,동력차교체,영동선,매일
화물,3965,하행,19,옹천,06:27:30,06:27:30,통과,중앙선,매일
화물,3965,하행,20,안동,06:39:00,06:39:00,통과,중앙선,매일
화물,3965,하행,21,의성,07:01:00,07:01:00,통과,중앙선,매일
화물,3965,하행,22,군위,07:21:00,07:21:00,통과,중앙선,매일
화물,3965,하행,23,북영천,07:45:00,07:45:00,통과,중앙선,매일
화물,3965,하행,24,영천,07:47:30,07:47:30,통과,중앙선,매일
화물,3965,하행,25,아화,08:01:00,08:01:00,통과,중앙선,매일
화물,3965,하행,26,모량,08:11:00,08:11:00,통과,중앙선,매일
화물,3965,하행,27,경주,08:15:00,08:15:00,통과,동해선,매일
화물,3965,하행,28,외동,08:33:00,08:33:00,통과,동해선,매일
화물,3965,하행,29,북울산,08:43:30,08:43:30,통과,동해선,매일
화물,3965,하행,30,태화강,08:54:00,09:02:00,승무원교대,동해선,매일
화물,3965,하행,31,개운포,09:08:30,09:08:30,통과,동해선,매일
화물,3965,하행,32,덕하,09:11:00,09:11:00,통과,동해선,매일
화물,3965,하행,33,망양,09:15:00,09:15:00,통과,동해선,매일
화물,3965,하행,34,남창,09:21:00,09:21:00,통과,동해선,매일
화물,3965,하행,35,온산,09:32:00,09:32:00,종착,온산선,매일
화물,3966,상행,1,온산,17:12:00,17:12:00,시발,온산선,매일
화물,3966,상행,2,남창,17:23:00,17:23:00,통과,온산선,매일
화물,3966,상행,3,망양,17:29:00,17:29:00,통과,동해선,매일
화물,3966,상행,4,덕하,17:33:30,17:33:30,통과,동해선,매일
화물,3966,상행,5,개운포,17:36:00,17:36:00,통과,동해선,매일
화물,3966,상행,6,태화강,17:42:30,18:12:30,승무원교대,동해선,매일
화물,3966,상행,7,북울산,18:23:00,18:23:00,통과,동해선,매일
화물,3966,상행,8,외동,18:33:30,18:33:30,통과,동해선,매일
화물,3966,상행,9,경주,18:51:30,18:51:30,통과,동해선,매일
화물,3966,상행,10,모량,18:55:30,18:55:30,통과,동해선,매일
화물,3966,상행,11,아화,19:05:30,19:05:30,통과,중앙선,매일
화물,3966,상행,12,영천,19:19:00,19:19:00,통과,중앙선,매일
화물,3966,상행,13,북영천,19:21:30,19:21:30,통과,중앙선,매일
화물,3966,상행,14,군위,19:45:30,19:45:30,통과,중앙선,매일
화물,3966,상행,15,의성,20:05:30,20:05:30,통과,중앙선,매일
화물,3966,상행,16,안동,20:27:30,20:27:30,통과,중앙선,매일
화물,3966,상행,17,옹천,20:39:00,20:39:00,통과,중앙선,매일
화물,3966,상행,18,영주,20:56:30,22:20:00,동력차교체,중앙선,매일
화물,3966,상행,19,북주분,22:23:00,22:23:00,통과,영동선,매일
화물,3966,상행,20,문단,22:32:00,22:32:00,통과,영동선,매일
화물,3966,상행,21,봉화,22:39:30,22:39:30,통과,영동선,매일
화물,3966,상행,22,거촌,22:46:30,22:46:30,통과,영동선,매일
화물,3966,상행,23,봉성,22:53:30,22:53:30,통과,영동선,매일
화물,3966,상행,24,법전,23:02:30,23:02:30,통과,영동선,매일
화물,3966,상행,25,춘양,23:09:00,23:09:00,통과,영동선,매일
화물,3966,상행,26,녹동,23:15:30,23:15:30,통과,영동선,매일
화물,3966,상행,27,임기,23:22:00,23:22:00,통과,영동선,매일
화물,3966,상행,28,현동,23:28:30,23:28:30,통과,영동선,매일
화물,3966,상행,29,분천,23:37:00,23:37:00,통과,영동선,매일
화물,3966,상행,30,비동,23:42:30,23:42:30,통과,영동선,매일
화물,3966,상행,31,양원,23:45:00,23:45:00,통과,영동선,매일
화물,3966,상행,32,승부,23:50:00,23:50:00,통과,영동선,매일
화물,3966,상행,33,석포,00:01:00,00:21:00,화물취급,영동선,매일
화물,3966,상행,34,동점,00:32:00,00:32:00,통과,영동선,매일
화물,3966,상행,35,철암,00:39:00,00:39:00,종착,영동선,매일
근거리,Y3966,하행,1,태화강,15:42:00,15:42:00,시발,동해선,매일
근거리,Y3966,하행,2,개운포,15:48:00,15:48:00,통과,동해선,매일
근거리,Y3966,하행,3,덕하,15:50:30,15:50:30,통과,동해선,매일
근거리,Y3966,하행,4,망양,15:54:30,15:54:30,통과,동해선,매일
근거리,Y3966,하행,5,남창,15:59:00,15:59:00,통과,동해선,매일
근거리,Y3966,하행,6,온산,16:10:00,16:10:00,종착,온산선,매일
근거리,6101,하행,1,의왕,11:11:00,11:11:00,시발,남부화물기,월화수목금
근거리,6101,하행,2,오봉,11:19:00,11:49:00,화물취급,남부화물기,월화수목금
근거리,6101,하행,3,의왕,11:57:00,11:58:00,승무원교대,남부화물기,월화수목금
근거리,6101,하행,4,성균관,12:01:00,12:01:00,통과,경부2선,월화수목금
근거리,6101,하행,5,화서,12:04:00,12:04:00,통과,경부2선,월화수목금
근거리,6101,하행,6,수원,12:08:00,12:08:00,종착,경부2선,월화수목금
근거리,6102,상행,1,수원,13:14:00,13:14:00,시발,경부2선,월화수목금
근거리,6102,상행,2,화서,13:17:00,13:17:00,통과,경부2선,월화수목금
근거리,6102,상행,3,성균관,13:19:00,13:19:00,통과,경부2선,월화수목금
근거리,6102,상행,4,의왕,13:24:00,13:24:00,종착,경부2선,월화수목금
근거리,Y6106,상행,1,의왕,07:30:00,07:30:00,시발,경부선,화수목금토
근거리,Y6106,상행,2,오봉,07:35:00,07:35:00,종착,남부화물기,화수목금토
근거리,J6107,하행,1,오봉,21:39:00,21:39:00,시발,남부화물기,토
근거리,J6107,하행,2,의왕,21:44:00,21:44:00,종착,남부화물기,토
근거리,Y6107,하행,1,의왕,06:15:00,06:15:00,시발,경부선,매일
근거리,Y6107,하행,2,오봉,06:20:00,06:20:00,종착,남부화물기,매일
근거리,6109,하행,1,수색,15:00:00,15:00:00,시발,경의선,화
근거리,6109,하행,2,항공대,15:05:00,15:05:00,통과,경의선,화
근거리,6109,하행,3,고양기,15:10:00,15:10:00,종착,고양기지선,화
근거리,6110,상행,1,고양기,16:10:00,16:10:00,시발,고양기지선,화
근거리,6110,상행,2,항공대,16:15:00,16:15:00,통과,고양기지선,화
근거리,6110,상행,3,수색,16:20:00,16:20:00,종착,경의선,화
근거리,6121,하행,1,국수,10:31:00,10:31:00,시발,중앙선,월화수목금
근거리,6121,하행,2,신원,10:34:30,10:34:30,통과,중앙선,월화수목금
근거리,6121,하행,3,양수,10:39:00,10:39:00,통과,중앙선,월화수목금
근거리,6121,하행,4,운길산,10:41:00,10:41:00,통과,중앙선,월화수목금
근거리,6121,하행,5,팔당,10:45:30,10:45:30,통과,중앙선,월화수목금
근거리,6121,하행,6,도심,10:51:00,10:51:00,통과,중앙선,월화수목금
근거리,6121,하행,7,덕소,10:53:00,10:53:00,통과,중앙선,월화수목금
근거리,6121,하행,8,1양정,10:56:00,10:56:00,통과,중앙선,월화수목금
근거리,6121,하행,9,도농,10:59:00,10:59:00,통과,중앙선,월화수목금
근거리,6121,하행,10,구리,11:01:00,11:01:00,통과,중앙선,월화수목금
근거리,6121,하행,11,1양원,11:05:00,11:05:00,통과,중앙선,월화수목금
근거리,6121,하행,12,망우,11:08:00,11:08:00,통과,중앙선,월화수목금
근거리,6121,하행,13,상봉,11:10:00,11:10:00,통과,망우선,월화수목금
근거리,6121,하행,14,광운대,11:20:00,11:26:00,운전취급,망우선,월화수목금
근거리,6121,하행,15,월계,11:28:00,11:28:00,통과,경원선,월화수목금
근거리,6121,하행,16,녹천,11:30:00,11:30:00,통과,경원선,월화수목금
근거리,6121,하행,17,창동,11:32:00,11:32:00,통과,경원선,월화수목금
근거리,6121,하행,18,방학,11:35:00,11:35:00,통과,경원선,월화수목금
근거리,6121,하행,19,도봉,11:37:00,11:37:00,통과,경원선,월화수목금
근거리,6121,하행,20,도봉산,11:39:00,11:39:00,통과,경원선,월화수목금
근거리,6121,하행,21,망월사,11:42:00,11:42:00,통과,경원선,월화수목금
근거리,6121,하행,22,회룡,11:44:00,11:44:00,통과,경원선,월화수목금
근거리,6121,하행,23,의정부,11:47:00,12:07:30,화물취급,경원선,월화수목금
근거리,6121,하행,24,가능,12:10:30,12:10:30,통과,경원선,월화수목금
근거리,6121,하행,25,녹양,12:12:00,12:12:00,통과,경원선,월화수목금
근거리,6121,하행,26,양주,12:14:00,12:14:00,통과,경원선,월화수목금
근거리,6121,하행,27,마전,12:16:00,12:36:00,화물취급,경원선,월화수목금
근거리,6121,하행,28,덕계,12:39:00,12:39:00,통과,경원선,월화수목금
근거리,6121,하행,29,덕정,12:42:30,13:14:00,화물취급,경원선,월화수목금
근거리,6121,하행,30,지행,13:19:00,13:19:00,통과,경원선,월화수목금
근거리,6121,하행,31,동두중,13:21:00,13:21:00,통과,경원선,월화수목금
근거리,6121,하행,32,보산,13:23:00,13:23:00,통과,경원선,월화수목금
근거리,6121,하행,33,동두천,13:26:00,13:26:00,종착,경원선,월화수목금
근거리,6122,상행,1,동두천,14:37:00,14:37:00,시발,경원선,월화수목금
근거리,6122,상행,2,보산,14:40:00,14:40:00,통과,경원선,월화수목금
근거리,6122,상행,3,동두중,14:42:00,14:42:00,통과,경원선,월화수목금
근거리,6122,상행,4,지행,14:44:00,14:44:00,통과,경원선,월화수목금
근거리,6122,상행,5,덕정,14:49:00,14:49:00,통과,경원선,월화수목금
근거리,6122,상행,6,덕계,14:52:00,14:52:00,통과,경원선,월화수목금
근거리,6122,상행,7,마전,14:54:30,15:14:30,화물취급,경원선,월화수목금
근거리,6122,상행,8,양주,15:16:30,15:16:30,통과,경원선,월화수목금
근거리,6122,상행,9,녹양,15:18:30,15:18:30,통과,경원선,월화수목금
근거리,6122,상행,10,가능,15:20:00,15:20:00,통과,경원선,월화수목금
근거리,6122,상행,11,의정부,15:23:00,16:00:00,화물취급,경원선,월화수목금
근거리,6122,상행,12,회룡,16:03:30,16:03:30,통과,경원선,월화수목금
근거리,6122,상행,13,망월사,16:06:00,16:06:00,통과,경원선,월화수목금
근거리,6122,상행,14,도봉산,16:09:00,16:09:00,통과,경원선,월화수목금
근거리,6122,상행,15,도봉,16:10:30,16:10:30,통과,경원선,월화수목금
근거리,6122,상행,16,방학,16:12:00,16:12:00,통과,경원선,월화수목금
근거리,6122,상행,17,창동,16:14:00,16:14:00,통과,경원선,월화수목금
근거리,6122,상행,18,녹천,16:15:30,16:15:30,통과,경원선,월화수목금
근거리,6122,상행,19,월계,16:18:00,16:18:00,통과,경원선,월화수목금
근거리,6122,상행,20,광운대,16:20:00,16:44:00,화물취급,경원선,월화수목금
근거리,6122,상행,21,상봉,16:54:00,16:54:00,통과,망우선,월화수목금
근거리,6122,상행,22,망우,16:57:00,16:57:00,통과,망우선,월화수목금
근거리,6122,상행,23,1양원,17:00:00,17:00:00,통과,중앙선,월화수목금
근거리,6122,상행,24,구리,17:04:00,17:04:00,통과,중앙선,월화수목금
근거리,6122,상행,25,도농,17:06:30,17:06:30,통과,중앙선,월화수목금
근거리,6122,상행,26,1양정,17:11:00,17:11:00,통과,중앙선,월화수목금
근거리,6122,상행,27,덕소,17:14:00,17:14:00,통과,중앙선,월화수목금
근거리,6122,상행,28,도심,17:16:00,17:16:00,통과,중앙선,월화수목금
근거리,6122,상행,29,팔당,17:21:30,17:26:30,대피,중앙선,월화수목금
근거리,6122,상행,30,운길산,17:31:30,17:31:30,통과,중앙선,월화수목금
근거리,6122,상행,31,양수,17:33:30,17:33:30,통과,중앙선,월화수목금
근거리,6122,상행,32,신원,17:39:00,17:39:00,통과,중앙선,월화수목금
근거리,6122,상행,33,국수,17:43:00,17:43:00,종착,중앙선,월화수목금
근거리,6127,하행,1,청량리,08:53:00,08:53:00,시발,경원선,월화
근거리,6127,하행,2,회기,08:56:30,08:56:30,통과,경원선,월화
근거리,6127,하행,3,외대앞,08:58:30,08:58:30,통과,경원선,월화
근거리,6127,하행,4,신이문,09:00:00,09:00:00,통과,경원선,월화
근거리,6127,하행,5,석계,09:03:00,09:03:00,통과,경원선,월화
근거리,6127,하행,6,광운대,09:06:00,09:44:00,운전취급,경원선,월화
근거리,6127,하행,7,상봉,09:54:00,09:54:00,통과,망우선,월화
근거리,6127,하행,8,망우,09:56:00,09:56:00,통과,망우선,월화
근거리,6127,하행,9,신내,09:59:00,09:59:00,통과,경춘선,월화
근거리,6127,하행,10,갈매,10:02:00,10:02:00,통과,경춘선,월화
근거리,6127,하행,11,별내,10:04:00,10:04:00,통과,경춘선,월화
근거리,6127,하행,12,퇴계원,10:07:00,11:03:00,화물취급,경춘선,월화
근거리,6127,하행,13,사릉,11:09:00,11:09:00,통과,경춘선,월화
근거리,6127,하행,14,금곡,11:14:00,11:14:00,통과,경춘선,월화
근거리,6127,하행,15,평내호,11:21:00,11:21:00,통과,경춘선,월화
근거리,6127,하행,16,천마산,11:26:00,11:26:00,통과,경춘선,월화
근거리,6127,하행,17,마석,11:28:30,11:28:30,통과,경춘선,월화
근거리,6127,하행,18,대성리,11:36:00,11:36:00,통과,경춘선,월화
근거리,6127,하행,19,청평,11:42:00,11:42:00,통과,경춘선,월화
근거리,6127,하행,20,상천,11:47:00,11:47:00,통과,경춘선,월화
근거리,6127,하행,21,가평,11:54:00,12:00:00,대피,경춘선,월화
근거리,6127,하행,22,굴봉산,12:06:00,12:06:00,통과,경춘선,월화
근거리,6127,하행,23,백양리,12:10:00,12:10:00,통과,경춘선,월화
근거리,6127,하행,24,강촌,12:14:00,12:14:00,통과,경춘선,월화
근거리,6127,하행,25,김유정,12:20:00,13:00:00,화물취급,경춘선,월화
근거리,6127,하행,26,남춘천,13:06:00,13:06:00,통과,경춘선,월화
근거리,6127,하행,27,춘천,13:11:00,13:11:00,종착,경춘선,월화
근거리,6128,상행,1,춘천,14:15:00,14:15:00,시발,경춘선,월화
근거리,6128,상행,2,남춘천,14:19:30,14:19:30,통과,경춘선,월화
근거리,6128,상행,3,김유정,14:25:00,15:08:00,화물취급,경춘선,월화
근거리,6128,상행,4,강촌,15:16:00,15:16:00,통과,경춘선,월화
근거리,6128,상행,5,백양리,15:20:00,15:20:00,통과,경춘선,월화
근거리,6128,상행,6,굴봉산,15:23:00,15:23:00,통과,경춘선,월화
근거리,6128,상행,7,가평,15:28:00,15:28:00,통과,경춘선,월화
근거리,6128,상행,8,상천,15:35:30,15:35:30,통과,경춘선,월화
근거리,6128,상행,9,청평,15:41:00,15:41:00,통과,경춘선,월화
근거리,6128,상행,10,대성리,15:47:00,15:47:00,통과,경춘선,월화
근거리,6128,상행,11,마석,15:55:00,15:55:00,통과,경춘선,월화
근거리,6128,상행,12,천마산,15:58:00,15:58:00,통과,경춘선,월화
근거리,6128,상행,13,평내호,16:03:00,16:08:00,대피,경춘선,월화
근거리,6128,상행,14,금곡,16:14:00,16:14:00,통과,경춘선,월화
근거리,6128,상행,15,사릉,16:18:00,16:18:00,통과,경춘선,월화
근거리,6128,상행,16,퇴계원,16:23:00,17:08:00,화물취급,경춘선,월화
근거리,6128,상행,17,별내,17:11:30,17:11:30,통과,경춘선,월화
근거리,6128,상행,18,갈매,17:14:00,17:14:00,통과,경춘선,월화
근거리,6128,상행,19,신내,17:17:00,17:17:00,통과,경춘선,월화
근거리,6128,상행,20,망우,17:20:00,17:20:00,통과,경춘선,월화
근거리,6128,상행,21,상봉,17:22:00,17:22:00,통과,망우선,월화
근거리,6128,상행,22,광운대,17:32:00,18:01:00,운전취급,망우선,월화
근거리,6128,상행,23,석계,18:04:00,18:04:00,통과,경원선,월화
근거리,6128,상행,24,신이문,18:06:00,18:06:00,통과,경원선,월화
근거리,6128,상행,25,외대앞,18:08:30,18:08:30,통과,경원선,월화
근거리,6128,상행,26,회기,18:11:00,18:11:00,통과,경원선,월화
근거리,6128,상행,27,청량리,18:14:00,18:14:00,종착,경원선,월화
근거리,6131,하행,1,의왕,14:00:00,14:00:00,시발,경부2선,매일
근거리,6131,하행,2,오봉,14:04:00,14:04:00,종착,남부화물기,매일
근거리,6132,상행,1,오봉,14:29:00,14:29:00,시발,남부화물기,매일
근거리,6132,상행,2,의왕,14:33:00,14:33:00,종착,남부화물기,매일
근거리,6133,하행,1,의왕,14:54:00,14:54:00,시발,경부선,매일
근거리,6133,하행,2,오봉,14:58:00,14:58:00,종착,남부화물기,매일
근거리,6134,상행,1,오봉,15:19:00,15:19:00,시발,남부화물기,매일
근거리,6134,상행,2,의왕,15:24:00,15:24:00,종착,남부화물기,매일
근거리,6141,하행,1,수색,09:50:00,09:50:00,시발,경의선,월화수목금
근거리,6141,하행,2,디엠시,09:52:00,09:52:00,통과,경의선,월화수목금
근거리,6141,하행,3,가좌,09:54:00,09:54:00,통과,경의선,월화수목금
근거리,6141,하행,4,신촌,09:57:30,09:57:30,통과,경의선,월화수목금
근거리,6141,하행,5,서울,10:03:00,10:03:00,통과,경의선,월화수목금
근거리,6141,하행,6,용산,10:07:30,10:07:30,통과,경부선,월화수목금
근거리,6141,하행,7,노량진,10:10:00,10:10:00,통과,경부선,월화수목금
근거리,6141,하행,8,영등포,10:13:30,10:16:30,대피,경부선,월화수목금
근거리,6141,하행,9,금천구,10:23:30,10:23:30,통과,경부선,월화수목금
근거리,6141,하행,10,안양,10:28:30,10:28:30,통과,경부선,월화수목금
근거리,6141,하행,11,군포,10:33:00,10:33:00,통과,경부선,월화수목금
근거리,6141,하행,12,의왕,10:36:00,10:56:00,화물취급,경부선,월화수목금
근거리,6141,하행,13,오봉,11:03:00,11:19:00,화물취급,남부화물기,월화수목금
근거리,6141,하행,14,의왕,11:26:00,11:26:00,종착,남부화물기,월화수목금
근거리,6142,상행,1,의왕,12:11:00,12:11:00,시발,경부선,월화수목금
근거리,6142,상행,2,군포,12:14:00,12:14:00,통과,경부선,월화수목금
근거리,6142,상행,3,안양,12:18:00,12:18:00,통과,경부선,월화수목금
근거리,6142,상행,4,금천구,12:22:30,12:22:30,통과,경부선,월화수목금
근거리,6142,상행,5,영등포,12:28:30,12:28:30,통과,경부선,월화수목금
근거리,6142,상행,6,노량진,12:32:00,12:32:00,통과,경부선,월화수목금
근거리,6142,상행,7,용산,12:35:30,12:35:30,통과,경부선,월화수목금
근거리,6142,상행,8,서울,12:40:00,12:50:00,운전취급,경부선,월화수목금
근거리,6142,상행,9,신촌,12:55:00,12:55:00,통과,경의선,월화수목금
근거리,6142,상행,10,가좌,12:58:00,12:58:00,통과,경의선,월화수목금
근거리,6142,상행,11,디엠시,13:01:00,13:01:00,통과,경의선,월화수목금
근거리,6142,상행,12,수색,13:05:00,13:05:00,종착,경의선,월화수목금
근거리,6144,상행,1,안중,10:00:00,10:00:00,시발,서해남부선,월화수목금토
근거리,6144,상행,2,향남,10:20:00,10:20:00,통과,서해남부선,월화수목금토
근거리,6144,상행,3,화성시,10:31:00,10:31:00,통과,서해남부선,월화수목금토
근거리,6144,상행,4,서화성,10:40:00,10:40:00,종착,서해남부선,월화수목금토
근거리,6145,하행,1,서화성,11:50:00,11:50:00,시발,서해남부선,월화수목금토
근거리,6145,하행,2,화성시,11:59:00,11:59:00,통과,서해남부선,월화수목금토
근거리,6145,하행,3,향남,12:10:00,12:10:00,통과,서해남부선,월화수목금토
근거리,6145,하행,4,안중,12:30:00,12:30:00,종착,서해남부선,월화수목금토
근거리,6146,상행,1,안중,14:27:00,14:27:00,시발,서해남부선,월화수목금
근거리,6146,상행,2,향남,14:47:00,14:47:00,통과,서해남부선,월화수목금
근거리,6146,상행,3,화성시,14:58:00,14:58:00,통과,서해남부선,월화수목금
근거리,6146,상행,4,서화성,15:07:00,15:07:00,종착,서해남부선,월화수목금
근거리,6147,하행,1,서화성,16:15:00,16:15:00,시발,서해남부선,월화수목금
근거리,6147,하행,2,화성시,16:24:00,16:24:00,통과,서해남부선,월화수목금
근거리,6147,하행,3,향남,16:35:00,16:35:00,통과,서해남부선,월화수목금
근거리,6147,하행,4,안중,16:55:00,16:55:00,종착,서해남부선,월화수목금
근거리,6201,하행,1,신탄진,18:26:00,18:26:00,시발,경부선,월화수목금토
근거리,6201,하행,2,회덕,18:31:00,18:31:00,통과,경부선,월화수목금토
근거리,6201,하행,3,대전조,18:35:00,18:35:00,종착,경부선,월화수목금토
근거리,6202,상행,1,대전조,08:38:00,08:38:00,시발,경부선,월화수목금토
근거리,6202,상행,2,회덕,08:43:00,08:43:00,통과,경부선,월화수목금토
근거리,6202,상행,3,신탄진,08:49:00,08:49:00,종착,경부선,월화수목금토
근거리,6212,상행,1,대전조,08:25:00,08:25:00,시발,경부선,월화수목금
근거리,6212,상행,2,회덕,08:32:00,08:32:00,통과,경부선,월화수목금
근거리,6212,상행,3,신탄진,08:38:00,08:38:00,통과,경부선,월화수목금
근거리,6212,상행,4,매포,08:44:00,08:44:00,통과,경부선,월화수목금
근거리,6212,상행,5,부강,08:49:00,09:17:00,화물취급,경부선,월화수목금
근거리,6212,상행,6,내판,09:22:00,09:22:00,통과,경부선,월화수목금
근거리,6212,상행,7,조치원,09:27:00,09:27:00,통과,경부선,월화수목금
근거리,6212,상행,8,오송,09:32:00,09:58:00,화물취급,충북선,월화수목금
근거리,6212,상행,9,청주,10:06:00,10:06:00,종착,충북선,월화수목금
근거리,6213,하행,1,청주,14:46:00,14:46:00,시발,충북선,월화수목금
근거리,6213,하행,2,오송,14:54:00,15:25:00,화물취급,충북선,월화수목금
근거리,6213,하행,3,조치원,15:32:00,15:32:00,통과,충북선,월화수목금
근거리,6213,하행,4,내판,15:37:00,15:37:00,통과,경부선,월화수목금
근거리,6213,하행,5,부강,15:42:00,16:12:00,화물취급,경부선,월화수목금
근거리,6213,하행,6,매포,16:17:00,16:17:00,통과,경부선,월화수목금
근거리,6213,하행,7,신탄진,16:23:30,16:23:30,통과,경부선,월화수목금
근거리,6213,하행,8,회덕,16:28:00,16:28:00,통과,경부선,월화수목금
근거리,6213,하행,9,대전조,16:33:00,16:33:00,종착,경부선,월화수목금
근거리,6215,하행,1,대전조,12:55:00,12:55:00,시발,호남선,월화수목금
근거리,6215,하행,2,서대전,13:03:00,13:03:00,통과,호남선,월화수목금
근거리,6215,하행,3,가수원,13:08:00,13:08:00,통과,호남선,월화수목금
근거리,6215,하행,4,흑석리,13:13:00,13:13:00,종착,호남선,월화수목금
근거리,6216,상행,1,흑석리,13:53:00,13:53:00,시발,호남선,월화수목금
근거리,6216,상행,2,가수원,13:58:00,13:58:00,통과,호남선,월화수목금
근거리,6216,상행,3,서대전,14:04:00,14:04:00,통과,호남선,월화수목금
근거리,6216,상행,4,대전조,14:11:00,14:11:00,종착,호남선,월화수목금
근거리,6217,하행,1,부강,15:30:00,15:30:00,시발,부강화물선,월화수목금
근거리,6217,하행,2,부강화,15:40:00,15:40:00,종착,부강화물선,월화수목금
근거리,6218,상행,1,부강화,12:45:00,12:45:00,시발,부강화물선,월화수목금
근거리,6218,상행,2,부강,12:55:00,12:55:00,종착,부강화물선,월화수목금
근거리,6261,하행,1,두정,10:11:00,10:11:00,시발,천안직결선,월화수목금
근거리,6261,하행,2,천안,10:18:00,10:18:00,종착,천안직결선,월화수목금
근거리,6262,상행,1,천안,09:04:00,09:04:00,시발,천안직결선,월화수목금
근거리,6262,상행,2,두정,09:11:00,09:11:00,종착,천안직결선,월화수목금
근거리,6263,하행,1,두정,12:34:00,12:34:00,시발,천안직결선,월화수목금
근거리,6263,하행,2,천안,12:41:00,12:41:00,종착,천안직결선,월화수목금
근거리,6264,상행,1,천안,10:57:00,10:57:00,시발,천안직결선,월화수목금
근거리,6264,상행,2,두정,11:04:00,11:04:00,종착,천안직결선,월화수목금
근거리,6265,하행,1,두정,15:50:00,15:50:00,시발,천안직결선,월화수목금
근거리,6265,하행,2,천안,15:57:00,15:57:00,종착,천안직결선,월화수목금
근거리,6266,상행,1,천안,14:57:00,14:57:00,시발,천안직결선,월화수목금
근거리,6266,상행,2,두정,15:04:00,15:04:00,종착,천안직결선,월화수목금
근거리,6267,하행,1,천안,16:32:00,16:32:00,시발,장항선,금토
근거리,6267,하행,2,봉명,16:35:00,16:35:00,통과,장항선,금토
근거리,6267,하행,3,쌍용나,16:37:00,16:37:00,통과,장항선,금토
근거리,6267,하행,4,아산,16:39:00,16:39:00,통과,장항선,금토
근거리,6267,하행,5,탕정,16:40:30,16:40:30,통과,장항선,금토
근거리,6267,하행,6,배방,16:43:30,16:43:30,통과,장항선,금토
근거리,6267,하행,7,온양온,16:48:00,16:48:00,통과,장항선,금토
근거리,6267,하행,8,신창,16:52:30,16:52:30,통과,장항선,금토
근거리,6267,하행,9,도고온,16:57:30,16:57:30,통과,장항선,금토
근거리,6267,하행,10,신례원,17:01:30,17:01:30,통과,장항선,금토
근거리,6267,하행,11,예산,17:06:00,17:06:00,통과,장항선,금토
근거리,6267,하행,12,삽교,17:12:30,17:12:30,통과,장항선,금토
근거리,6267,하행,13,화양,17:18:00,17:18:00,통과,장항선,금토
근거리,6267,하행,14,홍성,17:24:00,17:24:00,종착,장항선,금토
근거리,6268,상행,1,홍성,17:48:00,17:48:00,시발,장항선,금토
근거리,6268,상행,2,화양,17:54:00,17:54:00,통과,장항선,금토
근거리,6268,상행,3,삽교,18:00:00,18:00:00,통과,장항선,금토
근거리,6268,상행,4,예산,18:07:00,18:07:00,통과,장항선,금토
근거리,6268,상행,5,신례원,18:11:30,18:11:30,통과,장항선,금토
근거리,6268,상행,6,도고온,18:15:30,18:15:30,통과,장항선,금토
근거리,6268,상행,7,신창,18:20:30,18:20:30,통과,장항선,금토
근거리,6268,상행,8,온양온,18:25:00,18:25:00,통과,장항선,금토
근거리,6268,상행,9,배방,18:29:30,18:29:30,통과,장항선,금토
근거리,6268,상행,10,탕정,18:32:30,18:32:30,통과,장항선,금토
근거리,6268,상행,11,아산,18:34:00,18:34:00,통과,장항선,금토
근거리,6268,상행,12,쌍용나,18:36:00,18:36:00,통과,장항선,금토
근거리,6268,상행,13,봉명,18:38:00,18:38:00,통과,장항선,금토
근거리,6268,상행,14,천안,18:41:00,18:41:00,종착,장항선,금토
근거리,6301,하행,1,황등,15:15:00,15:15:00,시발,호남선,월수
근거리,6301,하행,2,익산,15:23:00,15:23:00,종착,호남선,월수
근거리,6302,상행,1,동산,13:34:00,13:34:00,시발,전라선,월수
근거리,6302,상행,2,삼례,13:39:00,13:39:00,통과,전라선,월수
근거리,6302,상행,3,동익산,13:48:00,13:48:00,통과,전라선,월수
근거리,6302,상행,4,익산,13:51:30,13:54:30,승무원교대,전라선,월수
근거리,6302,상행,5,황등,14:03:00,14:03:00,종착,호남선,월수
근거리,6341,하행,1,순천,06:50:00,06:50:00,시발,경전선,매일
근거리,6341,하행,2,평화,06:56:00,06:56:00,통과,경전선,매일
근거리,6341,하행,3,광양,07:02:00,07:32:00,운전취급,경전선,매일
근거리,6341,하행,4,초남,07:41:00,07:41:00,통과,광양제철선,매일
근거리,6341,하행,5,황길,07:50:00,07:50:00,통과,광양제철선,매일
근거리,6341,하행,6,태금,08:00:00,08:00:00,종착,광양제철선,매일
근거리,6342,상행,1,태금,10:44:00,10:44:00,시발,광양제철선,매일
근거리,6342,상행,2,황길,10:52:00,10:52:00,통과,광양제철선,매일
근거리,6342,상행,3,초남,11:01:00,11:03:00,교행,광양제철선,매일
근거리,6342,상행,4,광양,11:10:00,11:40:00,화물취급,광양제철선,매일
근거리,6342,상행,5,평화,11:45:00,11:45:00,통과,경전선,매일
근거리,6342,상행,6,순천,11:51:00,11:51:00,종착,경전선,매일
근거리,6345,하행,1,순천,08:44:00,08:44:00,시발,전라선,매일
근거리,6345,하행,2,성산,08:50:00,08:50:00,통과,전라선,매일
근거리,6345,하행,3,율촌,08:55:00,08:55:00,통과,전라선,매일
근거리,6345,하행,4,덕양,09:02:00,09:02:00,통과,전라선,매일
근거리,6345,하행,5,여천,09:07:00,09:07:00,통과,전라선,매일
근거리,6345,하행,6,엑스포,09:17:00,09:17:00,종착,전라선,매일
근거리,6346,상행,1,엑스포,12:20:00,12:20:00,시발,전라선,매일
근거리,6346,상행,2,여천,12:30:00,12:30:00,통과,전라선,매일
근거리,6346,상행,3,덕양,12:35:00,12:35:00,통과,전라선,매일
근거리,6346,상행,4,율촌,12:41:00,12:41:00,통과,전라선,매일
근거리,6346,상행,5,성산,12:45:00,12:45:00,통과,전라선,매일
근거리,6346,상행,6,순천,12:51:00,12:51:00,종착,전라선,매일
근거리,6401,하행,1,제천,09:20:00,09:20:00,시발,중앙선,월화수목금
근거리,6401,하행,2,고명,09:26:00,09:26:00,종착,중앙선,월화수목금
근거리,6403,하행,1,제천,14:24:00,14:24:00,시발,중앙선,월화수목금
근거리,6403,하행,2,고명,14:30:00,14:30:00,종착,중앙선,월화수목금
근거리,6404,상행,1,도담,11:48:00,11:48:00,시발,중앙선,매일
근거리,6404,상행,2,삼곡,11:56:00,11:56:00,통과,중앙선,매일
근거리,6404,상행,3,고명,12:03:00,12:25:00,화물취급,중앙선,매일
근거리,6404,상행,4,제천,12:31:00,12:31:00,종착,중앙선,매일
근거리,6405,하행,1,제천,08:40:00,08:40:00,시발,중앙선,매일
근거리,6405,하행,2,고명,08:45:00,08:45:00,통과,중앙선,매일
근거리,6405,하행,3,삼곡,08:50:00,08:50:00,통과,중앙선,매일
근거리,6405,하행,4,도담,08:58:00,08:58:00,종착,중앙선,매일
근거리,6406,상행,1,도담,18:00:00,18:00:00,시발,중앙선,매일
근거리,6406,상행,2,삼곡,18:08:00,18:08:00,통과,중앙선,매일
근거리,6406,상행,3,고명,18:14:00,18:14:00,통과,중앙선,매일
근거리,6406,상행,4,제천,18:19:00,18:19:00,통과,중앙선,매일
근거리,6406,상행,5,제천조,18:24:00,18:24:00,종착,중앙선,매일
근거리,6407,하행,1,제천,13:03:00,13:03:00,시발,중앙선,매일
근거리,6407,하행,2,고명,13:08:00,13:08:00,통과,중앙선,매일
근거리,6407,하행,3,삼곡,13:13:00,13:13:00,통과,중앙선,매일
근거리,6407,하행,4,도담,13:21:00,13:21:00,종착,중앙선,매일
근거리,6421,하행,1,제천,07:55:00,07:55:00,시발,태백선,월화수목금토
근거리,6421,하행,2,입석리,08:13:30,08:13:30,통과,태백선,월화수목금토
근거리,6421,하행,3,쌍룡,08:19:30,08:24:30,교행,태백선,월화수목금토
근거리,6421,하행,4,연당,08:34:30,08:34:30,통과,태백선,월화수목금토
근거리,6421,하행,5,청령포,08:42:00,08:42:00,통과,태백선,월화수목금토
근거리,6421,하행,6,영월,08:46:00,08:46:00,통과,태백선,월화수목금토
근거리,6421,하행,7,탄부,08:49:30,08:49:30,통과,태백선,월화수목금토
근거리,6421,하행,8,연하,08:56:30,08:56:30,통과,태백선,월화수목금토
근거리,6421,하행,9,석항,09:05:00,09:05:00,통과,태백선,월화수목금토
근거리,6421,하행,10,예미,09:11:00,09:11:00,종착,태백선,월화수목금토
근거리,6424,상행,1,예미,16:55:00,16:55:00,시발,태백선,월화수목금토
근거리,6424,상행,2,석항,17:02:00,17:02:00,통과,태백선,월화수목금토
근거리,6424,상행,3,연하,17:11:00,17:11:00,통과,태백선,월화수목금토
근거리,6424,상행,4,탄부,17:17:00,17:17:00,통과,태백선,월화수목금토
근거리,6424,상행,5,영월,17:20:00,17:20:00,통과,태백선,월화수목금토
근거리,6424,상행,6,청령포,17:23:30,17:23:30,통과,태백선,월화수목금토
근거리,6424,상행,7,연당,17:30:00,17:30:00,통과,태백선,월화수목금토
근거리,6424,상행,8,쌍룡,17:38:30,18:08:30,화물취급,태백선,월화수목금토
근거리,6424,상행,9,입석리,18:13:30,18:13:30,통과,태백선,월화수목금토
근거리,6424,상행,10,제천,18:29:00,18:29:00,종착,태백선,월화수목금토
근거리,6425,하행,1,제천,12:10:00,12:10:00,시발,태백선,월화수목금토
근거리,6425,하행,2,입석리,12:28:30,12:28:30,통과,태백선,월화수목금토
근거리,6425,하행,3,쌍룡,12:34:30,12:54:30,화물취급,태백선,월화수목금토
근거리,6425,하행,4,연당,13:04:30,13:04:30,통과,태백선,월화수목금토
근거리,6425,하행,5,청령포,13:12:00,13:12:00,통과,태백선,월화수목금토
근거리,6425,하행,6,영월,13:16:00,13:16:00,통과,태백선,월화수목금토
근거리,6425,하행,7,탄부,13:19:30,13:19:30,통과,태백선,월화수목금토
근거리,6425,하행,8,연하,13:26:00,13:26:00,통과,태백선,월화수목금토
근거리,6425,하행,9,석항,13:34:00,13:34:00,통과,태백선,월화수목금토
근거리,6425,하행,10,예미,13:39:00,13:39:00,종착,태백선,월화수목금토
근거리,6426,상행,1,예미,15:00:00,15:00:00,시발,태백선,월화수목금토
근거리,6426,상행,2,석항,15:06:00,15:06:00,통과,태백선,월화수목금토
근거리,6426,상행,3,연하,15:14:30,15:14:30,통과,태백선,월화수목금토
근거리,6426,상행,4,탄부,15:21:00,15:21:00,통과,태백선,월화수목금토
근거리,6426,상행,5,영월,15:24:30,15:24:30,통과,태백선,월화수목금토
근거리,6426,상행,6,청령포,15:28:30,15:28:30,통과,태백선,월화수목금토
근거리,6426,상행,7,연당,15:36:00,15:40:00,교행,태백선,월화수목금토
근거리,6426,상행,8,쌍룡,15:50:00,15:50:00,통과,태백선,월화수목금토
근거리,6426,상행,9,입석리,15:57:00,15:57:00,통과,태백선,월화수목금토
근거리,6426,상행,10,제천,16:15:00,16:15:00,종착,태백선,월화수목금토
근거리,6441,하행,1,동해,09:05:00,09:05:00,시발,묵호항선,월화수목금
근거리,6441,하행,2,묵호항,09:15:00,09:15:00,종착,묵호항선,월화수목금
근거리,6442,상행,1,묵호항,12:40:00,12:40:00,시발,묵호항선,월화수목금
근거리,6442,상행,2,동해,12:50:00,12:50:00,종착,묵호항선,월화수목금
근거리,6451,하행,1,철암,09:48:00,09:48:00,시발,영동선,월화수목금
근거리,6451,하행,2,백산,09:55:30,09:55:30,통과,영동선,월화수목금
근거리,6451,하행,3,동백산,09:59:00,09:59:00,종착,영동선,월화수목금
근거리,6452,상행,1,동해,07:53:00,07:53:00,시발,영동선,월화수목금
근거리,6452,상행,2,도경리,08:04:30,08:04:30,통과,영동선,월화수목금
근거리,6452,상행,3,미로,08:09:30,08:09:30,통과,영동선,월화수목금
근거리,6452,상행,4,상정,08:15:30,08:15:30,통과,영동선,월화수목금
근거리,6452,상행,5,신기,08:22:30,08:22:30,통과,영동선,월화수목금
근거리,6452,상행,6,마차리,08:29:30,08:29:30,통과,영동선,월화수목금
근거리,6452,상행,7,하고사,08:34:00,08:34:00,통과,영동선,월화수목금
근거리,6452,상행,8,고사리,08:36:30,08:36:30,통과,영동선,월화수목금
근거리,6452,상행,9,도계,08:42:30,08:42:30,통과,영동선,월화수목금
근거리,6452,상행,10,도계솔,08:44:00,08:44:00,통과,영동선,월화수목금
근거리,6452,상행,11,솔안,08:53:00,08:58:00,교행,영동선,월화수목금
근거리,6452,상행,12,동백산,09:11:00,09:11:00,통과,영동선,월화수목금
근거리,6452,상행,13,백산,09:13:00,09:13:00,통과,영동선,월화수목금
근거리,6452,상행,14,철암,09:19:00,09:19:00,종착,영동선,월화수목금
근거리,6454,상행,1,동백산,10:50:00,10:50:00,시발,영동선,월화수목금
근거리,6454,상행,2,백산,10:53:00,10:53:00,통과,영동선,월화수목금
근거리,6454,상행,3,철암,11:02:00,11:02:00,종착,영동선,월화수목금
근거리,6455,하행,1,철암,17:01:00,17:01:00,시발,영동선,월화수목금
근거리,6455,하행,2,백산,17:08:00,17:08:00,통과,영동선,월화수목금
근거리,6455,하행,3,태백분,17:12:00,17:12:00,통과,태백선,월화수목금
근거리,6455,하행,4,문곡,17:17:00,17:20:00,운전취급,태백선,월화수목금
근거리,6455,하행,5,태백분,17:24:00,17:24:00,통과,태백선,월화수목금
근거리,6455,하행,6,동백산,17:26:00,17:26:00,통과,태백삼각선,월화수목금
근거리,6455,하행,7,솔안,17:38:00,17:38:00,통과,영동선,월화수목금
근거리,6455,하행,8,도계솔,17:47:00,17:47:00,통과,영동선,월화수목금
근거리,6455,하행,9,도계,17:48:30,17:48:30,통과,영동선,월화수목금
근거리,6455,하행,10,고사리,17:54:00,17:54:00,통과,영동선,월화수목금
근거리,6455,하행,11,하고사,17:56:00,17:56:00,통과,영동선,월화수목금
근거리,6455,하행,12,마차리,18:00:00,18:06:30,교행,영동선,월화수목금
근거리,6455,하행,13,신기,18:13:00,18:20:30,교행,영동선,월화수목금
근거리,6455,하행,14,상정,18:27:00,18:30:30,교행,영동선,월화수목금
근거리,6455,하행,15,미로,18:36:00,18:36:00,통과,영동선,월화수목금
근거리,6455,하행,16,도경리,18:41:00,18:41:00,통과,영동선,월화수목금
근거리,6455,하행,17,동해,18:52:00,18:52:00,종착,영동선,월화수목금
근거리,6501,하행,1,가야,08:30:00,08:30:00,시발,가야선,매일
근거리,6501,하행,2,범일,08:36:00,08:36:00,통과,가야선,매일
근거리,6501,하행,3,부산진,08:40:00,08:40:00,종착,동해선,매일
근거리,6502,상행,1,부산진,00:12:00,00:12:00,시발,동해선,매일
근거리,6502,상행,2,범일,00:16:00,00:16:00,통과,동해선,매일
근거리,6502,상행,3,가야,00:20:00,00:20:00,종착,가야선,매일
근거리,6503,하행,1,가야,05:50:00,05:50:00,시발,가야선,매일
근거리,6503,하행,2,범일,05:55:00,05:55:00,통과,가야선,매일
근거리,6503,하행,3,부산진,05:58:00,05:58:00,통과,동해선,매일
근거리,6503,하행,4,부산,06:02:00,06:02:00,종착,경부선,매일
근거리,6504,상행,1,부산,00:21:00,00:21:00,시발,경부동해선,매일
근거리,6504,상행,2,부산진,00:25:00,00:25:00,통과,경부동해선,매일
근거리,6504,상행,3,범일,00:28:00,00:28:00,통과,동해선,매일
근거리,6504,상행,4,가야,00:33:00,00:33:00,종착,가야선,매일
근거리,6510,상행,1,온산,11:50:00,11:50:00,시발,온산선,매일
근거리,6510,상행,2,남창,12:01:00,12:01:00,통과,온산선,매일
근거리,6510,상행,3,망양,12:05:00,12:05:00,통과,동해선,매일
근거리,6510,상행,4,덕하,12:09:30,12:09:30,통과,동해선,매일
근거리,6510,상행,5,개운포,12:12:00,12:12:00,통과,동해선,매일
근거리,6510,상행,6,태화강,12:18:00,12:18:00,종착,동해선,매일
근거리,6511,하행,1,태화강,13:38:00,13:38:00,시발,동해선,매일
근거리,6511,하행,2,개운포,13:44:00,13:44:00,통과,동해선,매일
근거리,6511,하행,3,덕하,13:46:30,13:46:30,통과,동해선,매일
근거리,6511,하행,4,망양,13:50:30,13:50:30,통과,동해선,매일
근거리,6511,하행,5,남창,13:55:00,13:55:00,통과,동해선,매일
근거리,6511,하행,6,온산,14:06:00,14:06:00,종착,온산선,매일
근거리,6512,상행,1,온산,14:44:00,14:44:00,시발,온산선,매일
근거리,6512,상행,2,남창,14:55:00,14:55:00,통과,온산선,매일
근거리,6512,상행,3,망양,14:59:00,14:59:00,통과,동해선,매일
근거리,6512,상행,4,덕하,15:03:30,15:03:30,통과,동해선,매일
근거리,6512,상행,5,개운포,15:06:00,15:06:00,통과,동해선,매일
근거리,6512,상행,6,태화강,15:12:00,15:12:00,종착,동해선,매일
근거리,6515,하행,1,가야,09:32:00,09:32:00,시발,부전선,매일
근거리,6515,하행,2,부전,09:37:00,09:37:00,종착,부전선,매일
근거리,6516,상행,1,부전,11:30:00,11:30:00,시발,부전선,매일
근거리,6516,상행,2,가야,11:35:00,11:35:00,종착,부전선,매일
근거리,6521,하행,1,포항,08:56:00,08:56:00,시발,동해선,매일
근거리,6521,하행,2,부조,09:06:30,09:10:30,운전취급,동해선,매일
근거리,6521,하행,3,효자,09:17:00,09:17:00,통과,괴동선,매일
근거리,6521,하행,4,괴동,09:25:00,09:25:00,종착,괴동선,매일
근거리,6522,상행,1,괴동,17:57:00,17:57:00,시발,괴동선,매일
근거리,6522,상행,2,효자,18:05:00,18:05:00,통과,괴동선,매일
근거리,6522,상행,3,부조,18:11:30,18:14:30,운전취급,괴동선,매일
근거리,6522,상행,4,포항,18:25:00,18:25:00,종착,동해선,매일
근거리,6551,하행,1,동대구,13:05:00,13:05:00,시발,경부선,월화수목금
근거리,6551,하행,2,고모,13:09:00,13:09:00,통과,경부선,월화수목금
근거리,6551,하행,3,가천,13:13:00,13:13:00,종착,경부선,월화수목금
근거리,6552,상행,1,가천,16:12:00,16:12:00,시발,대구선,월화수목금
근거리,6552,상행,2,고모,16:15:00,16:15:00,통과,대구선,월화수목금
근거리,6552,상행,3,동대구,16:21:00,16:21:00,종착,대구선,월화수목금
근거리,6601,하행,1,태화강,06:30:00,06:30:00,시발,동해선,일화수목금토
근거리,6601,하행,2,개운포,06:36:00,06:36:00,통과,동해선,일화수목금토
근거리,6601,하행,3,덕하,06:39:00,06:39:00,통과,동해선,일화수목금토
근거리,6601,하행,4,망양,06:44:00,07:02:00,운전취급,동해선,일화수목금토
근거리,6601,하행,5,용암,07:08:00,07:08:00,종착,울산신항선,일화수목금토
근거리,6602,상행,1,용암,07:50:00,07:50:00,시발,울산신항선,일화수목금토
근거리,6602,상행,2,망양,07:56:00,08:16:00,화물취급,울산신항선,일화수목금토
근거리,6602,상행,3,덕하,08:20:30,08:20:30,통과,동해선,일화수목금토
근거리,6602,상행,4,개운포,08:23:00,08:23:00,통과,동해선,일화수목금토
근거리,6602,상행,5,태화강,08:29:00,08:29:00,종착,동해선,일화수목금토
근거리,6603,하행,1,태화강,12:55:00,12:55:00,시발,동해선,매일
근거리,6603,하행,2,개운포,13:01:00,13:01:00,통과,동해선,매일
근거리,6603,하행,3,덕하,13:05:00,13:05:00,통과,동해선,매일
근거리,6603,하행,4,망양,13:10:00,13:25:00,운전취급,동해선,매일
근거리,6603,하행,5,용암,13:31:00,13:31:00,종착,울산신항선,매일
근거리,6604,상행,1,용암,13:52:00,13:52:00,시발,울산신항선,매일
근거리,6604,상행,2,망양,13:58:00,14:13:00,화물취급,울산신항선,매일
근거리,6604,상행,3,덕하,14:17:30,14:17:30,통과,동해선,매일
근거리,6604,상행,4,개운포,14:20:00,14:20:00,통과,동해선,매일
근거리,6604,상행,5,태화강,14:26:00,14:26:00,종착,동해선,매일
